Module,Create,Read,Update,Delete,Send,Receive,Executes
LGTESTP3,,,,,SSMAP,SSMAPP3,
LGICDB01,,CUSTOMER,,,,,
LGTESTC1,,,,,SSMAP,SSMAPC1,
OLDACDB2,CUSTOMER_SECURE,,,,,,
LGACDB01,CUSTOMER,,,,,,
LGAPDB01,CLAIM,POLICY,,,,,
LGAPDB01,COMMERCIAL,,,,,,
LGAPDB01,ENDOWMENT,,,,,,
LGAPDB01,HOUSE,,,,,,
LGAPDB01,MOTOR,,,,,,
LGAPDB01,POLICY,,,,,,
LGUPDB01,,POLICY,ENDOWMENT,,,,
LGUPDB01,,,HOUSE,,,,
LGUPDB01,,,ISSUEDATE,,,,
LGUPDB01,,,MOTOR,,,,
LGUPDB01,,,POLICY,,,,
LGUCDB01,,,CUSTOMER,,,,
LGTESTP1,,,,,SSMAP,SSMAPP1,
LGTESTP4,,,,,SSMAP,SSMAPP4,
LGTESTP2,,,,,SSMAP,SSMAPP2,
LGDPDB01,,,,POLICY,,,
LGIPDB01,,CLAIM,,,,,
LGIPDB01,,COMMERCIAL,,,,,
LGIPDB01,,ENDOWMENT,,,,,
LGIPDB01,,HOUSE,,,,,
LGIPDB01,,MOTOR,,,,,
LGIPDB01,,POLICY,,,,,
LGACDB02,CUSTOMER_SECURE,,,,,,
OLDACDB1,CUSTOMER,,,,,,
