ABCODE,WS_ANY_CHILD_FETCH_ABCODE WS_ABCODE ABCODE ,CRECUST BNK1CCS DELACC 
ABEND,MY_ABEND_CODE HANDLE_ABEND ABEND_HANDLING ABEND ,INQACC BNK1CCS INQACC CRECUST 
ABND,WS_ABND_AREA ABND_VSAM_KEY ABND_UTIME_KEY ABND_TRANID ABND_TIME ABND_TASKNO_KEY ABND_SQLCODE ABND_RESPCODE ABND_RESP2CODE ABND_PROGRAM ABND_FREEFORM ABND_DATE ABND_CODE ABND_APPLID ,ABNDPROC ABNDPROC DELACC DELACC DELACC DELACC DELACC DELACC DELACC DELACC DELACC DELACC DELACC DELACC 
ABNDINFO,ABNDINFO_REC ,DELACC 
ABSTIME,ABSTIME ,UPDACC 
ACC,WS_COMM_ACC_TYPE SUBPGM_ACC_TYPE NCS_ACC_NO_VALUE NCS_ACC_NO_TEST_SORT NCS_ACC_NO_NAME NCS_ACC_NO_INC NCS_ACC_NO_DISP INQACC_ACC_TYPE HV_PROCTRAN_ACC_NUMBER HV_ACCOUNT_ACC_TYPE HV_ACCOUNT_ACC_NO DESIRED_ACC_NO DELACC_ACC_TYPE COMM_ACC_TYPE ,BNK1DAC BNK1CAC INQACC CREACC INQACC CREACC CREACC INQACC DELACC UPDACC UPDACC UPDACC DELACC UPDACC 
ACCNO,WS_COMM_ACCNO SUBPGM_ACCNO STORED_ACCNO PARMS_SUBPGM_ACCNO INQACC_ACCNO DELACC_COMM_ACCNO DELACC_ACCNO COMM_ACCNO ,BNK1CRA BNK1CRA CREACC BNK1DAC INQACC DELCUS DELACC UPDACC 
ACCNO2I,ACCNO2I ,BNK1DAC 
ACCNO2O,ACCNO2O ,BNK1DAC 
ACCNOI,ACCNOI ,BNK1CRA 
ACCNOL,ACCNOL ,BNK1CRA 
ACCNOO,ACCNOO ,BNK1CRA 
ACCOUNT,WS_ACCOUNT_TYPE WS_ACCOUNT_OVERDRAFT_LIM WS_ACCOUNT_OPENED_YEAR WS_ACCOUNT_OPENED_MONTH WS_ACCOUNT_OPENED_DAY WS_ACCOUNT_NUMBER WS_ACCOUNT_INT_RATE PROC_TY_BRANCH_DELETE_ACCOUNT PROC_TRAN_DESC_XFR_ACCOUNT LAST_ACCOUNT_NUMBER HV_ACCOUNT_TYPE HV_ACCOUNT_SORT_CODE HV_ACCOUNT_SORTCODE HV_ACCOUNT_OVERDRAFT_LIMIT HV_ACCOUNT_OVERDRAFT_LIM HV_ACCOUNT_OPENED_YEAR HV_ACCOUNT_OPENED_MONTH HV_ACCOUNT_OPENED_DELIM2 HV_ACCOUNT_OPENED_DELIM1 HV_ACCOUNT_OPENED_DAY HV_ACCOUNT_OPENED HV_ACCOUNT_NUMBER HV_ACCOUNT_NEXT_STMT_YEAR HV_ACCOUNT_NEXT_STMT_MONTH HV_ACCOUNT_NEXT_STMT_DELIM2 HV_ACCOUNT_NEXT_STMT_DELIM1 HV_ACCOUNT_NEXT_STMT_DAY HV_ACCOUNT_NEXT_STMT HV_ACCOUNT_LAST_STMT_YEAR HV_ACCOUNT_LAST_STMT_MONTH HV_ACCOUNT_LAST_STMT_DELIM2 HV_ACCOUNT_LAST_STMT_DELIM1 HV_ACCOUNT_LAST_STMT_DAY HV_ACCOUNT_LAST_STMT HV_ACCOUNT_INT_RATE HV_ACCOUNT_INTEREST_RATE HV_ACCOUNT_EYECATCHER HV_ACCOUNT_CUST_NO HV_ACCOUNT_AVAIL_BAL HV_ACCOUNT_AVAILABLE_BALANCE HV_ACCOUNT_ACTUAL_BALANCE HV_ACCOUNT_ACTUAL_BAL HV_ACCOUNT_ACC_TYPE HV_ACCOUNT_ACC_NO HOST_ACCOUNT_ROW ACCOUNT_TYPES_PTR ACCOUNT_TYPES_COUNT ACCOUNT_TYPE ACCOUNT_SORT_CODE ACCOUNT_OVERDRAFT_LIMIT ACCOUNT_OVERDRAFT_COUNT ACCOUNT_OPENED_YEAR ACCOUNT_OPENED_MONTH ACCOUNT_OPENED_DAY ACCOUNT_OPENED ACCOUNT_NUMBER ACCOUNT_NEXT_STMT_YEAR ACCOUNT_NEXT_STMT_MONTH ACCOUNT_NEXT_STMT_DAY ACCOUNT_NEXT_STMT_DATE ACCOUNT_LAST_STMT_YEAR ACCOUNT_LAST_STMT_MONTH ACCOUNT_LAST_STMT_DAY ACCOUNT_LAST_STMT_DATE ACCOUNT_INT_RATES_COUNT ACCOUNT_INTEREST_RATE ACCOUNT_EYE_CATCHER ACCOUNT_CUST_NO ACCOUNT_AVAILABLE_BALANCE ACCOUNT_ACT_BAL_STORE ACCOUNT_ACTUAL_BALANCE ,BANKDATA BANKDATA BANKDATA BANKDATA BANKDATA BANKDATA BANKDATA DELACC XFRFUN BANKDATA BANKDATA BANKDATA UPDACC BANKDATA UPDACC BANKDATA BANKDATA BANKDATA BANKDATA BANKDATA UPDACC BANKDATA BANKDATA BANKDATA BANKDATA BANKDATA BANKDATA UPDACC BANKDATA BANKDATA BANKDATA BANKDATA BANKDATA UPDACC UPDACC BANKDATA UPDACC UPDACC UPDACC BANKDATA BANKDATA UPDACC UPDACC UPDACC XFRFUN BANKDATA BANKDATA DELACC DELACC DELACC BANKDATA DELACC DELACC DELACC DELACC DELACC DELACC DELACC DELACC DELACC DELACC DELACC DELACC DELACC BANKDATA DELACC DELACC DELACC DELACC DELACC DELACC 
ACCOUNTS,NUMBER_OF_ACCOUNTS NO_OF_ACCOUNTS ,BANKDATA BANKDATA 
ACCT,REQUIRED_ACCT_NUMBER3 ,CREACC 
ACCTYPE,WS_COMM_ACCTYPE STORED_ACCTYPE PROC_DESC_DELACC_ACCTYPE ,BNK1CAC CREACC DELACC 
ACCTYPI,ACCTYPI ,BNK1CAC 
ACCTYPL,ACCTYPL ,BNK1CAC 
ACCTYPO,ACCTYPO ,BNK1CAC 
ACT,SUBPGM_ACT_BAL COMM_ACT_BAL ACCOUNT_ACT_BAL_STORE ,BNK1CRA DBCRFUN DELACC 
ACTBALI,ACTBALI ,BNK1UAC 
ACTBALO,ACTBALO ,BNK1CRA 
ACTION,ACTION_ALPHA ,BNKMENU 
ACTIONI,ACTIONI ,BNKMENU 
ACTIONL,ACTIONL ,BNKMENU 
ACTUAL,WS_COMM_ACTUAL_BAL WS_ACTUAL_CS_SCR TO_ACTUAL_BALANCE_DISPLAY INQACC_ACTUAL_BAL HV_ACCOUNT_ACTUAL_BALANCE HV_ACCOUNT_ACTUAL_BAL FROM_ACTUAL_BALANCE_DISPLAY DELACC_ACTUAL_BAL COMM_ACTUAL_BAL ACTUAL_BALANCE_DISPLAY ACCOUNT_ACTUAL_BALANCE ,BNK1DAC CRECUST BNK1TFN INQACC BANKDATA UPDACC BNK1TFN DELACC UPDACC BNK1CRA DELACC 
ACTYPEI,ACTYPEI ,BNK1UAC 
ACTYPEL,ACTYPEL ,BNK1UAC 
ACTYPEO,ACTYPEO ,BNK1DAC 
ACTual,ACTual_balance_display ,BNK1DAC 
ADD,WS_REVIEW_DATE_ADD ,CRECUST 
ADDR,WS_COMM_ADDR WS_ADDR_SPLIT3 WS_ADDR_SPLIT2 WS_ADDR_SPLIT1 WS_ADDR_SPLIT INQCUST_ADDR COMM_ADDR_UPD_SPLIT COMM_ADDR_UPD3 COMM_ADDR_UPD2 COMM_ADDR_UPD1 COMM_ADDR_SPLIT3 COMM_ADDR_SPLIT2 COMM_ADDR_SPLIT1 COMM_ADDR_SPLIT COMM_ADDR ,BNK1DCS BNK1CCS BNK1CCS BNK1CCS BNK1CCS INQCUST BNK1DCS BNK1DCS BNK1DCS BNK1DCS BNK1DCS BNK1DCS BNK1DCS BNK1DCS DELCUS 
ADDRESS,WS_STOREDC_ADDRESS SUBPGM_ADDRESS CUSTOMER_ADDRESS COMM_ADDRESS ,DELCUS BNK1CCS CRECUST CRECUST 
AGE,WS_CUSTOMER_AGE ,CRECUST 
ALARM,ALARM ,BNKMENU 
ALPHA,ACTION_ALPHA ,BNKMENU 
ALPHABET,TITLE_ALPHABET ,BANKDATA 
AMOUNT,WS_AMOUNT_UNSTR_REVERSE WS_AMOUNT_UNSTR_L WS_AMOUNT_UNSTR WS_AMOUNT_AS_FLOAT HV_PROCTRAN_AMOUNT ,BNK1CRA BNK1CRA BNK1CRA BNK1CRA DELACC 
AMT,WS_DELAY_AMT WS_COMM_AMT SUBPGM_AMT COMM_AMT ,CRDTAGY4 BNK1CRA BNK1CRA BNK1CRA 
AMTI,AMTI ,BNK1CRA 
AMTL,AMTL ,BNK1CRA 
ANY,WS_ANY_CHILD_TKN WS_ANY_CHILD_FETCH_TKN WS_ANY_CHILD_FETCH_CHAN WS_ANY_CHILD_FETCH_ABCODE ,CRECUST CRECUST CRECUST CRECUST 
APPLID,WS_APPLID SUBPGM_APPLID DELACC_COMM_APPLID APPLID ABND_APPLID ,DELCUS BNK1CRA DELCUS DELACC DELACC 
AREA,WS_COMM_AREA WS_ABND_AREA PROCTRAN_AREA COMMUNICATION_AREA ,BNK1CRA ABNDPROC XFRFUN BNKMENU 
AS,WS_AMOUNT_AS_FLOAT ,BNK1CRA 
ASIS,ASIS ,BNK1DCS 
ASSOCIATION,ASSOCIATION ,BNK1CRA 
ATTEMPTS,OPENED_DATE_ATTEMPTS ,BANKDATA 
AV,SUBPGM_AV_BAL COMM_AV_BAL ,BNK1CRA DBCRFUN 
AVAIL,WS_COMM_AVAIL_BAL SUBPGM_AVAIL_BAL INQACC_AVAIL_BAL HV_ACCOUNT_AVAIL_BAL DELACC_AVAIL_BAL COMM_AVAIL_BAL ,BNK1DAC BNK1CAC INQACC UPDACC DELACC UPDACC 
AVAILABLE,TO_AVAILABLE_BALANCE_DISPLAY HV_ACCOUNT_AVAILABLE_BALANCE FROM_AVAILABLE_BALANCE_DISPLAY AVAILABLE_BALANCE_DISPLAY ACCOUNT_AVAILABLE_BALANCE ,BNK1TFN BANKDATA BNK1TFN BNK1CRA DELACC 
AVAILO,AVAILO ,BNK1CAC 
AVBALI,AVBALI ,BNK1UAC 
AVBALO,AVBALO ,BNK1CRA 
BAL,WS_COMM_AVAIL_BAL WS_COMM_ACTUAL_BAL SUBPGM_AV_BAL SUBPGM_AVAIL_BAL SUBPGM_ACT_BAL INQACC_AVAIL_BAL INQACC_ACTUAL_BAL HV_ACCOUNT_AVAIL_BAL HV_ACCOUNT_ACTUAL_BAL DELACC_AVAIL_BAL DELACC_ACTUAL_BAL COMM_AV_BAL COMM_AVAIL_BAL COMM_ACT_BAL COMM_ACTUAL_BAL ACCOUNT_ACT_BAL_STORE ,BNK1DAC BNK1DAC BNK1CRA BNK1CAC BNK1CRA INQACC INQACC UPDACC UPDACC DELACC DELACC DBCRFUN UPDACC DBCRFUN UPDACC DELACC 
BALANCE,TO_AVAILABLE_BALANCE_DISPLAY TO_ACTUAL_BALANCE_DISPLAY HV_ACCOUNT_AVAILABLE_BALANCE HV_ACCOUNT_ACTUAL_BALANCE FROM_AVAILABLE_BALANCE_DISPLAY FROM_ACTUAL_BALANCE_DISPLAY AVAILABLE_BALANCE_DISPLAY ACTUAL_BALANCE_DISPLAY ACCOUNT_AVAILABLE_BALANCE ACCOUNT_ACTUAL_BALANCE ,BNK1TFN BNK1TFN BANKDATA BANKDATA BNK1TFN BNK1TFN BNK1CRA BNK1CRA DELACC DELACC 
BIF,BIF ,BNK1CRA 
BIRTH,WS_STOREDC_DATE_OF_BIRTH WS_DATE_OF_BIRTH_LILLIAN WS_DATE_OF_BIRTH_ERROR SUBPGM_BIRTH_YEAR SUBPGM_BIRTH_MONTH SUBPGM_BIRTH_DAY DATE_OF_BIRTH_FOR_CEEDAYS DATE_OF_BIRTH_FORMAT CUSTOMER_DATE_OF_BIRTH CUSTOMER_BIRTH_YEAR CUSTOMER_BIRTH_MONTH CUSTOMER_BIRTH_DAY COMM_DATE_OF_BIRTH COMM_BIRTH_YEAR COMM_BIRTH_MONTH COMM_BIRTH_DAY ,DELCUS CRECUST CRECUST BNK1CCS BNK1CCS BNK1CCS CRECUST CRECUST CRECUST BANKDATA BANKDATA BANKDATA CRECUST CRECUST CRECUST CRECUST 
BNK1CAI,BNK1CAI ,BNK1CAC 
BNK1CAO,BNK1CAO ,BNK1CAC 
BNK1CCI,BNK1CCI ,BNK1CCS 
BNK1CCO,BNK1CCO ,BNK1CCS 
BNK1CDI,BNK1CDI ,BNK1CRA 
BNK1CDO,BNK1CDO ,BNK1CRA 
BNK1DAI,BNK1DAI ,BNK1DAC 
BNK1DAO,BNK1DAO ,BNK1DAC 
BNK1DCI,BNK1DCI ,BNK1DCS 
BNK1DCO,BNK1DCO ,BNK1DCS 
BNK1MEI,BNK1MEI ,BNKMENU 
BNK1MEO,BNK1MEO ,BNKMENU 
BNK1TFI,BNK1TFI ,BNK1TFN 
BNK1TFO,BNK1TFO ,BNK1TFN 
BNK1UAI,BNK1UAI ,BNK1UAC 
BNK1UAO,BNK1UAO ,BNK1UAC 
BRANCH,PROC_TY_BRANCH_DELETE_ACCOUNT ,DELACC 
BUFFER.PREMIERE,PARM_BUFFER.PREMIERE ,BANKDATA 
CARE,DONT_CARE ,CREACC 
CATCHER,ACCOUNT_EYE_CATCHER ,DELACC 
CC,WS_CC_CNT ,CRECUST 
CD,PARMS_SUBPGM_DEL_FAIL_CD INQCUST_INQ_FAIL_CD DELACC_DEL_FAIL_CD COMM_UPD_FAIL_CD COMM_DEL_FAIL_CD ,BNK1DAC INQCUST DELACC BNK1DCS DELCUS 
CEE000,CEE000 ,CRECUST 
CEEDAYS,DATE_OF_BIRTH_FOR_CEEDAYS CEEDAYS_YEAR CEEDAYS_MONTH CEEDAYS_DAY ,CRECUST CRECUST CRECUST CRECUST 
CHAN,WS_CHILD_CHAN WS_ANY_CHILD_FETCH_CHAN ,CRECUST CRECUST 
CHANNEL,WS_CHANNEL_NAME CHANNEL ,CRECUST CRECUST 
CHAR,DOBMMI_CHAR DOBDDI_CHAR ,BNK1CCS BNK1CCS 
CHARACTER,INITIAL_CHARACTER ,BANKDATA 
CHECK,WS_CREDIT_CHECK_ERROR ,CRECUST 
CHILD,WS_CHILD_TKN WS_CHILD_ISSUED_CNT WS_CHILD_FETCH_COMPST WS_CHILD_DATA_CREDIT_SCORE WS_CHILD_DATA WS_CHILD_CONTAINER_LEN WS_CHILD_CHAN WS_ANY_CHILD_TKN WS_ANY_CHILD_FETCH_TKN WS_ANY_CHILD_FETCH_CHAN WS_ANY_CHILD_FETCH_ABCODE CHILD ,CRECUST CRECUST CRECUST CRECUST CRECUST CRECUST CRECUST CRECUST CRECUST CRECUST CRECUST CRECUST 
CHRISTNI,CHRISTNI ,BNK1CCS 
CHRISTNL,CHRISTNL ,BNK1CCS 
CHRISTNO,CHRISTNO ,BNK1CCS 
CICS,WS_CICS_RESP_DISP WS_CICS_RESP2_DISP WS_CICS_RESP2 WS_CICS_RESP WS_CICS_FAIL_MSG ,BNKMENU BNKMENU CRECUST CRECUST BNKMENU 
CNT,WS_RETRIEVED_CNT WS_CNT WS_CHILD_ISSUED_CNT WS_CC_CNT SURNAMES_CNT STREET_NAME_T_CNT STREET_NAME_R_CNT INITIALS_CNT FORENAMES_CNT ,CRECUST BANKDATA CRECUST CRECUST BANKDATA BANKDATA BANKDATA BANKDATA BANKDATA 
CODE,SUBPGM_FAIL_CODE REQUIRED_SORT_CODE MY_ABEND_CODE HV_PROCTRAN_SORT_CODE HV_ACCOUNT_SORT_CODE DISP_REASON_CODE DESIRED_SORT_CODE COMM_FAIL_CODE ACCOUNT_SORT_CODE ABND_CODE ,BNK1CRA DELACC INQACC DELACC BANKDATA BANKDATA UPDACC CRECUST DELACC DELACC 
CODE2,REQUIRED_SORT_CODE2 ,CREACC 
COMM,WS_COMM_UPDATE WS_COMM_TERM WS_COMM_SUCCESS WS_COMM_SIGN WS_COMM_SCODE WS_COMM_OVERDRAFT WS_COMM_OVERDR WS_COMM_OPENED WS_COMM_NEXT_STMT_DT WS_COMM_NAME WS_COMM_LAST_STMT_DT WS_COMM_INT_RATE WS_COMM_INTRT WS_COMM_EYE WS_COMM_DOB WS_COMM_CUSTNO WS_COMM_CS_REVIEW_DATE WS_COMM_CREDIT_SCORE WS_COMM_AVAIL_BAL WS_COMM_AREA WS_COMM_AMT WS_COMM_ADDR WS_COMM_ACTUAL_BAL WS_COMM_ACC_TYPE WS_COMM_ACCTYPE WS_COMM_ACCNO DELACC_COMM_PCB1 DELACC_COMM_APPLID DELACC_COMM_ACCNO COMM_UPD_SUCCESS COMM_UPD_FAIL_CD COMM_UPD COMM_TSCODE COMM_TERM COMM_TAVBAL COMM_TACTBAL COMM_TACCNO COMM_SUCCESS COMM_SORTCODE COMM_SORTC COMM_SIGN COMM_SCODE COMM_PCB_POINTER COMM_PCB1_POINTER COMM_OVERDR_LIM COMM_OVERDRAFT COMM_ORIGIN COMM_OPENED_YEAR COMM_OPENED_SPLIT_YY COMM_OPENED_SPLIT_MM COMM_OPENED_SPLIT_DD COMM_OPENED_SPLIT COMM_OPENED_MONTH COMM_OPENED_DAY COMM_OPENED COMM_NUMBER COMM_NEXT_ST_YY COMM_NEXT_ST_SPLIT COMM_NEXT_ST_MM COMM_NEXT_ST_DD COMM_NEXT_STMT_DT COMM_NEXTST_YEAR COMM_NEXTST_MONTH COMM_NEXTST_DAY COMM_NAME COMM_LAST_ST_YY COMM_LAST_ST_SPLIT COMM_LAST_ST_MM COMM_LAST_ST_DD COMM_LAST_STMT_DT COMM_LASTST_YEAR COMM_LASTST_MONTH COMM_LASTST_DAY COMM_INT_RT COMM_INT_RATE COMM_FSCODE COMM_FAVBAL COMM_FAIL_CODE COMM_FACTBAL COMM_FACILTYPE COMM_FACCNO COMM_EYECATCHER COMM_EYE COMM_DOB_UPD_9 COMM_DOB_SPLIT_YYYY COMM_DOB_SPLIT_MM COMM_DOB_SPLIT_DD COMM_DOB_SPLIT COMM_DOBX_YYYY COMM_DOBX_MM COMM_DOBX_DD COMM_DOB COMM_DEL_SUCCESS COMM_DEL_FAIL_CD COMM_DATE_OF_BIRTH COMM_CUSTNO COMM_CS_YEAR COMM_CS_REVIEW_YYYY COMM_CS_REVIEW_UPD_9 COMM_CS_REVIEW_MM COMM_CS_REVIEW_DD COMM_CS_REVIEW_DATE COMM_CS_REVIEWX_YYYY COMM_CS_REVIEWX_MM COMM_CS_REVIEWX_DD COMM_CS_MONTH COMM_CS_DAY COMM_CREDIT_SCORE COMM_BIRTH_YEAR COMM_BIRTH_MONTH COMM_BIRTH_DAY COMM_AV_BAL COMM_AVAIL_BAL COMM_AMT COMM_ADDR_UPD_SPLIT COMM_ADDR_UPD3 COMM_ADDR_UPD2 COMM_ADDR_UPD1 COMM_ADDR_SPLIT3 COMM_ADDR_SPLIT2 COMM_ADDR_SPLIT1 COMM_ADDR_SPLIT COMM_ADDRESS COMM_ADDR COMM_ACT_BAL COMM_ACTUAL_BAL COMM_ACC_TYPE COMM_ACCNO ,BNK1DCS BNK1DCS BNK1DAC BNK1CRA BNK1DAC BNK1DAC BNK1CAC BNK1DAC BNK1DAC BNK1DCS BNK1DAC BNK1DAC BNK1CAC BNK1DAC BNK1DCS BNK1DAC BNK1DCS BNK1DCS BNK1DAC BNK1CRA BNK1CRA BNK1DCS BNK1DAC BNK1DAC BNK1CAC BNK1CRA DELCUS DELCUS DELCUS BNK1DCS BNK1DCS BNK1DCS XFRFUN BNK1DCS XFRFUN XFRFUN XFRFUN UPDACC CRECUST DBCRFUN BNK1CRA UPDACC DELCUS BNK1UAC CREACC UPDACC DBCRFUN UPDACC BNK1DAC BNK1DAC BNK1DAC BNK1DAC UPDACC UPDACC BNK1UAC CRECUST BNK1DAC BNK1DAC BNK1DAC BNK1DAC BNK1UAC UPDACC UPDACC UPDACC CRECUST BNK1DAC BNK1DAC BNK1DAC BNK1DAC BNK1UAC UPDACC UPDACC UPDACC CREACC UPDACC XFRFUN XFRFUN CRECUST XFRFUN DBCRFUN XFRFUN CRECUST UPDACC BNK1DCS BNK1DCS BNK1DCS BNK1DCS BNK1DCS BNK1DCS BNK1DCS BNK1DCS BNK1DCS DELCUS DELCUS CRECUST UPDACC BNK1DCS DELCUS BNK1DCS DELCUS DELCUS CRECUST BNK1DCS BNK1DCS BNK1DCS BNK1DCS BNK1DCS CRECUST CRECUST CRECUST CRECUST DBCRFUN UPDACC BNK1CRA BNK1DCS BNK1DCS BNK1DCS BNK1DCS BNK1DCS BNK1DCS BNK1DCS BNK1DCS CRECUST DELCUS DBCRFUN UPDACC UPDACC UPDACC 
COMMAREA,WS_COMMAREA UPDCUST_COMMAREA INQCUST_COMMAREA INQACC_COMMAREA INQACCCU_COMMAREA DELCUS_COMMAREA DELACC_COMMAREA COMMAREA ,BNK1TFN BNK1DCS DELCUS BNK1DAC DELCUS BNK1DCS DELCUS DELACC 
COMMIT,COMMIT_COUNT ,BANKDATA 
COMMUNICATION,COMMUNICATION_AREA ,BNKMENU 
COMP,INTRTI_COMP_1 ,BNK1CAC 
COMPST,WS_CHILD_FETCH_COMPST ,CRECUST 
COMPSTATUS,COMPSTATUS ,CRECUST 
CONDITION,STORM_DRAIN_CONDITION ,INQACC 
CONT,WS_PUT_CONT_NAME WS_PUT_CONT_LEN WS_CONT_IN_CREDIT_SCORE WS_CONT_IN ,CRECUST CRECUST CRDTAGY4 CRDTAGY4 
CONTAINER,WS_CONTAINER_NAME WS_CONTAINER_LEN WS_CHILD_CONTAINER_LEN CONTAINER ,CRECUST CRDTAGY4 CRECUST CRECUST 
CONTROL,HV_CONTROL_VALUE_STR HV_CONTROL_VALUE_NUM HV_CONTROL_NAME CUSTOMER_CONTROL_SORTCODE CUSTOMER_CONTROL_RECORD CUSTOMER_CONTROL_NUMBER CUSTOMER_CONTROL_KEY CUSTOMER_CONTROL_EYECATCHER CUSTOMER_CONTROL ,BANKDATA BANKDATA BANKDATA CRECUST CRECUST CRECUST CRECUST BANKDATA CRECUST 
CONVERSION,WS_OVERDRAFT_CONVERSION ,BANKDATA 
CONVERT,WS_CONVERT_SIGN WS_CONVERT_REMAIN WS_CONVERT_PICX WS_CONVERT_DEC ,BNK1UAC BNK1UAC BNK1UAC BNK1UAC 
CONVERTED,WS_CONVERTED_VAL4 WS_CONVERTED_VAL3 WS_CONVERTED_VAL2 WS_CONVERTED_VAL1 ,BNK1UAC BNK1UAC BNK1UAC BNK1UAC 
COUNT,WS_NUM_COUNT_TOTAL WS_NUM_COUNT_SPACE WS_NUM_COUNT_POINT WS_NUM_COUNT_MINUS TOWN_COUNT COMMIT_COUNT ACCOUNT_TYPES_COUNT ACCOUNT_OVERDRAFT_COUNT ACCOUNT_INT_RATES_COUNT ,BNK1CRA BNK1CRA BNK1CRA BNK1TFN BANKDATA BANKDATA BANKDATA BANKDATA BANKDATA 
CREDIT,WS_STOREDC_CREDIT_SCORE WS_CREDIT_CHECK_ERROR WS_CONT_IN_CREDIT_SCORE WS_COMM_CREDIT_SCORE WS_CHILD_DATA_CREDIT_SCORE SUBPGM_CREDIT_SCORE INQCUST_CREDIT_SCORE CUSTOMER_CREDIT_SCORE CREDIT_SCORE_X CREDIT_SCORE_9 COMM_CREDIT_SCORE ,DELCUS CRECUST CRDTAGY4 BNK1DCS CRECUST BNK1CCS INQCUST CRECUST BNK1DCS BNK1DCS CRECUST 
CREDSCI,CREDSCI ,BNK1DCS 
CREDSCO,CREDSCO ,BNK1DCS 
CREDSCORE,WS_NEW_CREDSCORE ,CRDTAGY4 
CS,WS_TOTAL_CS_SCR WS_STOREDC_CS_REVIEW_DATE WS_COMM_CS_REVIEW_DATE WS_ACTUAL_CS_SCR SUBPGM_CS_REVIEW_DATE INQCUST_CS_REVIEW_YYYY INQCUST_CS_REVIEW_MM INQCUST_CS_REVIEW_DT INQCUST_CS_REVIEW_DD CUSTOMER_CS_REVIEW_YEAR CUSTOMER_CS_REVIEW_MONTH CUSTOMER_CS_REVIEW_DAY CUSTOMER_CS_REVIEW_DATE COMM_CS_YEAR COMM_CS_REVIEW_YYYY COMM_CS_REVIEW_UPD_9 COMM_CS_REVIEW_MM COMM_CS_REVIEW_DD COMM_CS_REVIEW_DATE COMM_CS_REVIEWX_YYYY COMM_CS_REVIEWX_MM COMM_CS_REVIEWX_DD COMM_CS_MONTH COMM_CS_DAY ,CRECUST DELCUS BNK1DCS CRECUST BNK1CCS BNK1DCS BNK1DCS INQCUST BNK1DCS BANKDATA BANKDATA BANKDATA CRECUST BNK1DCS DELCUS BNK1DCS DELCUS DELCUS CRECUST BNK1DCS BNK1DCS BNK1DCS BNK1DCS BNK1DCS 
CURRENT,WS_CURRENT_DATE_DATA WS_CURRENT_DATE_9 ,CRECUST CRECUST 
CUST,WS_CUST_REC_LEN WS_CUST_DATA REQUIRED_CUST_NUMBER2 REQUIRED_CUST_NUMBER OUTPUT_CUST_DATA NCS_CUST_NO_VALUE NCS_CUST_NO_TEST_SORT NCS_CUST_NO_NAME NCS_CUST_NO_INC HV_ACCOUNT_CUST_NO DESIRED_CUST_KEY ACCOUNT_CUST_NO ,CRECUST UPDCUST CRECUST INQCUST DELCUS CRECUST CRECUST CRECUST CRECUST UPDACC UPDCUST DELACC 
CUSTAD1A,CUSTAD1A ,BNK1DCS 
CUSTAD1C,CUSTAD1C ,BNK1DCS 
CUSTAD1H,CUSTAD1H ,BNK1DCS 
CUSTAD1I,CUSTAD1I ,BNK1DCS 
CUSTAD1L,CUSTAD1L ,BNK1DCS 
CUSTAD1O,CUSTAD1O ,BNK1DCS 
CUSTAD2A,CUSTAD2A ,BNK1DCS 
CUSTAD2C,CUSTAD2C ,BNK1DCS 
CUSTAD2H,CUSTAD2H ,BNK1DCS 
CUSTAD2I,CUSTAD2I ,BNK1DCS 
CUSTAD2O,CUSTAD2O ,BNK1DCS 
CUSTAD3A,CUSTAD3A ,BNK1DCS 
CUSTAD3C,CUSTAD3C ,BNK1DCS 
CUSTAD3H,CUSTAD3H ,BNK1DCS 
CUSTAD3I,CUSTAD3I ,BNK1DCS 
CUSTAD3O,CUSTAD3O ,BNK1DCS 
CUSTINSI,CUSTINSI ,BNK1CCS 
CUSTINSO,CUSTINSO ,BNK1CCS 
CUSTNAMA,CUSTNAMA ,BNK1DCS 
CUSTNAMC,CUSTNAMC ,BNK1DCS 
CUSTNAMH,CUSTNAMH ,BNK1DCS 
CUSTNAMI,CUSTNAMI ,BNK1DCS 
CUSTNAML,CUSTNAML ,BNK1DCS 
CUSTNAMO,CUSTNAMO ,BNK1DCS 
CUSTNO,WS_COMM_CUSTNO SUBPGM_CUSTNO STORED_CUSTNO INQCUST_CUSTNO INQACC_CUSTNO DESIRED_CUSTNO DELACC_CUSTNO COMM_CUSTNO ,BNK1DAC BNK1CAC CRECUST INQCUST INQACC UPDCUST DELACC UPDACC 
CUSTNO2A,CUSTNO2A ,BNK1DCS 
CUSTNO2C,CUSTNO2C ,BNK1DCS 
CUSTNO2I,CUSTNO2I ,BNK1DCS 
CUSTNO2L,CUSTNO2L ,BNK1DCS 
CUSTNO2O,CUSTNO2O ,BNK1DCS 
CUSTNOA,CUSTNOA ,BNK1DCS 
CUSTNOC,CUSTNOC ,BNK1DCS 
CUSTNOH,CUSTNOH ,BNK1DCS 
CUSTNOI,CUSTNOI ,BNK1CAC 
CUSTNOL,CUSTNOL ,BNK1CAC 
CUSTNOO,CUSTNOO ,BNK1DAC 
CUSTOMER,WS_CUSTOMER_AGE RANDOM_CUSTOMER PROC_DESC_DELACC_CUSTOMER LAST_CUSTOMER_NUMBER DESIRED_KEY_CUSTOMER CUSTOMER_VSAM_STATUS CUSTOMER_SORTCODE CUSTOMER_RECORD_STRUCTURE CUSTOMER_RECORD CUSTOMER_NUMBER CUSTOMER_NAME CUSTOMER_KY2 CUSTOMER_KY CUSTOMER_KEY CUSTOMER_FILE CUSTOMER_EYECATCHER CUSTOMER_DATE_OF_BIRTH CUSTOMER_CS_REVIEW_YEAR CUSTOMER_CS_REVIEW_MONTH CUSTOMER_CS_REVIEW_DAY CUSTOMER_CS_REVIEW_DATE CUSTOMER_CREDIT_SCORE CUSTOMER_CONTROL_SORTCODE CUSTOMER_CONTROL_RECORD CUSTOMER_CONTROL_NUMBER CUSTOMER_CONTROL_KEY CUSTOMER_CONTROL_EYECATCHER CUSTOMER_CONTROL CUSTOMER_BIRTH_YEAR CUSTOMER_BIRTH_MONTH CUSTOMER_BIRTH_DAY CUSTOMER_ADDRESS ,CRECUST INQCUST DELACC CRECUST DELCUS BANKDATA CRECUST BANKDATA BANKDATA CRECUST CRECUST INQCUST INQCUST CRECUST BANKDATA CRECUST CRECUST BANKDATA BANKDATA BANKDATA CRECUST CRECUST CRECUST CRECUST CRECUST CRECUST BANKDATA CRECUST BANKDATA BANKDATA BANKDATA CRECUST 
CUSTOMERS,NUMBER_OF_CUSTOMERS ,CRECUST 
CUSTSNI,CUSTSNI ,BNK1CCS 
CUSTSNL,CUSTSNL ,BNK1CCS 
CUSTSNO,CUSTSNO ,BNK1CCS 
CUSTTITI,CUSTTITI ,BNK1CCS 
CUSTTITL,CUSTTITL ,BNK1CCS 
CUSTTITO,CUSTTITO ,BNK1CCS 
DATA,WS_CUST_DATA WS_CURRENT_DATE_DATA WS_CHILD_DATA_CREDIT_SCORE WS_CHILD_DATA VALID_DATA_SW OUTPUT_DATA OUTPUT_CUST_DATA ,UPDCUST CRECUST CRECUST CRECUST BNKMENU DELACC DELCUS 
DATAONLY,DATAONLY ,BNKMENU 
DATE,WS_STOREDC_DATE_OF_BIRTH WS_STOREDC_CS_REVIEW_DATE WS_REVIEW_DATE_ADD WS_ORIG_DATE_YYYY WS_ORIG_DATE_MM WS_ORIG_DATE_GRP_X WS_ORIG_DATE_DD WS_ORIG_DATE WS_NEW_REVIEW_DATE_INT WS_FUTURE_DATE WS_DATE_SPLIT_YY WS_DATE_SPLIT_MM WS_DATE_SPLIT_DD WS_DATE_SPLIT WS_DATE_OF_BIRTH_LILLIAN WS_DATE_OF_BIRTH_ERROR WS_CURRENT_DATE_DATA WS_CURRENT_DATE_9 WS_COMM_CS_REVIEW_DATE SUBPGM_CS_REVIEW_DATE OPENED_DATE_VALID OPENED_DATE_ATTEMPTS HV_PROCTRAN_DATE DB2_DATE_REF_YR DB2_DATE_REF_MNTH DB2_DATE_REF_DAY DB2_DATE_REFORMAT DATE_OF_BIRTH_FOR_CEEDAYS DATE_OF_BIRTH_FORMAT CUSTOMER_DATE_OF_BIRTH CUSTOMER_CS_REVIEW_DATE COMM_DATE_OF_BIRTH COMM_CS_REVIEW_DATE ACCOUNT_NEXT_STMT_DATE ACCOUNT_LAST_STMT_DATE ABND_DATE ,DELCUS DELCUS CRECUST CRECUST CRECUST DELACC CRECUST UPDACC CRECUST CREACC BNK1UAC BNK1UAC BNK1UAC BNK1UAC CRECUST CRECUST CRECUST CRECUST BNK1DCS BNK1CCS BANKDATA BANKDATA DELACC UPDACC UPDACC UPDACC UPDACC CRECUST CRECUST CRECUST CRECUST CRECUST CRECUST DELACC DELACC DELACC 
DATESEP,DATESEP ,UPDACC 
DAY,WS_DAY_TODAY WS_ACCOUNT_OPENED_DAY SUBPGM_BIRTH_DAY HV_ACCOUNT_OPENED_DAY HV_ACCOUNT_NEXT_STMT_DAY HV_ACCOUNT_LAST_STMT_DAY DB2_DATE_REF_DAY CUSTOMER_CS_REVIEW_DAY CUSTOMER_BIRTH_DAY COMM_OPENED_DAY COMM_NEXTST_DAY COMM_LASTST_DAY COMM_CS_DAY COMM_BIRTH_DAY CEEDAYS_DAY ACCOUNT_OPENED_DAY ACCOUNT_NEXT_STMT_DAY ACCOUNT_LAST_STMT_DAY ,BANKDATA BANKDATA BNK1CCS BANKDATA BANKDATA BANKDATA UPDACC BANKDATA BANKDATA UPDACC UPDACC UPDACC BNK1DCS CRECUST CRECUST DELACC DELACC DELACC 
DB2,EXIT_DB2_READ DB2_DEADLOCK_RETRY DB2_DATE_REF_YR DB2_DATE_REF_MNTH DB2_DATE_REF_DAY DB2_DATE_REFORMAT ,INQCUST XFRFUN UPDACC UPDACC UPDACC UPDACC 
DD,WS_ORIG_DATE_DD WS_FUT_X_DD WS_DATE_SPLIT_DD PROC_DESC_DELACC_NEXT_DD PROC_DESC_DELACC_LAST_DD INQCUST_CS_REVIEW_DD COMM_OPENED_SPLIT_DD COMM_NEXT_ST_DD COMM_LAST_ST_DD COMM_DOB_SPLIT_DD COMM_DOBX_DD COMM_CS_REVIEW_DD COMM_CS_REVIEWX_DD ,CRECUST CREACC BNK1UAC DELACC DELACC BNK1DCS BNK1DAC BNK1DAC BNK1DAC BNK1DCS BNK1DCS DELCUS BNK1DCS 
DDMMYYYY,DDMMYYYY ,UPDACC 
DEADLOCK,DB2_DEADLOCK_RETRY ,XFRFUN 
DEC,WS_CONVERT_DEC ,BNK1UAC 
DEEDIT,DEEDIT ,BNK1CRA 
DEL,PARMS_SUBPGM_DEL_SUCCESS PARMS_SUBPGM_DEL_PCB3 PARMS_SUBPGM_DEL_PCB2 PARMS_SUBPGM_DEL_PCB1 PARMS_SUBPGM_DEL_FAIL_CD DELACC_DEL_SUCCESS DELACC_DEL_FAIL_CD COMM_DEL_SUCCESS COMM_DEL_FAIL_CD ,BNK1DAC BNK1DAC BNK1DAC BNK1DAC BNK1DAC DELACC DELACC DELCUS DELCUS 
DELACC,PROC_DESC_DELACC_NEXT_YYYY PROC_DESC_DELACC_NEXT_MM PROC_DESC_DELACC_NEXT_DD PROC_DESC_DELACC_LAST_YYYY PROC_DESC_DELACC_LAST_MM PROC_DESC_DELACC_LAST_DD PROC_DESC_DELACC_FLAG PROC_DESC_DELACC_CUSTOMER PROC_DESC_DELACC_ACCTYPE DELACC_SUCCESS DELACC_SCODE DELACC_OVERDRAFT DELACC_OPENED DELACC_NEXT_STMT_DT DELACC_LAST_STMT_DT DELACC_INT_RATE DELACC_EYE DELACC_DEL_SUCCESS DELACC_DEL_FAIL_CD DELACC_CUSTNO DELACC_COMM_PCB1 DELACC_COMM_APPLID DELACC_COMM_ACCNO DELACC_COMMAREA DELACC_AVAIL_BAL DELACC_ACTUAL_BAL DELACC_ACC_TYPE DELACC_ACCNO ,DELACC DELACC DELACC DELACC DELACC DELACC DELACC DELACC DELACC DELACC DELACC DELACC DELACC DELACC DELACC DELACC DELACC DELACC DELACC DELACC DELCUS DELCUS DELCUS DELCUS DELACC DELACC DELACC DELACC 
DELAY,WS_DELAY_AMT ,CRDTAGY4 
DELCUS,DELCUS_COMMAREA ,BNK1DCS 
DELETE,PROC_TY_BRANCH_DELETE_ACCOUNT ,DELACC 
DELIM1,HV_ACCOUNT_OPENED_DELIM1 HV_ACCOUNT_NEXT_STMT_DELIM1 HV_ACCOUNT_LAST_STMT_DELIM1 ,BANKDATA BANKDATA BANKDATA 
DELIM2,HV_ACCOUNT_OPENED_DELIM2 HV_ACCOUNT_NEXT_STMT_DELIM2 HV_ACCOUNT_LAST_STMT_DELIM2 ,BANKDATA BANKDATA BANKDATA 
DESC,PROC_TRAN_DESC_XFR_SORTCODE PROC_TRAN_DESC_XFR_FLAG PROC_TRAN_DESC_XFR_ACCOUNT PROC_TRAN_DESC PROC_DESC_DELACC_NEXT_YYYY PROC_DESC_DELACC_NEXT_MM PROC_DESC_DELACC_NEXT_DD PROC_DESC_DELACC_LAST_YYYY PROC_DESC_DELACC_LAST_MM PROC_DESC_DELACC_LAST_DD PROC_DESC_DELACC_FLAG PROC_DESC_DELACC_CUSTOMER PROC_DESC_DELACC_ACCTYPE HV_PROCTRAN_DESC ,XFRFUN XFRFUN XFRFUN DELACC DELACC DELACC DELACC DELACC DELACC DELACC DELACC DELACC DELACC DELACC 
DESIRED,DESIRED_SORT_CODE DESIRED_KEY_SORTCODE DESIRED_KEY_CUSTOMER DESIRED_KEY DESIRED_CUST_KEY DESIRED_CUSTNO DESIRED_ACC_NO ,UPDACC DELCUS DELCUS DELCUS UPDCUST UPDCUST UPDACC 
DFHAID,DFHAID ,BNK1CRA 
DFHBMASK,DFHBMASK ,BNK1DCS 
DFHBMFSE,DFHBMFSE ,BNK1DCS 
DFHBMPRF,DFHBMPRF ,BNK1DCS 
DFHCLEAR,DFHCLEAR ,BNKMENU 
DFHCOMMAREA,DFHCOMMAREA ,CRECUST 
DFHCOMMAREA.PREMIERE,DFHCOMMAREA.PREMIERE ,DELACC 
DFHENTER,DFHENTER ,BNKMENU 
DFHGREEN,DFHGREEN ,BNK1DCS 
DFHNEUTR,DFHNEUTR ,BNK1DCS 
DFHPA1,DFHPA1 ,BNKMENU 
DFHPA2,DFHPA2 ,BNKMENU 
DFHPA3,DFHPA3 ,BNKMENU 
DFHPF10,DFHPF10 ,BNK1DCS 
DFHPF12,DFHPF12 ,BNKMENU 
DFHPF3,DFHPF3 ,BNKMENU 
DFHPF5,DFHPF5 ,BNK1DAC 
DFHRESP,DFHRESP ,CRECUST 
DFHUNDLN,DFHUNDLN ,BNK1DCS 
DFHVALUE,DFHVALUE ,CRECUST 
DIFFERENCE,WS_DIFFERENCE ,DBCRFUN 
DISP,WS_SQLCODE_DISP WS_CICS_RESP_DISP WS_CICS_RESP2_DISP NCS_ACC_NO_DISP DISP_SQLCD DISP_SIGN DISP_REASON_CODE DISP_LOT ,XFRFUN BNKMENU BNKMENU CREACC BANKDATA BANKDATA BANKDATA BANKDATA 
DISPLAY,WS_SQLCODE_DISPLAY TO_AVAILABLE_BALANCE_DISPLAY TO_ACTUAL_BALANCE_DISPLAY SQLCODE_DISPLAY FROM_AVAILABLE_BALANCE_DISPLAY FROM_ACTUAL_BALANCE_DISPLAY AVAILABLE_BALANCE_DISPLAY ACTUAL_BALANCE_DISPLAY ,BANKDATA BNK1TFN BNK1TFN UPDACC BNK1TFN BNK1TFN BNK1CRA BNK1CRA 
DOB,WS_COMM_DOB STORED_DOB INQCUST_DOB COMM_DOB_UPD_9 COMM_DOB_SPLIT_YYYY COMM_DOB_SPLIT_MM COMM_DOB_SPLIT_DD COMM_DOB_SPLIT COMM_DOB ,BNK1DCS CRECUST INQCUST BNK1DCS BNK1DCS BNK1DCS BNK1DCS BNK1DCS BNK1DCS 
DOBDDI,DOBDDI_NUM DOBDDI_CHAR DOBDDI ,BNK1CCS BNK1CCS BNK1DCS 
DOBDDL,DOBDDL ,BNK1CCS 
DOBDDO,DOBDDO ,BNK1DCS 
DOBMMI,DOBMMI_NUM DOBMMI_CHAR DOBMMI ,BNK1CCS BNK1CCS BNK1DCS 
DOBMML,DOBMML ,BNK1CCS 
DOBMMO,DOBMMO ,BNK1DCS 
DOBX,COMM_DOBX_YYYY COMM_DOBX_MM COMM_DOBX_DD ,BNK1DCS BNK1DCS BNK1DCS 
DOBYYI,DOBYYI ,BNK1DCS 
DOBYYL,DOBYYL ,BNK1CCS 
DOBYYO,DOBYYO ,BNK1DCS 
DONT,DONT_CARE ,CREACC 
DRAIN,WS_STORM_DRAIN STORM_DRAIN_CONDITION ,INQACC INQACC 
DT,WS_DT_REM WS_DT WS_COMM_NEXT_STMT_DT WS_COMM_LAST_STMT_DT SUBPGM_NEXT_STMT_DT SUBPGM_LAST_STMT_DT INQCUST_CS_REVIEW_DT INQACC_NEXT_STMT_DT INQACC_LAST_STMT_DT DELACC_NEXT_STMT_DT DELACC_LAST_STMT_DT COMM_NEXT_STMT_DT COMM_LAST_STMT_DT ,BANKDATA BANKDATA BNK1DAC BNK1DAC BNK1CAC BNK1CAC INQCUST INQACC INQACC DELACC DELACC BNK1UAC BNK1UAC 
EIBAID,EIBAID ,BNKMENU 
EIBCALEN,EIBCALEN ,BNKMENU 
EIBRESP,EIBRESP ,DELACC 
EIBRESP2,EIBRESP2 ,DELACC 
EIBTASKN,EIBTASKN ,DELACC 
EIBTASKN12,WS_EIBTASKN12 ,DELACC 
EIBTRMID,EIBTRMID ,BNK1DCS 
EIBTRNID,EIBTRNID ,DELACC 
END,END_KEY ,BANKDATA 
ERROR,WS_DATE_OF_BIRTH_ERROR WS_CREDIT_CHECK_ERROR ,CRECUST CRECUST 
EXIT,EXIT_VSAM_READ EXIT_DB2_READ ,INQCUST INQCUST 
EYE,WS_COMM_EYE INQCUST_EYE INQACC_EYE DELACC_EYE COMM_EYE ACCOUNT_EYE_CATCHER ,BNK1DAC INQCUST INQACC DELACC UPDACC DELACC 
EYECATCHER,WS_STOREDC_EYECATCHER SUBPGM_EYECATCHER HV_PROCTRAN_EYECATCHER HV_ACCOUNT_EYECATCHER CUSTOMER_EYECATCHER CUSTOMER_CONTROL_EYECATCHER COMM_EYECATCHER ,DELCUS BNK1CAC DELACC UPDACC CRECUST BANKDATA CRECUST 
FACCNO,SUBPGM_FACCNO COMM_FACCNO ,BNK1TFN XFRFUN 
FACCNO2O,FACCNO2O ,BNK1TFN 
FACCNOI,FACCNOI ,BNK1TFN 
FACILITY,SUBPGM_FACILITY_NAME ,BNK1CRA 
FACILTYPE,SUBPGM_FACILTYPE COMM_FACILTYPE ,BNK1CRA DBCRFUN 
FACTBAL,SUBPGM_FACTBAL COMM_FACTBAL ,BNK1TFN XFRFUN 
FACTBALO,FACTBALO ,BNK1TFN 
FAIL,WS_FAIL_INFO WS_CICS_FAIL_MSG SUBPGM_FAIL_CODE PARMS_SUBPGM_DEL_FAIL_CD INQCUST_INQ_FAIL_CD DELACC_DEL_FAIL_CD COMM_UPD_FAIL_CD COMM_FAIL_CODE COMM_DEL_FAIL_CD ,BNKMENU BNKMENU BNK1CRA BNK1DAC INQCUST DELACC BNK1DCS CRECUST DELCUS 
FAVBAL,SUBPGM_FAVBAL COMM_FAVBAL ,BNK1TFN XFRFUN 
FAVBALO,FAVBALO ,BNK1TFN 
FC,FC ,CRECUST 
FETCH,WS_CHILD_FETCH_COMPST WS_ANY_CHILD_FETCH_TKN WS_ANY_CHILD_FETCH_CHAN WS_ANY_CHILD_FETCH_ABCODE ,CRECUST CRECUST CRECUST CRECUST 
FETCHING,WS_FINISHED_FETCHING ,CRECUST 
FIELD,FIELD ,BNK1CRA 
FILE,CUSTOMER_FILE ,BANKDATA 
FINISHED,WS_FINISHED_FETCHING ,CRECUST 
FLAG,SEND_FLAG PROC_TRAN_DESC_XFR_FLAG PROC_DESC_DELACC_FLAG ,BNKMENU XFRFUN DELACC 
FLENGTH,FLENGTH ,CRECUST 
FLOAT,WS_AMOUNT_AS_FLOAT ,BNK1CRA 
FOR,DATE_OF_BIRTH_FOR_CEEDAYS ,CRECUST 
FORENAME,FORENAME ,BANKDATA 
FORENAMES,FORENAMES_PTR FORENAMES_CNT ,BANKDATA BANKDATA 
FORMAT,DATE_OF_BIRTH_FORMAT ,CRECUST 
FREEFORM,ABND_FREEFORM ,DELACC 
FREEKB,FREEKB ,BNKMENU 
FROM,FROM_AVAILABLE_BALANCE_DISPLAY FROM_ACTUAL_BALANCE_DISPLAY ,BNK1TFN BNK1TFN 
FSCODE,SUBPGM_FSCODE COMM_FSCODE ,BNK1TFN XFRFUN 
FSORTCO,FSORTCO ,BNK1TFN 
FUNCTION,TIMESTAMP_FUNCTION ,BANKDATA 
FUT,WS_FUT_X_YY WS_FUT_X_MM WS_FUT_X_DD WS_FUT_9 ,CREACC CREACC CREACC CREACC 
FUTURE,WS_FUTURE_DATE ,CREACC 
GREGORIAN,WS_TODAY_GREGORIAN ,CRECUST 
GRP,WS_TIME_NOW_GRP_MM WS_TIME_NOW_GRP_HH WS_ORIG_DATE_GRP_X ,DELACC DELACC DELACC 
HANDLE,HANDLE_ABEND ,BNK1CCS 
HANDLING,ABEND_HANDLING ,INQACC 
HH,WS_TIME_NOW_GRP_HH ,DELACC 
HOST,HOST_PROCTRAN_ROW HOST_ACCOUNT_ROW ,DELACC XFRFUN 
HOUSE,HOUSE_NUMBER ,BANKDATA 
HV,HV_PROCTRAN_TYPE HV_PROCTRAN_TIME HV_PROCTRAN_SORT_CODE HV_PROCTRAN_REF HV_PROCTRAN_EYECATCHER HV_PROCTRAN_DESC HV_PROCTRAN_DATE HV_PROCTRAN_AMOUNT HV_PROCTRAN_ACC_NUMBER HV_CONTROL_VALUE_STR HV_CONTROL_VALUE_NUM HV_CONTROL_NAME HV_ACCOUNT_TYPE HV_ACCOUNT_SORT_CODE HV_ACCOUNT_SORTCODE HV_ACCOUNT_OVERDRAFT_LIMIT HV_ACCOUNT_OVERDRAFT_LIM HV_ACCOUNT_OPENED_YEAR HV_ACCOUNT_OPENED_MONTH HV_ACCOUNT_OPENED_DELIM2 HV_ACCOUNT_OPENED_DELIM1 HV_ACCOUNT_OPENED_DAY HV_ACCOUNT_OPENED HV_ACCOUNT_NUMBER HV_ACCOUNT_NEXT_STMT_YEAR HV_ACCOUNT_NEXT_STMT_MONTH HV_ACCOUNT_NEXT_STMT_DELIM2 HV_ACCOUNT_NEXT_STMT_DELIM1 HV_ACCOUNT_NEXT_STMT_DAY HV_ACCOUNT_NEXT_STMT HV_ACCOUNT_LAST_STMT_YEAR HV_ACCOUNT_LAST_STMT_MONTH HV_ACCOUNT_LAST_STMT_DELIM2 HV_ACCOUNT_LAST_STMT_DELIM1 HV_ACCOUNT_LAST_STMT_DAY HV_ACCOUNT_LAST_STMT HV_ACCOUNT_INT_RATE HV_ACCOUNT_INTEREST_RATE HV_ACCOUNT_EYECATCHER HV_ACCOUNT_CUST_NO HV_ACCOUNT_AVAIL_BAL HV_ACCOUNT_AVAILABLE_BALANCE HV_ACCOUNT_ACTUAL_BALANCE HV_ACCOUNT_ACTUAL_BAL HV_ACCOUNT_ACC_TYPE HV_ACCOUNT_ACC_NO ,DELACC DELACC DELACC DELACC DELACC DELACC DELACC DELACC DELACC BANKDATA BANKDATA BANKDATA BANKDATA BANKDATA UPDACC BANKDATA UPDACC BANKDATA BANKDATA BANKDATA BANKDATA BANKDATA UPDACC BANKDATA BANKDATA BANKDATA BANKDATA BANKDATA BANKDATA UPDACC BANKDATA BANKDATA BANKDATA BANKDATA BANKDATA UPDACC UPDACC BANKDATA UPDACC UPDACC UPDACC BANKDATA BANKDATA UPDACC UPDACC UPDACC 
ID,SUBPGM_NETWRK_ID ,BNK1CRA 
IMMEDIATE,IMMEDIATE ,BNKMENU 
IN,WS_CONT_IN_CREDIT_SCORE WS_CONT_IN ,CRDTAGY4 CRDTAGY4 
INC,NCS_CUST_NO_INC NCS_ACC_NO_INC ,CRECUST CREACC 
INDEX,WS_INDEX ,DELCUS 
INFO,WS_FAIL_INFO ,BNKMENU 
INITIAL,INITIAL_CHARACTER ,BANKDATA 
INITIALS,INITIALS_PTR INITIALS_CNT INITIALS ,BANKDATA BANKDATA BANKDATA 
INQ,INQCUST_INQ_SUCCESS INQCUST_INQ_FAIL_CD ,INQCUST INQCUST 
INQACC,INQACC_SUCCESS INQACC_SCODE INQACC_PCB1_POINTER INQACC_OVERDRAFT INQACC_OPENED INQACC_NEXT_STMT_DT INQACC_LAST_STMT_DT INQACC_INT_RATE INQACC_EYE INQACC_CUSTNO INQACC_COMMAREA INQACC_AVAIL_BAL INQACC_ACTUAL_BAL INQACC_ACC_TYPE INQACC_ACCNO ,INQACC INQACC BNK1DAC INQACC INQACC INQACC INQACC INQACC INQACC INQACC BNK1DAC INQACC INQACC INQACC INQACC 
INQACCCU,INQACCCU_COMMAREA ,DELCUS 
INQCUST,INQCUST_SCODE INQCUST_RETRY INQCUST_PCB_POINTER INQCUST_NAME INQCUST_INQ_SUCCESS INQCUST_INQ_FAIL_CD INQCUST_EYE INQCUST_DOB INQCUST_CUSTNO INQCUST_CS_REVIEW_YYYY INQCUST_CS_REVIEW_MM INQCUST_CS_REVIEW_DT INQCUST_CS_REVIEW_DD INQCUST_CREDIT_SCORE INQCUST_COMMAREA INQCUST_ADDR ,INQCUST INQCUST BNK1DCS INQCUST INQCUST INQCUST INQCUST INQCUST INQCUST BNK1DCS BNK1DCS INQCUST BNK1DCS INQCUST DELCUS INQCUST 
INT,WS_TODAY_INT WS_NEW_REVIEW_DATE_INT WS_COMM_INT_RATE WS_ACCOUNT_INT_RATE SUBPGM_INT_RT INT_RT_9 INQACC_INT_RATE HV_ACCOUNT_INT_RATE DELACC_INT_RATE COMM_INT_RT COMM_INT_RATE ACCOUNT_INT_RATES_COUNT ,CRECUST CRECUST BNK1DAC BANKDATA BNK1CAC BNK1UAC INQACC UPDACC DELACC CREACC UPDACC BANKDATA 
INTEGER,WS_INTEGER ,CREACC 
INTEREST,HV_ACCOUNT_INTEREST_RATE ACCOUNT_INTEREST_RATE ,BANKDATA DELACC 
INTRT,WS_COMM_INTRT INTRT_PIC9 ,BNK1CAC BNK1CAC 
INTRTI,INTRTI_COMP_1 INTRTI ,BNK1CAC BNK1CAC 
INTRTL,INTRTL ,BNK1CAC 
INTRTO,INTRTO ,BNK1DAC 
INVREQ,INVREQ ,CRECUST 
ISSUED,WS_CHILD_ISSUED_CNT ,CRECUST 
KEY,STEP_KEY START_KEY NEXT_KEY END_KEY DESIRED_KEY_SORTCODE DESIRED_KEY_CUSTOMER DESIRED_KEY DESIRED_CUST_KEY CUSTOMER_KEY CUSTOMER_CONTROL_KEY ABND_VSAM_KEY ABND_UTIME_KEY ABND_TASKNO_KEY ,BANKDATA BANKDATA BANKDATA BANKDATA DELCUS DELCUS DELCUS UPDCUST CRECUST CRECUST ABNDPROC DELACC DELACC 
KEYLENGTH,KEYLENGTH ,CRECUST 
KY,CUSTOMER_KY ,INQCUST 
KY2,CUSTOMER_KY2 ,INQCUST 
LAST,WS_COMM_LAST_STMT_DT SUBPGM_LAST_STMT_DT PROC_DESC_DELACC_LAST_YYYY PROC_DESC_DELACC_LAST_MM PROC_DESC_DELACC_LAST_DD LAST_CUSTOMER_NUMBER LAST_ACCOUNT_NUMBER INQACC_LAST_STMT_DT HV_ACCOUNT_LAST_STMT_YEAR HV_ACCOUNT_LAST_STMT_MONTH HV_ACCOUNT_LAST_STMT_DELIM2 HV_ACCOUNT_LAST_STMT_DELIM1 HV_ACCOUNT_LAST_STMT_DAY HV_ACCOUNT_LAST_STMT DELACC_LAST_STMT_DT COMM_LAST_ST_YY COMM_LAST_ST_SPLIT COMM_LAST_ST_MM COMM_LAST_ST_DD COMM_LAST_STMT_DT ACCOUNT_LAST_STMT_YEAR ACCOUNT_LAST_STMT_MONTH ACCOUNT_LAST_STMT_DAY ACCOUNT_LAST_STMT_DATE ,BNK1DAC BNK1CAC DELACC DELACC DELACC CRECUST BANKDATA INQACC BANKDATA BANKDATA BANKDATA BANKDATA BANKDATA UPDACC DELACC BNK1DAC BNK1DAC BNK1DAC BNK1DAC BNK1UAC DELACC DELACC DELACC DELACC 
LASTST,COMM_LASTST_YEAR COMM_LASTST_MONTH COMM_LASTST_DAY ,UPDACC UPDACC UPDACC 
LEAP,LEAP_YEAR ,CREACC 
LEN,WS_PUT_CONT_LEN WS_CUST_REC_LEN WS_CONTAINER_LEN WS_CHILD_CONTAINER_LEN ,CRECUST CRECUST CRDTAGY4 CRECUST 
LENGTH,PARM_LENGTH ,BANKDATA 
LILLIAN,WS_TODAY_LILLIAN WS_DATE_OF_BIRTH_LILLIAN ,CRECUST CRECUST 
LIM,WS_ACCOUNT_OVERDRAFT_LIM SUBPGM_OVERDR_LIM HV_ACCOUNT_OVERDRAFT_LIM COMM_OVERDR_LIM ,BANKDATA BNK1CAC UPDACC CREACC 
LIMIT,HV_ACCOUNT_OVERDRAFT_LIMIT ACCOUNT_OVERDRAFT_LIMIT ,BANKDATA DELACC 
LOT,DISP_LOT ,BANKDATA 
LST,STORED_LST_STMT ,CREACC 
LSTMDDO,LSTMDDO ,BNK1CAC 
LSTMMMO,LSTMMMO ,BNK1CAC 
LSTMTDDI,WS_LSTMTDDI LSTMTDDI ,BNK1UAC BNK1UAC 
LSTMTDDO,LSTMTDDO ,BNK1DAC 
LSTMTMMI,WS_LSTMTMMI LSTMTMMI ,BNK1UAC BNK1UAC 
LSTMTMMO,LSTMTMMO ,BNK1DAC 
LSTMTYYI,WS_LSTMTYYI LSTMTYYI ,BNK1UAC BNK1UAC 
LSTMTYYO,LSTMTYYO ,BNK1DAC 
LSTMYYO,LSTMYYO ,BNK1CAC 
MAP,MAP ,BNKMENU 
MAPFAIL,MAPFAIL ,BNKMENU 
MAPONLY,MAPONLY ,BNK1CCS 
MAPSET,MAPSET ,BNKMENU 
MESSAGEI,MESSAGEI ,BNK1CCS 
MESSAGEO,MESSAGEO ,BNKMENU 
MINUS,WS_NUM_COUNT_MINUS ,BNK1TFN 
MM,WS_TIME_NOW_GRP_MM WS_ORIG_DATE_MM WS_FUT_X_MM WS_DATE_SPLIT_MM PROC_DESC_DELACC_NEXT_MM PROC_DESC_DELACC_LAST_MM INQCUST_CS_REVIEW_MM COMM_OPENED_SPLIT_MM COMM_NEXT_ST_MM COMM_LAST_ST_MM COMM_DOB_SPLIT_MM COMM_DOBX_MM COMM_CS_REVIEW_MM COMM_CS_REVIEWX_MM ,DELACC CRECUST CREACC BNK1UAC DELACC DELACC BNK1DCS BNK1DAC BNK1DAC BNK1DAC BNK1DCS BNK1DCS DELCUS BNK1DCS 
MNTH,DB2_DATE_REF_MNTH ,UPDACC 
MONTH,WS_ACCOUNT_OPENED_MONTH SUBPGM_BIRTH_MONTH HV_ACCOUNT_OPENED_MONTH HV_ACCOUNT_NEXT_STMT_MONTH HV_ACCOUNT_LAST_STMT_MONTH CUSTOMER_CS_REVIEW_MONTH CUSTOMER_BIRTH_MONTH COMM_OPENED_MONTH COMM_NEXTST_MONTH COMM_LASTST_MONTH COMM_CS_MONTH COMM_BIRTH_MONTH CEEDAYS_MONTH ACCOUNT_OPENED_MONTH ACCOUNT_NEXT_STMT_MONTH ACCOUNT_LAST_STMT_MONTH ,BANKDATA BNK1CCS BANKDATA BANKDATA BANKDATA BANKDATA BANKDATA UPDACC UPDACC UPDACC BNK1DCS CRECUST CRECUST DELACC DELACC DELACC 
MSG,WS_CICS_FAIL_MSG MSG_NO ,BNKMENU CRECUST 
MY,MY_ABEND_CODE ,INQACC 
NAME,WS_VALIDATE_NAME WS_STOREDC_NAME WS_PUT_CONT_NAME WS_CONTAINER_NAME WS_COMM_NAME WS_CHANNEL_NAME SUBPGM_NAME SUBPGM_FACILITY_NAME STREET_NAME_T_PTR STREET_NAME_T_CNT STREET_NAME_TREE STREET_NAME_R_PTR STREET_NAME_R_CNT STREET_NAME_ROAD STORED_NAME NCS_CUST_NO_NAME NCS_ACC_NO_NAME INQCUST_NAME HV_CONTROL_NAME CUSTOMER_NAME COMM_NAME ,BNK1DCS DELCUS CRECUST CRECUST BNK1DCS CRECUST BNK1CCS BNK1CRA BANKDATA BANKDATA BANKDATA BANKDATA BANKDATA BANKDATA CRECUST CRECUST INQACC INQCUST BANKDATA CRECUST CRECUST 
NCS,NCS_UPDATED NCS_CUST_NO_VALUE NCS_CUST_NO_TEST_SORT NCS_CUST_NO_NAME NCS_CUST_NO_INC NCS_ACC_NO_VALUE NCS_ACC_NO_TEST_SORT NCS_ACC_NO_NAME NCS_ACC_NO_INC NCS_ACC_NO_DISP ,CRECUST CRECUST CRECUST CRECUST CRECUST INQACC CREACC INQACC CREACC CREACC 
NETWRK,SUBPGM_NETWRK_ID ,BNK1CRA 
NEW,WS_NEW_REVIEW_YYYYMMDD WS_NEW_REVIEW_DATE_INT WS_NEW_CREDSCORE ,CRECUST CRECUST CRDTAGY4 
NEXT,WS_COMM_NEXT_STMT_DT SUBPGM_NEXT_STMT_DT PROC_DESC_DELACC_NEXT_YYYY PROC_DESC_DELACC_NEXT_MM PROC_DESC_DELACC_NEXT_DD NEXT_KEY INQACC_NEXT_STMT_DT HV_ACCOUNT_NEXT_STMT_YEAR HV_ACCOUNT_NEXT_STMT_MONTH HV_ACCOUNT_NEXT_STMT_DELIM2 HV_ACCOUNT_NEXT_STMT_DELIM1 HV_ACCOUNT_NEXT_STMT_DAY HV_ACCOUNT_NEXT_STMT DELACC_NEXT_STMT_DT COMM_NEXT_ST_YY COMM_NEXT_ST_SPLIT COMM_NEXT_ST_MM COMM_NEXT_ST_DD COMM_NEXT_STMT_DT ACCOUNT_NEXT_STMT_YEAR ACCOUNT_NEXT_STMT_MONTH ACCOUNT_NEXT_STMT_DAY ACCOUNT_NEXT_STMT_DATE ,BNK1DAC BNK1CAC DELACC DELACC DELACC BANKDATA INQACC BANKDATA BANKDATA BANKDATA BANKDATA BANKDATA UPDACC DELACC BNK1DAC BNK1DAC BNK1DAC BNK1DAC BNK1UAC DELACC DELACC DELACC DELACC 
NEXTST,COMM_NEXTST_YEAR COMM_NEXTST_MONTH COMM_NEXTST_DAY ,UPDACC UPDACC UPDACC 
NO,NO_OF_ACCOUNTS NCS_CUST_NO_VALUE NCS_CUST_NO_TEST_SORT NCS_CUST_NO_NAME NCS_CUST_NO_INC NCS_ACC_NO_VALUE NCS_ACC_NO_TEST_SORT NCS_ACC_NO_NAME NCS_ACC_NO_INC NCS_ACC_NO_DISP MSG_NO HV_ACCOUNT_CUST_NO HV_ACCOUNT_ACC_NO DESIRED_ACC_NO ACCOUNT_CUST_NO ,BANKDATA CRECUST CRECUST CRECUST CRECUST INQACC CREACC INQACC CREACC CREACC CRECUST UPDACC UPDACC UPDACC DELACC 
NODUMP,NODUMP ,DELACC 
NOSUSPEND,NOSUSPEND ,CRECUST 
NOTFINISHED,NOTFINISHED ,CRECUST 
NOTFND,NOTFND ,CRECUST 
NOUCTRAN,NOUCTRAN ,BNK1DCS 
NOW,WS_TIME_NOW_GRP_MM WS_TIME_NOW_GRP_HH WS_TIME_NOW ,DELACC DELACC UPDACC 
NSTMTDDI,WS_NSTMTDDI NSTMTDDI ,BNK1UAC BNK1UAC 
NSTMTDDO,NSTMTDDO ,BNK1DAC 
NSTMTMMI,WS_NSTMTMMI NSTMTMMI ,BNK1UAC BNK1UAC 
NSTMTMMO,NSTMTMMO ,BNK1DAC 
NSTMTYYI,WS_NSTMTYYI NSTMTYYI ,BNK1UAC BNK1UAC 
NSTMTYYO,NSTMTYYO ,BNK1DAC 
NULL,NULL ,BNK1DAC 
NUM,WS_STDT_9_NUM WS_NUM_COUNT_TOTAL WS_NUM_COUNT_SPACE WS_NUM_COUNT_POINT WS_NUM_COUNT_MINUS HV_CONTROL_VALUE_NUM DOBMMI_NUM DOBDDI_NUM ,CREACC BNK1CRA BNK1CRA BNK1CRA BNK1TFN BANKDATA BNK1CCS BNK1CCS 
NUMBER,WS_STOREDC_NUMBER WS_ACCOUNT_NUMBER TITLE_NUMBER SUBPGM_NUMBER REQUIRED_CUST_NUMBER NUMBER_OF_CUSTOMERS NUMBER_OF_ACCOUNTS LAST_CUSTOMER_NUMBER LAST_ACCOUNT_NUMBER HV_PROCTRAN_ACC_NUMBER HV_ACCOUNT_NUMBER HOUSE_NUMBER CUSTOMER_NUMBER CUSTOMER_CONTROL_NUMBER COMM_NUMBER ACCOUNT_NUMBER ,DELCUS BANKDATA BANKDATA BNK1CAC INQCUST CRECUST BANKDATA CRECUST BANKDATA DELACC BANKDATA BANKDATA CRECUST CRECUST CRECUST DELACC 
NUMBER2,REQUIRED_CUST_NUMBER2 ,CRECUST 
NUMBER3,REQUIRED_ACCT_NUMBER3 ,CREACC 
NUMERIC,WS_STDT_9_NUMERIC RANDOM_SEED_NUMERIC ,CREACC BANKDATA 
NXT,STORED_NXT_STMT ,CREACC 
ODAPPLID,ODAPPLID ,BNK1CRA 
ODFACILNAME,ODFACILNAME ,BNK1CRA 
ODFACILTYPE,ODFACILTYPE ,BNK1CRA 
ODNETWORKID,ODNETWORKID ,BNK1CRA 
ODUSERID,ODUSERID ,BNK1CRA 
OF,WS_STOREDC_DATE_OF_BIRTH WS_DATE_OF_BIRTH_LILLIAN WS_DATE_OF_BIRTH_ERROR NUMBER_OF_CUSTOMERS NUMBER_OF_ACCOUNTS NO_OF_ACCOUNTS DATE_OF_BIRTH_FOR_CEEDAYS DATE_OF_BIRTH_FORMAT CUSTOMER_DATE_OF_BIRTH COMM_DATE_OF_BIRTH ,DELCUS CRECUST CRECUST CRECUST BANKDATA BANKDATA CRECUST CRECUST CRECUST CRECUST 
OPENDDI,OPENDDI ,BNK1UAC 
OPENDDO,OPENDDO ,BNK1DAC 
OPENED,WS_COMM_OPENED WS_ACCOUNT_OPENED_YEAR WS_ACCOUNT_OPENED_MONTH WS_ACCOUNT_OPENED_DAY SUBPGM_OPENED OPENED_DATE_VALID OPENED_DATE_ATTEMPTS INQACC_OPENED HV_ACCOUNT_OPENED_YEAR HV_ACCOUNT_OPENED_MONTH HV_ACCOUNT_OPENED_DELIM2 HV_ACCOUNT_OPENED_DELIM1 HV_ACCOUNT_OPENED_DAY HV_ACCOUNT_OPENED DELACC_OPENED COMM_OPENED_YEAR COMM_OPENED_SPLIT_YY COMM_OPENED_SPLIT_MM COMM_OPENED_SPLIT_DD COMM_OPENED_SPLIT COMM_OPENED_MONTH COMM_OPENED_DAY COMM_OPENED ACCOUNT_OPENED_YEAR ACCOUNT_OPENED_MONTH ACCOUNT_OPENED_DAY ACCOUNT_OPENED ,BNK1DAC BANKDATA BANKDATA BANKDATA BNK1CAC BANKDATA BANKDATA INQACC BANKDATA BANKDATA BANKDATA BANKDATA BANKDATA UPDACC DELACC UPDACC BNK1DAC BNK1DAC BNK1DAC BNK1DAC UPDACC UPDACC BNK1UAC DELACC DELACC DELACC DELACC 
OPENMMI,OPENMMI ,BNK1UAC 
OPENMMO,OPENMMO ,BNK1DAC 
OPENYYI,OPENYYI ,BNK1UAC 
OPENYYO,OPENYYO ,BNK1DAC 
ORIG,WS_ORIG_DATE_YYYY WS_ORIG_DATE_MM WS_ORIG_DATE_GRP_X WS_ORIG_DATE_DD WS_ORIG_DATE ,CRECUST CRECUST DELACC CRECUST UPDACC 
ORIGIN,COMM_ORIGIN ,DBCRFUN 
OUTPUT,OUTPUT_DATA OUTPUT_CUST_DATA ,DELACC DELCUS 
OVERDR,WS_COMM_OVERDR SUBPGM_OVERDR_LIM COMM_OVERDR_LIM ,BNK1CAC BNK1CAC CREACC 
OVERDRAFT,WS_OVERDRAFT_CONVERSION WS_COMM_OVERDRAFT WS_ACCOUNT_OVERDRAFT_LIM INQACC_OVERDRAFT HV_ACCOUNT_OVERDRAFT_LIMIT HV_ACCOUNT_OVERDRAFT_LIM DELACC_OVERDRAFT COMM_OVERDRAFT ACCOUNT_OVERDRAFT_LIMIT ACCOUNT_OVERDRAFT_COUNT ,BANKDATA BNK1DAC BANKDATA INQACC BANKDATA UPDACC DELACC UPDACC DELACC BANKDATA 
OVERDRI,OVERDRI ,BNK1CAC 
OVERDRL,OVERDRL ,BNK1CAC 
OVERDRO,OVERDRO ,BNK1DAC 
PARM,PARM_LENGTH PARM_BUFFER.PREMIERE PARM ,BANKDATA BANKDATA BANKDATA 
PARMS,SUBPGM_PARMS PARMS_SUBPGM_SCODE PARMS_SUBPGM_DEL_SUCCESS PARMS_SUBPGM_DEL_PCB3 PARMS_SUBPGM_DEL_PCB2 PARMS_SUBPGM_DEL_PCB1 PARMS_SUBPGM_DEL_FAIL_CD PARMS_SUBPGM_ACCNO PARMS_SUBPGM ,BNK1CRA BNK1DAC BNK1DAC BNK1DAC BNK1DAC BNK1DAC BNK1DAC BNK1DAC BNK1DAC 
PCB,INQCUST_PCB_POINTER COMM_PCB_POINTER ,BNK1DCS DELCUS 
PCB1,PARMS_SUBPGM_DEL_PCB1 INQACC_PCB1_POINTER DELACC_COMM_PCB1 COMM_PCB1_POINTER ,BNK1DAC BNK1DAC DELCUS BNK1UAC 
PCB2,PARMS_SUBPGM_DEL_PCB2 ,BNK1DAC 
PCB3,PARMS_SUBPGM_DEL_PCB3 ,BNK1DAC 
PIC9,INTRT_PIC9 ,BNK1CAC 
PICX,WS_CONVERT_PICX ,BNK1UAC 
POINT,WS_NUM_COUNT_POINT ,BNK1CRA 
POINTER,INQCUST_PCB_POINTER INQACC_PCB1_POINTER COMM_PCB_POINTER COMM_PCB1_POINTER ,BNK1DCS BNK1DAC DELCUS BNK1UAC 
PROC,PROC_TY_TRANSFER PROC_TY_BRANCH_DELETE_ACCOUNT PROC_TRAN_TYPE PROC_TRAN_TIME PROC_TRAN_DESC_XFR_SORTCODE PROC_TRAN_DESC_XFR_FLAG PROC_TRAN_DESC_XFR_ACCOUNT PROC_TRAN_DESC PROC_DESC_DELACC_NEXT_YYYY PROC_DESC_DELACC_NEXT_MM PROC_DESC_DELACC_NEXT_DD PROC_DESC_DELACC_LAST_YYYY PROC_DESC_DELACC_LAST_MM PROC_DESC_DELACC_LAST_DD PROC_DESC_DELACC_FLAG PROC_DESC_DELACC_CUSTOMER PROC_DESC_DELACC_ACCTYPE ,XFRFUN DELACC DELACC CRECUST XFRFUN XFRFUN XFRFUN DELACC DELACC DELACC DELACC DELACC DELACC DELACC DELACC DELACC DELACC 
PROCTRAN,PROCTRAN_AREA HV_PROCTRAN_TYPE HV_PROCTRAN_TIME HV_PROCTRAN_SORT_CODE HV_PROCTRAN_REF HV_PROCTRAN_EYECATCHER HV_PROCTRAN_DESC HV_PROCTRAN_DATE HV_PROCTRAN_AMOUNT HV_PROCTRAN_ACC_NUMBER HOST_PROCTRAN_ROW ,XFRFUN DELACC DELACC DELACC DELACC DELACC DELACC DELACC DELACC DELACC DELACC 
PROGRAM,ABND_PROGRAM ,DELACC 
PTR,TOWN_PTR SURNAMES_PTR STREET_NAME_T_PTR STREET_NAME_R_PTR INITIALS_PTR FORENAMES_PTR ACCOUNT_TYPES_PTR ,BANKDATA BANKDATA BANKDATA BANKDATA BANKDATA BANKDATA BANKDATA 
PUT,WS_PUT_CONT_NAME WS_PUT_CONT_LEN ,CRECUST CRECUST 
RANDOM,RANDOM_SEED_NUMERIC RANDOM_SEED RANDOM_CUSTOMER ,BANKDATA BANKDATA INQCUST 
RATE,WS_COMM_INT_RATE WS_ACCOUNT_INT_RATE INQACC_INT_RATE HV_ACCOUNT_INT_RATE HV_ACCOUNT_INTEREST_RATE DELACC_INT_RATE COMM_INT_RATE ACCOUNT_INTEREST_RATE ,BNK1DAC BANKDATA INQACC UPDACC BANKDATA DELACC UPDACC DELACC 
RATES,ACCOUNT_INT_RATES_COUNT ,BANKDATA 
READ,EXIT_VSAM_READ EXIT_DB2_READ ,INQCUST INQCUST 
REASON,DISP_REASON_CODE ,BANKDATA 
REC,WS_CUST_REC_LEN ABNDINFO_REC ,CRECUST DELACC 
RECORD,CUSTOMER_RECORD_STRUCTURE CUSTOMER_RECORD CUSTOMER_CONTROL_RECORD ,BANKDATA BANKDATA CRECUST 
REF,HV_PROCTRAN_REF DB2_DATE_REF_YR DB2_DATE_REF_MNTH DB2_DATE_REF_DAY ,DELACC UPDACC UPDACC UPDACC 
REFORMAT,DB2_DATE_REFORMAT ,UPDACC 
REM,WS_DT_REM ,BANKDATA 
REMAIN,WS_CONVERT_REMAIN ,BNK1UAC 
REQUIRED,REQUIRED_SORT_CODE2 REQUIRED_SORT_CODE REQUIRED_CUST_NUMBER2 REQUIRED_CUST_NUMBER REQUIRED_ACCT_NUMBER3 ,CREACC DELACC CRECUST INQCUST CREACC 
RESOURCE,RESOURCE ,CRECUST 
RESP,WS_CICS_RESP_DISP WS_CICS_RESP RESP ,BNKMENU CRECUST CRECUST 
RESP2,WS_CICS_RESP2_DISP WS_CICS_RESP2 RESP2 ,BNKMENU CRECUST CRECUST 
RESP2CODE,ABND_RESP2CODE ,DELACC 
RESPCODE,ABND_RESPCODE ,DELACC 
RETRIED,WS_V_RETRIED WS_D_RETRIED ,INQCUST INQCUST 
RETRIEVED,WS_RETRIEVED_CNT ,CRECUST 
RETRY,SYSIDERR_RETRY INQCUST_RETRY DB2_DEADLOCK_RETRY ,CRECUST INQCUST XFRFUN 
REVERSE,WS_REVERSE WS_AMOUNT_UNSTR_REVERSE ,BNK1CAC BNK1CRA 
REVIEW,WS_STOREDC_CS_REVIEW_DATE WS_REVIEW_DATE_ADD WS_NEW_REVIEW_YYYYMMDD WS_NEW_REVIEW_DATE_INT WS_COMM_CS_REVIEW_DATE SUBPGM_CS_REVIEW_DATE INQCUST_CS_REVIEW_YYYY INQCUST_CS_REVIEW_MM INQCUST_CS_REVIEW_DT INQCUST_CS_REVIEW_DD CUSTOMER_CS_REVIEW_YEAR CUSTOMER_CS_REVIEW_MONTH CUSTOMER_CS_REVIEW_DAY CUSTOMER_CS_REVIEW_DATE COMM_CS_REVIEW_YYYY COMM_CS_REVIEW_UPD_9 COMM_CS_REVIEW_MM COMM_CS_REVIEW_DD COMM_CS_REVIEW_DATE ,DELCUS CRECUST CRECUST CRECUST BNK1DCS BNK1CCS BNK1DCS BNK1DCS INQCUST BNK1DCS BANKDATA BANKDATA BANKDATA CRECUST DELCUS BNK1DCS DELCUS DELCUS CRECUST 
REVIEWX,COMM_CS_REVIEWX_YYYY COMM_CS_REVIEWX_MM COMM_CS_REVIEWX_DD ,BNK1DCS BNK1DCS BNK1DCS 
RIDFLD,RIDFLD ,CRECUST 
ROAD,STREET_NAME_ROAD ,BANKDATA 
ROW,HOST_PROCTRAN_ROW HOST_ACCOUNT_ROW ,DELACC XFRFUN 
RT,SUBPGM_INT_RT INT_RT_9 COMM_INT_RT ,BNK1CAC BNK1UAC CREACC 
RUN,WS_RUN_TRANSID ,CRECUST 
SCODE,WS_COMM_SCODE PARMS_SUBPGM_SCODE INQCUST_SCODE INQACC_SCODE DELACC_SCODE COMM_SCODE ,BNK1DAC BNK1DAC INQCUST INQACC DELACC UPDACC 
SCORE,WS_STOREDC_CREDIT_SCORE WS_CONT_IN_CREDIT_SCORE WS_COMM_CREDIT_SCORE WS_CHILD_DATA_CREDIT_SCORE SUBPGM_CREDIT_SCORE INQCUST_CREDIT_SCORE CUSTOMER_CREDIT_SCORE CREDIT_SCORE_X CREDIT_SCORE_9 COMM_CREDIT_SCORE ,DELCUS CRDTAGY4 BNK1DCS CRECUST BNK1CCS INQCUST CRECUST BNK1DCS BNK1DCS CRECUST 
SCR,WS_TOTAL_CS_SCR WS_ACTUAL_CS_SCR ,CRECUST CRECUST 
SCRDTDDI,SCRDTDDI ,BNK1DCS 
SCRDTDDO,SCRDTDDO ,BNK1DCS 
SCRDTMMI,SCRDTMMI ,BNK1DCS 
SCRDTMMO,SCRDTMMO ,BNK1DCS 
SCRDTYYI,SCRDTYYI ,BNK1DCS 
SCRDTYYO,SCRDTYYO ,BNK1DCS 
SECERROR,SECERROR ,CRECUST 
SECONDS,WS_TODAY_SECONDS SECONDS ,CRECUST CRECUST 
SEED,WS_SEED RANDOM_SEED_NUMERIC RANDOM_SEED ,CRECUST BANKDATA BANKDATA 
SEND,SEND_FLAG ,BNKMENU 
SIGN,WS_CONVERT_SIGN WS_COMM_SIGN DISP_SIGN COMM_SIGN ,BNK1UAC BNK1CRA BANKDATA BNK1CRA 
SIGNI,SIGNI ,BNK1CRA 
SIGNL,SIGNL ,BNK1CRA 
SORT,REQUIRED_SORT_CODE2 REQUIRED_SORT_CODE NCS_CUST_NO_TEST_SORT NCS_ACC_NO_TEST_SORT HV_PROCTRAN_SORT_CODE HV_ACCOUNT_SORT_CODE DESIRED_SORT_CODE ACCOUNT_SORT_CODE ,CREACC DELACC CRECUST CREACC DELACC BANKDATA UPDACC DELACC 
SORTC,SUBPGM_SORTC COMM_SORTC ,BNK1CRA DBCRFUN 
SORTCI,SORTCI ,BNK1DCS 
SORTCO,SORTCO ,BNK1CRA 
SORTCODE,WS_STOREDC_SORTCODE SUBPGM_SORTCODE STORED_SORTCODE SORTCODE PROC_TRAN_DESC_XFR_SORTCODE HV_ACCOUNT_SORTCODE DESIRED_KEY_SORTCODE CUSTOMER_SORTCODE CUSTOMER_CONTROL_SORTCODE COMM_SORTCODE ,DELCUS BNK1CAC CRECUST XFRFUN XFRFUN UPDACC DELCUS CRECUST CRECUST CRECUST 
SPACE,WS_NUM_COUNT_SPACE ,BNK1CRA 
SPLIT,WS_DATE_SPLIT_YY WS_DATE_SPLIT_MM WS_DATE_SPLIT_DD WS_DATE_SPLIT WS_ADDR_SPLIT COMM_OPENED_SPLIT_YY COMM_OPENED_SPLIT_MM COMM_OPENED_SPLIT_DD COMM_OPENED_SPLIT COMM_NEXT_ST_SPLIT COMM_LAST_ST_SPLIT COMM_DOB_SPLIT_YYYY COMM_DOB_SPLIT_MM COMM_DOB_SPLIT_DD COMM_DOB_SPLIT COMM_ADDR_UPD_SPLIT COMM_ADDR_SPLIT ,BNK1UAC BNK1UAC BNK1UAC BNK1UAC BNK1CCS BNK1DAC BNK1DAC BNK1DAC BNK1DAC BNK1DAC BNK1DAC BNK1DCS BNK1DCS BNK1DCS BNK1DCS BNK1DCS BNK1DCS 
SPLIT1,WS_ADDR_SPLIT1 COMM_ADDR_SPLIT1 ,BNK1CCS BNK1DCS 
SPLIT2,WS_ADDR_SPLIT2 COMM_ADDR_SPLIT2 ,BNK1CCS BNK1DCS 
SPLIT3,WS_ADDR_SPLIT3 COMM_ADDR_SPLIT3 ,BNK1CCS BNK1DCS 
SQLCD,DISP_SQLCD ,BANKDATA 
SQLCODE,WS_SQLCODE_DISPLAY WS_SQLCODE_DISP SQLCODE_DISPLAY SQLCODE ABND_SQLCODE ,BANKDATA XFRFUN UPDACC UPDACC DELACC 
SQLERRD,SQLERRD ,INQACC 
SQLERRMC,SQLERRMC ,DBCRFUN 
SQLERRML,SQLERRML ,DBCRFUN 
SQLSTATE,SQLSTATE ,INQACC 
SRTCDO,SRTCDO ,BNK1CAC 
ST,COMM_NEXT_ST_YY COMM_NEXT_ST_SPLIT COMM_NEXT_ST_MM COMM_NEXT_ST_DD COMM_LAST_ST_YY COMM_LAST_ST_SPLIT COMM_LAST_ST_MM COMM_LAST_ST_DD ,BNK1DAC BNK1DAC BNK1DAC BNK1DAC BNK1DAC BNK1DAC BNK1DAC BNK1DAC 
START,START_KEY ,BANKDATA 
STATUS,CUSTOMER_VSAM_STATUS ,BANKDATA 
STDT,WS_STDT_X WS_STDT_9_NUMERIC WS_STDT_9_NUM ,CREACC CREACC CREACC 
STEP,STEP_KEY ,BANKDATA 
STMT,WS_COMM_NEXT_STMT_DT WS_COMM_LAST_STMT_DT SUBPGM_NEXT_STMT_DT SUBPGM_LAST_STMT_DT STORED_NXT_STMT STORED_LST_STMT INQACC_NEXT_STMT_DT INQACC_LAST_STMT_DT HV_ACCOUNT_NEXT_STMT_YEAR HV_ACCOUNT_NEXT_STMT_MONTH HV_ACCOUNT_NEXT_STMT_DELIM2 HV_ACCOUNT_NEXT_STMT_DELIM1 HV_ACCOUNT_NEXT_STMT_DAY HV_ACCOUNT_NEXT_STMT HV_ACCOUNT_LAST_STMT_YEAR HV_ACCOUNT_LAST_STMT_MONTH HV_ACCOUNT_LAST_STMT_DELIM2 HV_ACCOUNT_LAST_STMT_DELIM1 HV_ACCOUNT_LAST_STMT_DAY HV_ACCOUNT_LAST_STMT DELACC_NEXT_STMT_DT DELACC_LAST_STMT_DT COMM_NEXT_STMT_DT COMM_LAST_STMT_DT ACCOUNT_NEXT_STMT_YEAR ACCOUNT_NEXT_STMT_MONTH ACCOUNT_NEXT_STMT_DAY ACCOUNT_NEXT_STMT_DATE ACCOUNT_LAST_STMT_YEAR ACCOUNT_LAST_STMT_MONTH ACCOUNT_LAST_STMT_DAY ACCOUNT_LAST_STMT_DATE ,BNK1DAC BNK1DAC BNK1CAC BNK1CAC CREACC CREACC INQACC INQACC BANKDATA BANKDATA BANKDATA BANKDATA BANKDATA UPDACC BANKDATA BANKDATA BANKDATA BANKDATA BANKDATA UPDACC DELACC DELACC BNK1UAC BNK1UAC DELACC DELACC DELACC DELACC DELACC DELACC DELACC DELACC 
STORE,ACCOUNT_ACT_BAL_STORE ,DELACC 
STORED,STORED_UCTRANS STORED_SORTCODE STORED_NXT_STMT STORED_NAME STORED_LST_STMT STORED_DOB STORED_CUSTNO STORED_ACCTYPE STORED_ACCNO ,BNK1DCS CRECUST CREACC CRECUST CREACC CRECUST CRECUST CREACC CREACC 
STOREDC,WS_STOREDC_SORTCODE WS_STOREDC_NUMBER WS_STOREDC_NAME WS_STOREDC_EYECATCHER WS_STOREDC_DATE_OF_BIRTH WS_STOREDC_CS_REVIEW_DATE WS_STOREDC_CREDIT_SCORE WS_STOREDC_ADDRESS ,DELCUS DELCUS DELCUS DELCUS DELCUS DELCUS DELCUS DELCUS 
STORM,WS_STORM_DRAIN STORM_DRAIN_CONDITION ,INQACC INQACC 
STR,HV_CONTROL_VALUE_STR ,BANKDATA 
STREET,STREET_NAME_T_PTR STREET_NAME_T_CNT STREET_NAME_TREE STREET_NAME_R_PTR STREET_NAME_R_CNT STREET_NAME_ROAD ,BANKDATA BANKDATA BANKDATA BANKDATA BANKDATA BANKDATA 
STRUCTURE,CUSTOMER_RECORD_STRUCTURE ,BANKDATA 
SUBPGM,SUBPGM_USERID SUBPGM_TSCODE SUBPGM_TAVBAL SUBPGM_TACTBAL SUBPGM_TACCNO SUBPGM_SUCCESS SUBPGM_SORTCODE SUBPGM_SORTC SUBPGM_PARMS SUBPGM_OVERDR_LIM SUBPGM_OPENED SUBPGM_NUMBER SUBPGM_NEXT_STMT_DT SUBPGM_NETWRK_ID SUBPGM_NAME SUBPGM_LAST_STMT_DT SUBPGM_INT_RT SUBPGM_FSCODE SUBPGM_FAVBAL SUBPGM_FAIL_CODE SUBPGM_FACTBAL SUBPGM_FACILTYPE SUBPGM_FACILITY_NAME SUBPGM_FACCNO SUBPGM_EYECATCHER SUBPGM_CUSTNO SUBPGM_CS_REVIEW_DATE SUBPGM_CREDIT_SCORE SUBPGM_BIRTH_YEAR SUBPGM_BIRTH_MONTH SUBPGM_BIRTH_DAY SUBPGM_AV_BAL SUBPGM_AVAIL_BAL SUBPGM_APPLID SUBPGM_AMT SUBPGM_ADDRESS SUBPGM_ACT_BAL SUBPGM_ACC_TYPE SUBPGM_ACCNO PARMS_SUBPGM_SCODE PARMS_SUBPGM_DEL_SUCCESS PARMS_SUBPGM_DEL_PCB3 PARMS_SUBPGM_DEL_PCB2 PARMS_SUBPGM_DEL_PCB1 PARMS_SUBPGM_DEL_FAIL_CD PARMS_SUBPGM_ACCNO PARMS_SUBPGM ,BNK1CRA BNK1TFN BNK1TFN BNK1TFN BNK1TFN BNK1CRA BNK1CAC BNK1CRA BNK1CRA BNK1CAC BNK1CAC BNK1CAC BNK1CAC BNK1CRA BNK1CCS BNK1CAC BNK1CAC BNK1TFN BNK1TFN BNK1CRA BNK1TFN BNK1CRA BNK1CRA BNK1TFN BNK1CAC BNK1CAC BNK1CCS BNK1CCS BNK1CCS BNK1CCS BNK1CCS BNK1CRA BNK1CAC BNK1CRA BNK1CRA BNK1CCS BNK1CRA BNK1CAC BNK1CRA BNK1DAC BNK1DAC BNK1DAC BNK1DAC BNK1DAC BNK1DAC BNK1DAC BNK1DAC 
SUCCESS,WS_COMM_SUCCESS SUBPGM_SUCCESS PARMS_SUBPGM_DEL_SUCCESS INQCUST_INQ_SUCCESS INQACC_SUCCESS DELACC_SUCCESS DELACC_DEL_SUCCESS COMM_UPD_SUCCESS COMM_SUCCESS COMM_DEL_SUCCESS ,BNK1DAC BNK1CRA BNK1DAC INQCUST INQACC DELACC DELACC BNK1DCS UPDACC DELCUS 
SURNAME,SURNAME ,BANKDATA 
SURNAMES,SURNAMES_PTR SURNAMES_CNT ,BANKDATA BANKDATA 
SW,VALID_DATA_SW ,BNKMENU 
SYNCONRETURN,SYNCONRETURN ,BNK1CRA 
SYSIDERR,SYSIDERR_RETRY SYSIDERR ,CRECUST CRECUST 
TACCNO,SUBPGM_TACCNO COMM_TACCNO ,BNK1TFN XFRFUN 
TACCNO2O,TACCNO2O ,BNK1TFN 
TACCNOI,TACCNOI ,BNK1TFN 
TACTBAL,SUBPGM_TACTBAL COMM_TACTBAL ,BNK1TFN XFRFUN 
TACTBALO,TACTBALO ,BNK1TFN 
TASKNO,ABND_TASKNO_KEY ,DELACC 
TAVBAL,SUBPGM_TAVBAL COMM_TAVBAL ,BNK1TFN XFRFUN 
TAVBALO,TAVBALO ,BNK1TFN 
TERM,WS_COMM_TERM COMM_TERM ,BNK1DCS BNK1DCS 
TEST,NCS_CUST_NO_TEST_SORT NCS_ACC_NO_TEST_SORT ,CRECUST CREACC 
TIME,WS_U_TIME WS_TIME_NOW_GRP_MM WS_TIME_NOW_GRP_HH WS_TIME_NOW PROC_TRAN_TIME HV_PROCTRAN_TIME ABND_TIME ,UPDACC DELACC DELACC UPDACC CRECUST DELACC DELACC 
TIMESTAMP,TIMESTAMP_FUNCTION ,BANKDATA 
TITLE,WS_UNSTR_TITLE WS_TITLE_VALID TITLE_WORDS TITLE_WORD TITLE_NUMBER TITLE_ALPHABET ,BNK1DCS BNK1DCS BANKDATA BANKDATA BANKDATA BANKDATA 
TKN,WS_CHILD_TKN WS_ANY_CHILD_TKN WS_ANY_CHILD_FETCH_TKN ,CRECUST CRECUST CRECUST 
TO,TO_AVAILABLE_BALANCE_DISPLAY TO_ACTUAL_BALANCE_DISPLAY ,BNK1TFN BNK1TFN 
TODAY,WS_TODAY_SECONDS WS_TODAY_LILLIAN WS_TODAY_INT WS_TODAY_G_YEAR WS_TODAY_GREGORIAN WS_DAY_TODAY ,CRECUST CRECUST CRECUST CRECUST CRECUST BANKDATA 
TOKEN,WS_TOKEN TOKEN ,DELCUS DELCUS 
TOTAL,WS_TOTAL_CS_SCR WS_NUM_COUNT_TOTAL ,CRECUST BNK1CRA 
TOWN,TOWN_PTR TOWN_COUNT TOWN ,BANKDATA BANKDATA BANKDATA 
TRAN,PROC_TRAN_TYPE PROC_TRAN_TIME PROC_TRAN_DESC_XFR_SORTCODE PROC_TRAN_DESC_XFR_FLAG PROC_TRAN_DESC_XFR_ACCOUNT PROC_TRAN_DESC ,DELACC CRECUST XFRFUN XFRFUN XFRFUN DELACC 
TRANID,ABND_TRANID ,DELACC 
TRANIDONLY,TRANIDONLY ,BNK1DCS 
TRANSFER,PROC_TY_TRANSFER ,XFRFUN 
TRANSID,WS_RUN_TRANSID TRANSID ,CRECUST CRECUST 
TREE,STREET_NAME_TREE ,BANKDATA 
TRUE,TRUE ,DELACC 
TSCODE,SUBPGM_TSCODE COMM_TSCODE ,BNK1TFN XFRFUN 
TSORTCO,TSORTCO ,BNK1TFN 
TY,PROC_TY_TRANSFER PROC_TY_BRANCH_DELETE_ACCOUNT ,XFRFUN DELACC 
TYPE,WS_COMM_ACC_TYPE WS_ACCOUNT_TYPE SUBPGM_ACC_TYPE PROC_TRAN_TYPE INQACC_ACC_TYPE HV_PROCTRAN_TYPE HV_ACCOUNT_TYPE HV_ACCOUNT_ACC_TYPE DELACC_ACC_TYPE COMM_ACC_TYPE ACCOUNT_TYPE ,BNK1DAC BANKDATA BNK1CAC DELACC INQACC DELACC BANKDATA UPDACC DELACC UPDACC DELACC 
TYPES,ACCOUNT_TYPES_PTR ACCOUNT_TYPES_COUNT ,BANKDATA BANKDATA 
UCTRAN,UCTRAN ,BNK1DCS 
UCTRANS,WS_UCTRANS STORED_UCTRANS ,BNK1DCS BNK1DCS 
UCTRANST,UCTRANST ,BNK1DCS 
UNSTR,WS_UNSTR_TITLE WS_AMOUNT_UNSTR_REVERSE WS_AMOUNT_UNSTR_L WS_AMOUNT_UNSTR ,BNK1DCS BNK1CRA BNK1CRA BNK1CRA 
UPD,COMM_UPD_SUCCESS COMM_UPD_FAIL_CD COMM_UPD COMM_DOB_UPD_9 COMM_CS_REVIEW_UPD_9 COMM_ADDR_UPD_SPLIT ,BNK1DCS BNK1DCS BNK1DCS BNK1DCS BNK1DCS BNK1DCS 
UPD1,COMM_ADDR_UPD1 ,BNK1DCS 
UPD2,COMM_ADDR_UPD2 ,BNK1DCS 
UPD3,COMM_ADDR_UPD3 ,BNK1DCS 
UPDATE,WS_COMM_UPDATE ,BNK1DCS 
UPDATED,NCS_UPDATED ,CRECUST 
UPDCUST,UPDCUST_COMMAREA ,BNK1DCS 
USERID,SUBPGM_USERID ,BNK1CRA 
UTIME,ABND_UTIME_KEY ,DELACC 
VAL1,WS_CONVERTED_VAL1 ,BNK1UAC 
VAL2,WS_CONVERTED_VAL2 ,BNK1UAC 
VAL3,WS_CONVERTED_VAL3 ,BNK1UAC 
VAL4,WS_CONVERTED_VAL4 ,BNK1UAC 
VALID,WS_TITLE_VALID VALID_DATA_SW OPENED_DATE_VALID ,BNK1DCS BNKMENU BANKDATA 
VALIDATE,WS_VALIDATE_NAME ,BNK1DCS 
VALUE,NCS_CUST_NO_VALUE NCS_ACC_NO_VALUE HV_CONTROL_VALUE_STR HV_CONTROL_VALUE_NUM ,CRECUST INQACC BANKDATA BANKDATA 
VSAM,EXIT_VSAM_READ CUSTOMER_VSAM_STATUS ABND_VSAM_KEY ,INQCUST BANKDATA ABNDPROC 
WEEKDAY,WS_WEEKDAY ,BANKDATA 
WEEKDAYS,WS_WEEKDAYS ,BANKDATA 
WORD,TITLE_WORD ,BANKDATA 
WORDS,TITLE_WORDS ,BANKDATA 
WS,WS_WEEKDAYS WS_WEEKDAY WS_V_RETRIED WS_VALIDATE_NAME WS_U_TIME WS_UNSTR_TITLE WS_UCTRANS WS_TOTAL_CS_SCR WS_TOKEN WS_TODAY_SECONDS WS_TODAY_LILLIAN WS_TODAY_INT WS_TODAY_G_YEAR WS_TODAY_GREGORIAN WS_TITLE_VALID WS_TIME_NOW_GRP_MM WS_TIME_NOW_GRP_HH WS_TIME_NOW WS_STORM_DRAIN WS_STOREDC_SORTCODE WS_STOREDC_NUMBER WS_STOREDC_NAME WS_STOREDC_EYECATCHER WS_STOREDC_DATE_OF_BIRTH WS_STOREDC_CS_REVIEW_DATE WS_STOREDC_CREDIT_SCORE WS_STOREDC_ADDRESS WS_STDT_X WS_STDT_9_NUMERIC WS_STDT_9_NUM WS_SQLCODE_DISPLAY WS_SQLCODE_DISP WS_SEED WS_RUN_TRANSID WS_REVIEW_DATE_ADD WS_REVERSE WS_RETRIEVED_CNT WS_PUT_CONT_NAME WS_PUT_CONT_LEN WS_OVERDRAFT_CONVERSION WS_ORIG_DATE_YYYY WS_ORIG_DATE_MM WS_ORIG_DATE_GRP_X WS_ORIG_DATE_DD WS_ORIG_DATE WS_NUM_COUNT_TOTAL WS_NUM_COUNT_SPACE WS_NUM_COUNT_POINT WS_NUM_COUNT_MINUS WS_NSTMTYYI WS_NSTMTMMI WS_NSTMTDDI WS_NEW_REVIEW_YYYYMMDD WS_NEW_REVIEW_DATE_INT WS_NEW_CREDSCORE WS_LSTMTYYI WS_LSTMTMMI WS_LSTMTDDI WS_INTEGER WS_INDEX WS_FUT_X_YY WS_FUT_X_MM WS_FUT_X_DD WS_FUT_9 WS_FUTURE_DATE WS_FINISHED_FETCHING WS_FAIL_INFO WS_EIBTASKN12 WS_D_RETRIED WS_DT_REM WS_DT WS_DIFFERENCE WS_DELAY_AMT WS_DAY_TODAY WS_DATE_SPLIT_YY WS_DATE_SPLIT_MM WS_DATE_SPLIT_DD WS_DATE_SPLIT WS_DATE_OF_BIRTH_LILLIAN WS_DATE_OF_BIRTH_ERROR WS_CUST_REC_LEN WS_CUST_DATA WS_CUSTOMER_AGE WS_CURRENT_DATE_DATA WS_CURRENT_DATE_9 WS_CREDIT_CHECK_ERROR WS_CONVERT_SIGN WS_CONVERT_REMAIN WS_CONVERT_PICX WS_CONVERT_DEC WS_CONVERTED_VAL4 WS_CONVERTED_VAL3 WS_CONVERTED_VAL2 WS_CONVERTED_VAL1 WS_CONT_IN_CREDIT_SCORE WS_CONT_IN WS_CONTAINER_NAME WS_CONTAINER_LEN WS_COMM_UPDATE WS_COMM_TERM WS_COMM_SUCCESS WS_COMM_SIGN WS_COMM_SCODE WS_COMM_OVERDRAFT WS_COMM_OVERDR WS_COMM_OPENED WS_COMM_NEXT_STMT_DT WS_COMM_NAME WS_COMM_LAST_STMT_DT WS_COMM_INT_RATE WS_COMM_INTRT WS_COMM_EYE WS_COMM_DOB WS_COMM_CUSTNO WS_COMM_CS_REVIEW_DATE WS_COMM_CREDIT_SCORE WS_COMM_AVAIL_BAL WS_COMM_AREA WS_COMM_AMT WS_COMM_ADDR WS_COMM_ACTUAL_BAL WS_COMM_ACC_TYPE WS_COMM_ACCTYPE WS_COMM_ACCNO WS_COMMAREA WS_CNT WS_CICS_RESP_DISP WS_CICS_RESP2_DISP WS_CICS_RESP2 WS_CICS_RESP WS_CICS_FAIL_MSG WS_CHILD_TKN WS_CHILD_ISSUED_CNT WS_CHILD_FETCH_COMPST WS_CHILD_DATA_CREDIT_SCORE WS_CHILD_DATA WS_CHILD_CONTAINER_LEN WS_CHILD_CHAN WS_CHANNEL_NAME WS_CC_CNT WS_APPLID WS_ANY_CHILD_TKN WS_ANY_CHILD_FETCH_TKN WS_ANY_CHILD_FETCH_CHAN WS_ANY_CHILD_FETCH_ABCODE WS_AMOUNT_UNSTR_REVERSE WS_AMOUNT_UNSTR_L WS_AMOUNT_UNSTR WS_AMOUNT_AS_FLOAT WS_ADDR_SPLIT3 WS_ADDR_SPLIT2 WS_ADDR_SPLIT1 WS_ADDR_SPLIT WS_ACTUAL_CS_SCR WS_ACCOUNT_TYPE WS_ACCOUNT_OVERDRAFT_LIM WS_ACCOUNT_OPENED_YEAR WS_ACCOUNT_OPENED_MONTH WS_ACCOUNT_OPENED_DAY WS_ACCOUNT_NUMBER WS_ACCOUNT_INT_RATE WS_ABND_AREA WS_ABCODE ,BANKDATA BANKDATA INQCUST BNK1DCS UPDACC BNK1DCS BNK1DCS CRECUST DELCUS CRECUST CRECUST CRECUST CRECUST CRECUST BNK1DCS DELACC DELACC UPDACC INQACC DELCUS DELCUS DELCUS DELCUS DELCUS DELCUS DELCUS DELCUS CREACC CREACC CREACC BANKDATA XFRFUN CRECUST CRECUST CRECUST BNK1CAC CRECUST CRECUST CRECUST BANKDATA CRECUST CRECUST DELACC CRECUST UPDACC BNK1CRA BNK1CRA BNK1CRA BNK1TFN BNK1UAC BNK1UAC BNK1UAC CRECUST CRECUST CRDTAGY4 BNK1UAC BNK1UAC BNK1UAC CREACC DELCUS CREACC CREACC CREACC CREACC CREACC CRECUST BNKMENU DELACC INQCUST BANKDATA BANKDATA DBCRFUN CRDTAGY4 BANKDATA BNK1UAC BNK1UAC BNK1UAC BNK1UAC CRECUST CRECUST CRECUST UPDCUST CRECUST CRECUST CRECUST CRECUST BNK1UAC BNK1UAC BNK1UAC BNK1UAC BNK1UAC BNK1UAC BNK1UAC BNK1UAC CRDTAGY4 CRDTAGY4 CRECUST CRDTAGY4 BNK1DCS BNK1DCS BNK1DAC BNK1CRA BNK1DAC BNK1DAC BNK1CAC BNK1DAC BNK1DAC BNK1DCS BNK1DAC BNK1DAC BNK1CAC BNK1DAC BNK1DCS BNK1DAC BNK1DCS BNK1DCS BNK1DAC BNK1CRA BNK1CRA BNK1DCS BNK1DAC BNK1DAC BNK1CAC BNK1CRA BNK1TFN BANKDATA BNKMENU BNKMENU CRECUST CRECUST BNKMENU CRECUST CRECUST CRECUST CRECUST CRECUST CRECUST CRECUST CRECUST CRECUST DELCUS CRECUST CRECUST CRECUST CRECUST BNK1CRA BNK1CRA BNK1CRA BNK1CRA BNK1CCS BNK1CCS BNK1CCS BNK1CCS CRECUST BANKDATA BANKDATA BANKDATA BANKDATA BANKDATA BANKDATA BANKDATA ABNDPROC BNK1CCS 
XFR,PROC_TRAN_DESC_XFR_SORTCODE PROC_TRAN_DESC_XFR_FLAG PROC_TRAN_DESC_XFR_ACCOUNT ,XFRFUN XFRFUN XFRFUN 
YEAR,WS_TODAY_G_YEAR WS_ACCOUNT_OPENED_YEAR SUBPGM_BIRTH_YEAR LEAP_YEAR HV_ACCOUNT_OPENED_YEAR HV_ACCOUNT_NEXT_STMT_YEAR HV_ACCOUNT_LAST_STMT_YEAR CUSTOMER_CS_REVIEW_YEAR CUSTOMER_BIRTH_YEAR COMM_OPENED_YEAR COMM_NEXTST_YEAR COMM_LASTST_YEAR COMM_CS_YEAR COMM_BIRTH_YEAR CEEDAYS_YEAR ACCOUNT_OPENED_YEAR ACCOUNT_NEXT_STMT_YEAR ACCOUNT_LAST_STMT_YEAR ,CRECUST BANKDATA BNK1CCS CREACC BANKDATA BANKDATA BANKDATA BANKDATA BANKDATA UPDACC UPDACC UPDACC BNK1DCS CRECUST CRECUST DELACC DELACC DELACC 
YR,DB2_DATE_REF_YR ,UPDACC 
YY,WS_FUT_X_YY WS_DATE_SPLIT_YY COMM_OPENED_SPLIT_YY COMM_NEXT_ST_YY COMM_LAST_ST_YY ,CREACC BNK1UAC BNK1DAC BNK1DAC BNK1DAC 
YYYY,WS_ORIG_DATE_YYYY PROC_DESC_DELACC_NEXT_YYYY PROC_DESC_DELACC_LAST_YYYY INQCUST_CS_REVIEW_YYYY COMM_DOB_SPLIT_YYYY COMM_DOBX_YYYY COMM_CS_REVIEW_YYYY COMM_CS_REVIEWX_YYYY ,CRECUST DELACC DELACC BNK1DCS BNK1DCS BNK1DCS DELCUS BNK1DCS 
YYYYMMDD,WS_NEW_REVIEW_YYYYMMDD ,CRECUST 
acctypl,acctypl ,BNK1CAC 
actual,actual_balance_display ,BNK1DAC 
available,available_balance_display ,BNK1DAC 
balance,available_balance_display actual_balance_display ACTual_balance_display ,BNK1DAC BNK1DAC BNK1DAC 
conv,datm_conv ,BANKDATA 
custnaml,custnaml ,BNK1DCS 
custnol,custnol ,BNK1DCS 
datm,datm_picture datm_length datm_format datm_conv ,BANKDATA BANKDATA BANKDATA BANKDATA 
display,ws_sqlcode_display available_balance_display actual_balance_display ACTual_balance_display ,BANKDATA BNK1DAC BNK1DAC BNK1DAC 
fc,fc ,BANKDATA 
format,datm_format ,BANKDATA 
gmt,gmt_seconds gmt_lilian ,BANKDATA BANKDATA 
key,step_key ,BANKDATA 
length,datm_length ,BANKDATA 
lilian,gmt_lilian ,BANKDATA 
messageo,messageo ,BNK1CCS 
next,period_next_f period_next ,BANKDATA BANKDATA 
overdri,overdri ,BNK1CAC 
period,period_next_f period_next ,BANKDATA BANKDATA 
picture,datm_picture ,BANKDATA 
seconds,gmt_seconds ,BANKDATA 
sqlcode,ws_sqlcode_display ,BANKDATA 
sqlerrd,sqlerrd ,BANKDATA 
sqlerrmL,sqlerrmL ,INQACC 
sqlerrmc,sqlerrmc ,INQACC 
step,step_key ,BANKDATA 
ws,ws_sqlcode_display ,BANKDATA 
