{
  "map": {
    "ACCOUNT-CONTROL-EYECATCHER-V": {
      "list": [
        "CTRL"
      ],
      "range": []
    },
    "ACCOUNT-CONTROL-SUCCESS": {
      "list": [
        "Y"
      ],
      "range": []
    },
    "CUSTOMER-CONTROL-EYECATCHER-V": {
      "list": [
        "CTRL"
      ],
      "range": []
    },
    "CUSTOMER-CONTROL-SUCCESS": {
      "list": [
        "Y"
      ],
      "range": []
    },
    "CUSTOMER-EYECATCHER-VALUE": {
      "list": [
        "CUST"
      ],
      "range": []
    }
  }
}