{
  "map": {
    "ACCOUNT-CONTROL-EYECATCHER-V": {
      "list": [
        "CTRL"
      ],
      "range": []
    },
    "ACCOUNT-CONTROL-SUCCESS": {
      "list": [
        "Y"
      ],
      "range": []
    },
    "ACCOUNT-EYECATCHER-VALUE": {
      "list": [
        "ACCT"
      ],
      "range": []
    },
    "DATASTORE-TYPE-DB2": {
      "list": [
        "2"
      ],
      "range": []
    },
    "DATASTORE-TYPE-VSAM": {
      "list": [
        "V"
      ],
      "range": []
    },
    "PROC-DESC-CREACC-FLAG": {
      "list": [
        "CREATE"
      ],
      "range": []
    },
    "PROC-DESC-CRECUS-FILLER-SET": {
      "list": [
        "-"
      ],
      "range": []
    },
    "PROC-DESC-CRECUS-FILLER2-SET": {
      "list": [
        "-"
      ],
      "range": []
    },
    "PROC-DESC-DELACC-FLAG": {
      "list": [
        "DELETE"
      ],
      "range": []
    },
    "PROC-DESC-DELCUS-FILLER-SET": {
      "list": [
        "-"
      ],
      "range": []
    },
    "PROC-DESC-DELCUS-FILLER2-SET": {
      "list": [
        "-"
      ],
      "range": []
    },
    "PROC-TRAN-DESC-XFR-FLAG": {
      "list": [
        "TRANSFER"
      ],
      "range": []
    },
    "PROC-TRAN-LOGICALLY-DELETED": {
      "list": [
        "X\u0027FF\u0027"
      ],
      "range": []
    },
    "PROC-TRAN-VALID": {
      "list": [
        "PRTR"
      ],
      "range": []
    },
    "PROC-TY-BRANCH-CREATE-ACCOUNT": {
      "list": [
        "OCA"
      ],
      "range": []
    },
    "PROC-TY-BRANCH-CREATE-CUSTOMER": {
      "list": [
        "OCC"
      ],
      "range": []
    },
    "PROC-TY-BRANCH-DELETE-ACCOUNT": {
      "list": [
        "ODA"
      ],
      "range": []
    },
    "PROC-TY-BRANCH-DELETE-CUSTOMER": {
      "list": [
        "ODC"
      ],
      "range": []
    },
    "PROC-TY-CHEQUE-ACKNOWLEDGED": {
      "list": [
        "CHA"
      ],
      "range": []
    },
    "PROC-TY-CHEQUE-FAILURE": {
      "list": [
        "CHF"
      ],
      "range": []
    },
    "PROC-TY-CHEQUE-PAID-IN": {
      "list": [
        "CHI"
      ],
      "range": []
    },
    "PROC-TY-CHEQUE-PAID-OUT": {
      "list": [
        "CHO"
      ],
      "range": []
    },
    "PROC-TY-CREATE-SODD": {
      "list": [
        "OCS"
      ],
      "range": []
    },
    "PROC-TY-CREDIT": {
      "list": [
        "CRE"
      ],
      "range": []
    },
    "PROC-TY-DEBIT": {
      "list": [
        "DEB"
      ],
      "range": []
    },
    "PROC-TY-PAYMENT-CREDIT": {
      "list": [
        "PCR"
      ],
      "range": []
    },
    "PROC-TY-PAYMENT-DEBIT": {
      "list": [
        "PDR"
      ],
      "range": []
    },
    "PROC-TY-TRANSFER": {
      "list": [
        "TFR"
      ],
      "range": []
    },
    "PROC-TY-WEB-CREATE-ACCOUNT": {
      "list": [
        "ICA"
      ],
      "range": []
    },
    "PROC-TY-WEB-CREATE-CUSTOMER": {
      "list": [
        "ICC"
      ],
      "range": []
    },
    "PROC-TY-WEB-DELETE-ACCOUNT": {
      "list": [
        "IDA"
      ],
      "range": []
    },
    "PROC-TY-WEB-DELETE-CUSTOMER": {
      "list": [
        "IDC"
      ],
      "range": []
    }
  }
}