{
  "map": {
    "INITIALS": "990",
    "OPENED-DATE-VALID": "918",
    "ACCOUNT_NEXT_STATEMENT": "819",
    "HV-ACCOUNT-CUST-NO": "824",
    "datm-format": "1457",
    "ACCOUNT_AVAILABLE_BALANCE": "820",
    "HV-ACCOUNT-OPENED-MONTH": "920",
    "sqlerrd": "1367",
    "CUSTOMER-SORTCODE": "531",
    "INITIALS-PTR": "504",
    "DISP-LOT": "1357",
    "HV-ACCOUNT-NEXT-STMT-DATE": "832",
    "START-KEY": "",
    "PARM-BUFFER.PREMIERE": "369",
    "WS-TODAY-INT": "1400",
    "HV-ACCOUNT-NUMBER": "855",
    "HV-ACCOUNT-LAST-STMT-DAY": "776",
    "WS-ACCOUNT-OPENED-DAY": "886",
    "DISP-SIGN": "1344",
    "ACCOUNT_ACTUAL_BALANCE": "821",
    "CUSTOMER-CONTROL-SORTCODE": "588",
    "TITLE-ALPHABET": "933",
    "WS-ACCOUNT-OVERDRAFT-LIM": "1174",
    "STREET-NAME-R-CNT": "1047",
    "FORENAMES-PTR": "502",
    "HV-ACCOUNT-TYPE": "827",
    "HV-ACCOUNT-LAST-STMT-DATE": "831",
    "WORK": "707",
    "PARM-LENGTH": "385",
    "FORENAME": "986",
    "HV-ACCOUNT-OPENED": "829",
    "HV-ACCOUNT-NEXT-STMT-DAY": "784",
    "NO-OF-ACCOUNTS": "705",
    "WS-WEEKDAYS": "1418",
    "CUSTOMER-CS-REVIEW-YEAR": "556",
    "sqlerrmL": "1361",
    "CUSTOMER-RECORD": "593",
    "TITLE-WORD": "500",
    "ACCOUNT-OVERDRAFT-COUNT": "1168",
    "ACCOUNT_OPENED": "816",
    "ACCOUNT-TYPES-PTR": "442",
    "SURNAMES-CNT": "992",
    "STREET-NAME-T-CNT": "1046",
    "gmt-seconds": "1450",
    "datm-length": "1456",
    "HV-ACCOUNT-NEXT-STMT-DELIM1": "779",
    "WS-OVERDRAFT-CONVERSION": "767",
    "HV-ACCOUNT-NEXT-STMT-DELIM2": "782",
    "HV-ACCOUNT-LAST-STMT-YEAR": "770",
    "SQLERRD": "1359",
    "WS-ACCOUNT-OPENED-MONTH": "890",
    "ACCOUNT_INTEREST_RATE": "815",
    "NUMBER-OF-CUSTOMERS": "477",
    "CUSTOMER-NUMBER": "742",
    "period-next-f": "1451",
    "ACCOUNT_LAST_STATEMENT": "818",
    "CONTROL_NAME": "1324",
    "LAST-ACCOUNT-NUMBER": "870",
    "INITIAL-CHARACTER": "504",
    "HV-ACCOUNT-OPENED-YEAR": "921",
    "STEP-KEY": "",
    "STREET-NAME-TREE": "1074",
    "TOWN-COUNT": "1097",
    "HV-ACCOUNT-SORT-CODE": "1224",
    "CUSTOMER-CREDIT-SCORE": "534",
    "sqlerrmc": "1361",
    "datm-picture": "1459",
    "ACCOUNT_CUSTOMER_NUMBER": "811",
    "period-next": "1458",
    "TITLE-NUMBER": "500",
    "HV-ACCOUNT-OPENED-DELIM2": "760",
    "CUSTOMER-CS-REVIEW-DAY": "560",
    "ACCOUNT_EYECATCHER": "810",
    "HOUSE-NUMBER": "511",
    "CUSTOMER-CONTROL-EYECATCHER": "590",
    "HV-ACCOUNT-LAST-STMT-MONTH": "773",
    "CUSTOMER-CONTROL-NUMBER": "589",
    "HV-CONTROL-VALUE-STR": "637",
    "HV-ACCOUNT-OPENED-DELIM1": "759",
    "HV-ACCOUNT-ACTUAL-BALANCE": "834",
    "ACCOUNT": "1193",
    "LAST-CUSTOMER-NUMBER": "476",
    "INITIALS-CNT": "988",
    "CUSTOMER-BIRTH-YEAR": "921",
    "RANDOM-SEED": "390",
    "HV-ACCOUNT-OVERDRAFT-LIMIT": "830",
    "HV-ACCOUNT-AVAILABLE-BALANCE": "833",
    "ACCOUNT_NUMBER": "813",
    "STREET-NAME-R-PTR": "516",
    "CUSTOMER-CONTROL-RECORD": "592",
    "TITLE-WORDS": "933",
    "CUSTOMER-EYECATCHER": "473",
    "ACCOUNT_SORTCODE": "1194",
    "WS-ACCOUNT-OPENED-YEAR": "896",
    "CUSTOMER-VSAM-STATUS": "597",
    "HV-ACCOUNT-INTEREST-RATE": "828",
    "NUMBER-OF-ACCOUNTS": "871",
    "gmt-lilian": "1442",
    "WS-ACCOUNT-INT-RATE": "1165",
    "WS-WEEKDAY": "1433",
    "HV-ACCOUNT-NEXT-STMT-YEAR": "778",
    "WS-DT-REM": "1433",
    "TOWN": "1148",
    "FORENAMES-CNT": "935",
    "WS-NEW-REVIEW-DATE-INT": "553",
    "RANDOM-SEED-NUMERIC": "429",
    "SQLCODE": "1341",
    "DISP-REASON-CODE": "1358",
    "fc": "1461",
    "WS-DAY-TODAY": "1433",
    "OPENED-DATE-ATTEMPTS": "917",
    "SURNAMES-PTR": "506",
    "HV-ACCOUNT-NEXT-STMT-MONTH": "781",
    "SQLSTATE": "1360",
    "ACCOUNT-TYPES-COUNT": "1151",
    "TIMESTAMP-FUNCTION": "1333",
    "HV-ACCOUNT-LAST-STMT-DELIM1": "771",
    "ACCOUNT_OVERDRAFT_LIMIT": "817",
    "ACCOUNT_TYPE": "814",
    "WS-CNT": "705",
    "COMMIT-COUNT": "584",
    "STREET-NAME-ROAD": "1095",
    "WS-NEW-REVIEW-YYYYMMDD": "559",
    "PARM": "385",
    "STREET-NAME-T-PTR": "513",
    "HV-ACCOUNT-OPENED-DAY": "919",
    "step-key": "403",
    "WS-CURRENT-DATE-9": "1401",
    "HV-ACCOUNT-EYECATCHER": "823",
    "WS-DT": "1426",
    "HV-CONTROL-VALUE-NUM": "661",
    "END-KEY": "469",
    "TOWN-PTR": "519",
    "CUSTOMER-BIRTH-MONTH": "920",
    "CUSTOMER-CS-REVIEW-MONTH": "558",
    "HV-CONTROL-NAME": "1356",
    "WS-ACCOUNT-NUMBER": "872",
    "CUSTOMER-ADDRESS": "521",
    "HV-ACCOUNT-LAST-STMT-DELIM2": "774",
    "CUSTOMER-BIRTH-DAY": "919",
    "DISP-SQLCD": "1340",
    "CUSTOMER-NAME": "507",
    "SURNAME": "1044",
    "datm-conv": "1460",
    "WS-REVIEW-DATE-ADD": "546",
    "NEXT-KEY": "",
    "ACCOUNT-INT-RATES-COUNT": "1160",
    "WS-SQLCODE-DISPLAY": "857",
    "CUSTOMER-RECORD-STRUCTURE": "594",
    "ws-sqlcode-display": "657",
    "WS-ACCOUNT-TYPE": "1157",
    "CUSTOMER-FILE": "669",
    "WS-CURRENT-DATE-DATA": "1398"
  }
}