{
  "map": {
    "DATAONLY": "823",
    "DATESEP": "1220",
    "ABND-SQLCODE": "540",
    "WS-FAIL-INFO": "555",
    "ABND-DATE": "525",
    "SUBPGM-FAVBAL": "650",
    "SUBPGM-TSCODE": "648",
    "WS-ORIG-DATE": "525",
    "WS-NUM-COUNT-POINT": "1157",
    "ABND-RESP2CODE": "547",
    "WS-COMMAREA": "249",
    "ABCODE": "977",
    "COMMAREA": "552",
    "ABND-APPLID": "517",
    "FIELD": "445",
    "TO-AVAILABLE-BALANCE-DISPLAY": "656",
    "DFHPF12": "209",
    "FROM-ACTUAL-BALANCE-DISPLAY": "653",
    "DFHPF3": "197",
    "WS-CICS-RESP-DISP": "558",
    "SEND-FLAG": "340",
    "MAP": "357",
    "SUBPGM-TACCNO": "647",
    "WS-U-TIME": "534",
    "ABND-TASKNO-KEY": "520",
    "FSORTCO": "646",
    "SUBPGM-FACCNO": "645",
    "WS-AMOUNT-AS-FLOAT": "1190",
    "MESSAGEO": "1200",
    "DFHAID": "209",
    "ABND-CODE": "535",
    "SUBPGM-FAIL-CODE": "586",
    "WS-TIME-NOW-GRP-HH": "526",
    "TAVBALO": "656",
    "SUBPGM-TACTBAL": "651",
    "ABND-TRANID": "521",
    "DFHRESP": "504",
    "SUBPGM-FSCODE": "646",
    "TACCNO2O": "647",
    "WS-AMOUNT-UNSTR-REVERSE": "1053",
    "SUBPGM-AMT": "494",
    "TSORTCO": "648",
    "FACTBALO": "653",
    "ABND-TIME": "531",
    "SYNCONRETURN": "501",
    "EIBRESP": "512",
    "ALARM": "824",
    "FACCNO2O": "645",
    "IMMEDIATE": "200",
    "TRANSID": "248",
    "DFHCLEAR": "218",
    "ABND-RESPCODE": "545",
    "MAPSET": "821",
    "DFHPA3": "191",
    "SUBPGM-SUCCESS": "629",
    "DFHPA2": "191",
    "DFHPA1": "191",
    "EIBRESP2": "513",
    "ABND-PROGRAM": "537",
    "DDMMYYYY": "1218",
    "NODUMP": "978",
    "SUBPGM-FACTBAL": "649",
    "WS-CICS-FAIL-MSG": "557",
    "SUBPGM-PARMS": "498",
    "APPLID": "517",
    "WS-NUM-COUNT-TOTAL": "1171",
    "ABND-UTIME-KEY": "534",
    "ABNDINFO-REC": "552",
    "AMTL": "1196",
    "EIBTASKN": "520",
    "TACCNOI": "488",
    "EIBCALEN": "183",
    "AMTI": "1044",
    "FACCNOI": "487",
    "RESP2": "500",
    "FAVBALO": "654",
    "TACTBALO": "655",
    "ABSTIME": "1217",
    "FREEKB": "902",
    "FROM-AVAILABLE-BALANCE-DISPLAY": "654",
    "EIBAID": "229",
    "BIF": "444",
    "DFHENTER": "229",
    "ABND-FREEFORM": "548",
    "WS-NUM-COUNT-MINUS": "1083",
    "WS-NUM-COUNT-SPACE": "1100",
    "BNK1TFO": "822",
    "WS-TIME-NOW": "1219",
    "BNK1TFI": "359",
    "EIBTRNID": "521",
    "WS-AMOUNT-UNSTR-L": "1188",
    "RESP": "499",
    "WS-CICS-RESP2-DISP": "559",
    "TO-ACTUAL-BALANCE-DISPLAY": "655",
    "WS-AMOUNT-UNSTR": "1188",
    "WS-TIME-NOW-GRP-MM": "530",
    "SUBPGM-TAVBAL": "652",
    "DEEDIT": "444",
    "VALID-DATA-SW": "336"
  }
}