{
  "map": {
    "DATAONLY": "1445",
    "DATESEP": "1634",
    "ABND-SQLCODE": "1020",
    "WS-FAIL-INFO": "1035",
    "ABND-DATE": "1005",
    "CUSTSNL": "913",
    "WS-ORIG-DATE": "1005",
    "CUSTSNI": "960",
    "ABND-RESP2CODE": "1027",
    "DOBMMI-CHAR": "888",
    "ABCODE": "1614",
    "UCTRANST": "1128",
    "COMMAREA": "1032",
    "ABND-APPLID": "997",
    "DOBMMI-NUM": "889",
    "CUSTSNO": "175",
    "DFHPF12": "219",
    "DOBYYI": "974",
    "EIBTRMID": "1127",
    "NOUCTRAN": "1125",
    "DFHPF3": "200",
    "WS-CICS-RESP-DISP": "1038",
    "DOBYYL": "925",
    "SUBPGM-BIRTH-YEAR": "1080",
    "SUBPGM-CS-REVIEW-DATE": "1092",
    "SEND-FLAG": "370",
    "DOBYYO": "1080",
    "SUBPGM-SORTCODE": "1073",
    "MAP": "501",
    "messageo": "1062",
    "WS-U-TIME": "1014",
    "SCRDTMMI": "496",
    "ABND-TASKNO-KEY": "1000",
    "CUSTTITL": "907",
    "CUSTTITO": "172",
    "SCRDTMMO": "1091",
    "CUSTAD2I": "968",
    "DFHCOMMAREA": "354",
    "MESSAGEO": "1071",
    "CUSTAD2O": "1085",
    "ABND-CODE": "1015",
    "SUBPGM-FAIL-CODE": "1060",
    "MESSAGEI": "498",
    "WS-TIME-NOW-GRP-HH": "1006",
    "UCTRAN": "1122",
    "MAPONLY": "237",
    "ABND-TRANID": "1001",
    "DFHRESP": "984",
    "SCRDTDDI": "495",
    "SCRDTDDO": "1089",
    "CUSTNO2L": "581",
    "CUSTAD3I": "969",
    "CUSTNO2I": "493",
    "SUBPGM-BIRTH-DAY": "1082",
    "SUBPGM-CREDIT-SCORE": "1087",
    "DFHVALUE": "1125",
    "CUSTAD3O": "1086",
    "CUSTNO2O": "1074",
    "ABND-TIME": "1011",
    "SYNCONRETURN": "981",
    "STORED-UCTRANS": "1116",
    "SUBPGM-ADDRESS": "1083",
    "EIBRESP": "992",
    "ALARM": "1444",
    "SUBPGM-NAME": "961",
    "IMMEDIATE": "210",
    "WS-UCTRANS": "1128",
    "TRANSID": "277",
    "DOBDDI-NUM": "878",
    "DFHCLEAR": "235",
    "ABND-RESPCODE": "1025",
    "MAPSET": "1442",
    "DFHPA3": "194",
    "SUBPGM-NUMBER": "1074",
    "WS-ADDR-SPLIT": "1083",
    "SUBPGM-SUCCESS": "1067",
    "DFHPA2": "194",
    "DFHPA1": "194",
    "EIBRESP2": "993",
    "ABND-PROGRAM": "1017",
    "DDMMYYYY": "1632",
    "SORTCI": "492",
    "NODUMP": "1615",
    "SORTCO": "1073",
    "WS-CICS-FAIL-MSG": "1037",
    "SUBPGM-PARMS": "978",
    "CUSTAD1I": "967",
    "BNK1CCO": "1443",
    "APPLID": "997",
    "CUSTAD1L": "916",
    "DOBMMI": "973",
    "CUSTAD1O": "1084",
    "ABND-UTIME-KEY": "1014",
    "CUSTTITI": "954",
    "DOBMML": "922",
    "ABNDINFO-REC": "1032",
    "DOBMMO": "1081",
    "BNK1CCI": "503",
    "EIBTASKN": "1000",
    "EIBCALEN": "170",
    "DOBDDI-CHAR": "876",
    "SCRDTYYI": "497",
    "ASIS": "505",
    "WS-COMM-TERM": "1209",
    "RESP2": "980",
    "CUSTINSI": "958",
    "SCRDTYYO": "1093",
    "CUSTINSO": "174",
    "ABSTIME": "1631",
    "DOBDDI": "972",
    "FREEKB": "1526",
    "DOBDDL": "919",
    "DOBDDO": "1082",
    "EIBAID": "256",
    "SUBPGM-BIRTH-MONTH": "1081",
    "DFHENTER": "256",
    "ABND-FREEFORM": "1028",
    "SUBPGM-EYECATCHER": "943",
    "WS-TIME-NOW": "1633",
    "CREDSCO": "1087",
    "WS-COMM-AREA": "354",
    "HANDLE-ABEND": "162",
    "CHRISTNI": "956",
    "CREDSCI": "494",
    "EIBTRNID": "1001",
    "CHRISTNL": "910",
    "CHRISTNO": "173",
    "RESP": "979",
    "WS-CICS-RESP2-DISP": "1039",
    "WS-ABCODE": "1652",
    "WS-ADDR-SPLIT2": "1085",
    "WS-ADDR-SPLIT1": "1084",
    "WS-TIME-NOW-GRP-MM": "1010",
    "VALID-DATA-SW": "1064",
    "TRANIDONLY": "1123",
    "WS-ADDR-SPLIT3": "1086"
  }
}