{
  "map": {
    "DATAONLY": "800",
    "DATESEP": "1162",
    "ABND-SQLCODE": "555",
    "WS-FAIL-INFO": "570",
    "ACCNOL": "243",
    "ABND-DATE": "540",
    "ACCNOO": "631",
    "WS-ORIG-DATE": "540",
    "ACCNOI": "488",
    "WS-NUM-COUNT-POINT": "1101",
    "ABND-RESP2CODE": "562",
    "ABCODE": "951",
    "COMMAREA": "567",
    "ABND-APPLID": "532",
    "FIELD": "447",
    "DFHPF12": "212",
    "DFHCOMMAREA.PREMIERE": "177",
    "COMM-ACCNO": "257",
    "DFHPF3": "200",
    "WS-COMM-SIGN": "258",
    "WS-CICS-RESP-DISP": "573",
    "SEND-FLAG": "354",
    "MAP": "371",
    "WS-U-TIME": "549",
    "ABND-TASKNO-KEY": "535",
    "WS-AMOUNT-AS-FLOAT": "498",
    "MESSAGEO": "625",
    "DFHAID": "212",
    "WS-COMM-ACCNO": "257",
    "ABND-CODE": "550",
    "ODNETWORKID": "507",
    "ACTUAL-BALANCE-DISPLAY": "636",
    "SUBPGM-FAIL-CODE": "616",
    "ODUSERID": "505",
    "WS-TIME-NOW-GRP-HH": "541",
    "SUBPGM-APPLID": "504",
    "ABND-TRANID": "536",
    "DFHRESP": "519",
    "SUBPGM-ACCNO": "631",
    "WS-AMOUNT-UNSTR-REVERSE": "1014",
    "SUBPGM-AMT": "498",
    "AVBALO": "637",
    "COMM-SIGN": "258",
    "WS-COMM-AMT": "259",
    "ABND-TIME": "546",
    "ASSOCIATION": "503",
    "SYNCONRETURN": "516",
    "AVAILABLE-BALANCE-DISPLAY": "637",
    "EIBRESP": "527",
    "ALARM": "801",
    "SUBPGM-FACILTYPE": "508",
    "SUBPGM-FACILITY-NAME": "506",
    "IMMEDIATE": "203",
    "BNK1CDO": "799",
    "SUBPGM-NETWRK-ID": "507",
    "TRANSID": "264",
    "DFHCLEAR": "222",
    "ABND-RESPCODE": "560",
    "MAPSET": "798",
    "DFHPA3": "194",
    "BNK1CDI": "373",
    "SUBPGM-SUCCESS": "581",
    "SIGNL": "464",
    "DFHPA2": "194",
    "DFHPA1": "194",
    "EIBRESP2": "528",
    "SIGNI": "494",
    "ABND-PROGRAM": "552",
    "DDMMYYYY": "1160",
    "SUBPGM-AV-BAL": "635",
    "NODUMP": "952",
    "SORTCO": "632",
    "WS-CICS-FAIL-MSG": "572",
    "SUBPGM-PARMS": "513",
    "APPLID": "532",
    "ODFACILTYPE": "508",
    "WS-NUM-COUNT-TOTAL": "1114",
    "ABND-UTIME-KEY": "549",
    "ABNDINFO-REC": "567",
    "AMTL": "1140",
    "EIBTASKN": "535",
    "EIBCALEN": "255",
    "AMTI": "1005",
    "RESP2": "515",
    "ODAPPLID": "504",
    "ABSTIME": "1159",
    "FREEKB": "879",
    "COMM-AMT": "259",
    "EIBAID": "234",
    "BIF": "446",
    "DFHENTER": "234",
    "ABND-FREEFORM": "563",
    "WS-NUM-COUNT-SPACE": "1044",
    "SUBPGM-SORTC": "632",
    "WS-TIME-NOW": "1161",
    "WS-COMM-AREA": "265",
    "SUBPGM-ACT-BAL": "634",
    "SUBPGM-USERID": "505",
    "EIBTRNID": "536",
    "WS-AMOUNT-UNSTR-L": "1131",
    "RESP": "514",
    "WS-CICS-RESP2-DISP": "574",
    "WS-AMOUNT-UNSTR": "1131",
    "WS-TIME-NOW-GRP-MM": "545",
    "ACTBALO": "636",
    "DEEDIT": "447",
    "VALID-DATA-SW": "583",
    "ODFACILNAME": "506"
  }
}