{
  "map": {
    "LSTMTDDO": "794",
    "DATAONLY": "983",
    "DATESEP": "1154",
    "ABND-SQLCODE": "597",
    "NSTMTDDO": "798",
    "PARMS-SUBPGM-SCODE": "776",
    "INQACC-OPENED": "670",
    "WS-FAIL-INFO": "721",
    "COMM-OPENED-SPLIT-YY": "673",
    "BNK1DAO": "982",
    "ACCNOL": "504",
    "ABND-DATE": "582",
    "INTRTO": "787",
    "WS-ORIG-DATE": "582",
    "ACCNOI": "551",
    "ABND-RESP2CODE": "604",
    "ACCNO2O": "785",
    "LSTMTMMO": "795",
    "ABCODE": "1134",
    "COMM-NEXT-ST-YY": "685",
    "OPENYYO": "791",
    "COMMAREA": "714",
    "PARMS-SUBPGM": "714",
    "NSTMTMMO": "799",
    "WS-COMM-SUCCESS": "288",
    "ABND-APPLID": "574",
    "FIELD": "512",
    "ACCNO2I": "707",
    "PARMS-SUBPGM-DEL-FAIL-CD": "758",
    "COMM-NEXT-ST-SPLIT": "682",
    "PARMS-SUBPGM-DEL-PCB1": "708",
    "PARMS-SUBPGM-DEL-PCB2": "709",
    "DFHPF12": "230",
    "PARMS-SUBPGM-DEL-PCB3": "710",
    "INQACC-NEXT-STMT-DT": "682",
    "COMM-LAST-ST-SPLIT": "677",
    "COMM-ACCNO": "531",
    "DFHPF3": "212",
    "WS-CICS-RESP-DISP": "724",
    "BNK1DAI": "429",
    "SEND-FLAG": "411",
    "DFHPF5": "398",
    "MAP": "427",
    "PARMS-SUBPGM-DEL-SUCCESS": "769",
    "WS-U-TIME": "591",
    "INQACC-AVAIL-BAL": "687",
    "COMM-NEXT-ST-DD": "683",
    "ABND-TASKNO-KEY": "577",
    "INQACC-ACTUAL-BAL": "688",
    "WS-COMM-CUSTNO": "277",
    "WS-COMM-SCODE": "278",
    "COMM-LAST-ST-YY": "680",
    "MESSAGEO": "813",
    "INQACC-PCB1-POINTER": "550",
    "WS-COMM-ACCNO": "279",
    "ABND-CODE": "592",
    "ACTUAL-BALANCE-DISPLAY": "805",
    "WS-TIME-NOW-GRP-HH": "583",
    "ABND-TRANID": "578",
    "WS-COMM-OPENED": "282",
    "DFHRESP": "720",
    "WS-COMM-OVERDRAFT": "283",
    "INQACC-LAST-STMT-DT": "677",
    "AVBALO": "804",
    "COMM-SCODE": "530",
    "ABND-TIME": "588",
    "CUSTNOO": "784",
    "SYNCONRETURN": "717",
    "INQACC-SUCCESS": "626",
    "AVAILABLE-BALANCE-DISPLAY": "804",
    "WS-COMM-INT-RATE": "281",
    "EIBRESP": "569",
    "ALARM": "984",
    "COMM-OPENED-SPLIT-MM": "672",
    "INQACC-ACCNO": "666",
    "actual-balance-display": "690",
    "IMMEDIATE": "215",
    "WS-COMM-ACC-TYPE": "280",
    "TRANSID": "296",
    "OVERDRO": "793",
    "DFHCLEAR": "240",
    "ABND-RESPCODE": "602",
    "INQACC-SCODE": "664",
    "MAPSET": "981",
    "DFHPA3": "206",
    "DFHPA2": "206",
    "DFHPA1": "206",
    "EIBRESP2": "570",
    "ABND-PROGRAM": "594",
    "LSTMTYYO": "796",
    "NULL": "710",
    "COMM-NEXT-ST-MM": "684",
    "DDMMYYYY": "1152",
    "OPENMMO": "790",
    "NSTMTYYO": "800",
    "NODUMP": "1135",
    "SORTCO": "783",
    "COMM-OPENED-SPLIT-DD": "671",
    "WS-CICS-FAIL-MSG": "723",
    "APPLID": "574",
    "ABND-UTIME-KEY": "591",
    "ABNDINFO-REC": "609",
    "available-balance-display": "689",
    "INQACC-OVERDRAFT": "675",
    "EIBTASKN": "577",
    "EIBCALEN": "274",
    "ACTual-balance-display": "688",
    "INQACC-EYE": "276",
    "OPENDDO": "789",
    "RESP2": "716",
    "COMM-OPENED-SPLIT": "670",
    "WS-COMM-NEXT-STMT-DT": "285",
    "COMM-LAST-ST-MM": "679",
    "ABSTIME": "1151",
    "FREEKB": "1063",
    "WS-COMM-ACTUAL-BAL": "287",
    "INQACC-COMMAREA": "555",
    "EIBAID": "398",
    "BIF": "511",
    "DFHENTER": "376",
    "ABND-FREEFORM": "605",
    "ACTYPEO": "786",
    "WS-COMM-EYE": "276",
    "WS-TIME-NOW": "1153",
    "WS-COMM-AREA": "297",
    "INQACC-ACC-TYPE": "667",
    "COMM-LAST-ST-DD": "678",
    "WS-COMM-LAST-STMT-DT": "284",
    "EIBTRNID": "578",
    "INQACC-CUSTNO": "665",
    "INQACC-INT-RATE": "668",
    "RESP": "715",
    "WS-CICS-RESP2-DISP": "725",
    "WS-TIME-NOW-GRP-MM": "587",
    "PARMS-SUBPGM-ACCNO": "810",
    "WS-COMM-AVAIL-BAL": "286",
    "ACTBALO": "805",
    "DEEDIT": "511",
    "VALID-DATA-SW": "775"
  }
}