{
  "map": {
    "DATAONLY": "1120",
    "DATESEP": "1294",
    "ABND-SQLCODE": "1246",
    "NSTMTDDO": "937",
    "SUBPGM-INT-RT": "952",
    "WS-FAIL-INFO": "1206",
    "ABND-DATE": "1231",
    "ACCNOO": "933",
    "INTRTO": "953",
    "WS-ORIG-DATE": "1231",
    "INTRTI": "658",
    "WS-NUM-COUNT-POINT": "622",
    "ABND-RESP2CODE": "1253",
    "INTRTL": "679",
    "SUBPGM-NEXT-STMT-DT": "939",
    "ABCODE": "1275",
    "OPENYYO": "936",
    "COMMAREA": "1258",
    "NSTMTMMO": "938",
    "ABND-APPLID": "1223",
    "FIELD": "710",
    "DFHPF12": "197",
    "DFHCOMMAREA.PREMIERE": "160",
    "LSTMDDO": "940",
    "DFHPF3": "185",
    "WS-CICS-RESP-DISP": "1209",
    "SEND-FLAG": "340",
    "SUBPGM-SORTCODE": "932",
    "MAP": "357",
    "WS-U-TIME": "1240",
    "ABND-TASKNO-KEY": "1226",
    "INTRTI-COMP-1": "673",
    "WS-COMM-CUSTNO": "240",
    "LSTMYYO": "942",
    "MESSAGEO": "739",
    "DFHAID": "197",
    "ABND-CODE": "1241",
    "ACTUAL-BALANCE-DISPLAY": "946",
    "SUBPGM-FAIL-CODE": "849",
    "SRTCDO": "932",
    "WS-TIME-NOW-GRP-HH": "1232",
    "SUBPGM-CUSTNO": "950",
    "ABND-TRANID": "1227",
    "DFHRESP": "1205",
    "INTRT-PIC9": "953",
    "BNK1CAO": "1119",
    "CUSTNOI": "448",
    "BNK1CAI": "359",
    "SUBPGM-AVAIL-BAL": "943",
    "WS-COMM-INTRT": "242",
    "SUBPGM-LAST-STMT-DT": "942",
    "ABND-TIME": "1237",
    "CUSTNOO": "950",
    "CUSTNOL": "736",
    "SYNCONRETURN": "780",
    "ACCTYPL": "736",
    "AVAILABLE-BALANCE-DISPLAY": "945",
    "ACCTYPO": "951",
    "EIBRESP": "1218",
    "ALARM": "1121",
    "SUBPGM-OVERDR-LIM": "954",
    "IMMEDIATE": "188",
    "TRANSID": "249",
    "OVERDRO": "954",
    "DFHCLEAR": "206",
    "ABND-RESPCODE": "1251",
    "OVERDRL": "729",
    "acctypl": "466",
    "MAPSET": "1118",
    "OVERDRI": "724",
    "DFHPA3": "179",
    "SUBPGM-NUMBER": "933",
    "SUBPGM-SUCCESS": "845",
    "DFHPA2": "179",
    "DFHPA1": "179",
    "EIBRESP2": "1219",
    "ABND-PROGRAM": "1243",
    "DDMMYYYY": "1292",
    "OPENMMO": "935",
    "NSTMTYYO": "939",
    "AVAILO": "945",
    "NODUMP": "1276",
    "WS-CICS-FAIL-MSG": "1208",
    "SUBPGM-PARMS": "777",
    "APPLID": "1223",
    "WS-NUM-COUNT-TOTAL": "701",
    "overdri": "717",
    "ABND-UTIME-KEY": "1240",
    "ABNDINFO-REC": "1258",
    "EIBTASKN": "1226",
    "ACCTYPI": "522",
    "EIBCALEN": "239",
    "WS-REVERSE": "685",
    "OPENDDO": "934",
    "RESP2": "1202",
    "LSTMMMO": "941",
    "ABSTIME": "1291",
    "FREEKB": "1200",
    "EIBAID": "218",
    "WS-COMM-ACCTYPE": "241",
    "BIF": "710",
    "WS-COMM-OVERDR": "243",
    "DFHENTER": "218",
    "ABND-FREEFORM": "1254",
    "SUBPGM-EYECATCHER": "754",
    "SUBPGM-OPENED": "936",
    "WS-TIME-NOW": "1293",
    "WS-COMM-AREA": "250",
    "SUBPGM-ACT-BAL": "944",
    "EIBTRNID": "1227",
    "RESP": "1201",
    "WS-CICS-RESP2-DISP": "1210",
    "WS-TIME-NOW-GRP-MM": "1236",
    "ACTBALO": "946",
    "DEEDIT": "710",
    "SUBPGM-ACC-TYPE": "951",
    "VALID-DATA-SW": "336"
  }
}