{
  "map": {
    "WS-COMM-CREDIT-SCORE": "320",
    "INQCUST-ADDR": "926",
    "COMM-CS-REVIEW-UPD-9": "1982",
    "ABND-DATE": "1781",
    "ABND-RESP2CODE": "1803",
    "COMM-DOBX-MM": "1971",
    "ABND-APPLID": "1773",
    "DFHCOMMAREA.PREMIERE": "189",
    "DOBYYI": "1141",
    "SEND-FLAG": "486",
    "DOBYYO": "1972",
    "DFHNEUTR": "2019",
    "WS-U-TIME": "1790",
    "COMM-CUSTNO": "2035",
    "COMM-CS-REVIEW-DATE": "1983",
    "ABND-TASKNO-KEY": "1776",
    "CUSTAD2A": "2015",
    "CUSTAD2C": "2014",
    "CUSTAD2H": "2016",
    "CUSTAD2I": "1133",
    "MESSAGEO": "482",
    "CUSTAD2O": "1965",
    "ABND-CODE": "1791",
    "UCTRAN": "1664",
    "WS-VALIDATE-NAME": "718",
    "ABND-TRANID": "1777",
    "DFHRESP": "1760",
    "COMM-DOB-SPLIT": "1954",
    "SCRDTDDI": "1146",
    "CUSTNO2C": "1996",
    "COMM-CS-YEAR": "1305",
    "COMM-DOB": "1973",
    "CUSTAD3A": "2020",
    "CUSTNO2A": "1997",
    "COMM-ADDR-UPD-SPLIT": "1967",
    "CUSTAD3C": "2019",
    "SCRDTDDO": "1978",
    "CUSTNO2L": "1274",
    "COMM-CS-REVIEWX-DD": "1978",
    "CUSTAD3H": "2021",
    "CUSTAD3I": "1135",
    "CUSTNO2I": "1129",
    "INQCUST-COMMAREA": "424",
    "WS-COMM-ADDR": "317",
    "CUSTAD3O": "1966",
    "CUSTNO2O": "2035",
    "COMM-UPD": "434",
    "INQCUST-CS-REVIEW-YYYY": "943",
    "EIBRESP": "1768",
    "WS-TITLE-VALID": "763",
    "COMM-CS-REVIEWX-MM": "1979",
    "IMMEDIATE": "235",
    "DFHBMASK": "1391",
    "TRANSID": "327",
    "DFHCLEAR": "273",
    "COMM-CREDIT-SCORE": "1976",
    "INQCUST-PCB-POINTER": "425",
    "MAPSET": "1565",
    "DFHPA3": "220",
    "COMM-DOBX-YYYY": "1972",
    "DFHPA2": "220",
    "DFHPA1": "220",
    "ABND-PROGRAM": "1793",
    "COMM-CS-MONTH": "1303",
    "custnol": "916",
    "DDMMYYYY": "1931",
    "SORTCI": "1128",
    "CUSTAD1A": "2010",
    "NODUMP": "1913",
    "SORTCO": "1960",
    "CUSTAD1C": "2009",
    "WS-CICS-FAIL-MSG": "1813",
    "CUSTAD1H": "2011",
    "CUSTAD1I": "1131",
    "CUSTAD1L": "787",
    "COMM-ADDR-SPLIT": "1949",
    "DOBMMI": "1140",
    "CUSTAD1O": "1964",
    "DOBMMO": "1971",
    "EIBTASKN": "1776",
    "EIBCALEN": "311",
    "ASIS": "602",
    "WS-COMM-TERM": "1752",
    "RESP2": "1757",
    "DELCUS-COMMAREA": "971",
    "CREDIT-SCORE-9": "1976",
    "FREEKB": "1836",
    "COMM-DOB-SPLIT-MM": "1956",
    "BIF": "690",
    "WS-COMM-DOB": "318",
    "WS-COMM-AREA": "1750",
    "WS-COMM-NAME": "316",
    "COMM-DEL-SUCCESS": "1079",
    "CREDIT-SCORE-X": "1975",
    "WS-CICS-RESP2-DISP": "1815",
    "VALID-DATA-SW": "475",
    "TRANIDONLY": "1665",
    "COMM-DEL-FAIL-CD": "1068",
    "COMM-DOBX-DD": "1970",
    "DATAONLY": "1567",
    "DATESEP": "1933",
    "COMM-NAME": "1962",
    "ABND-SQLCODE": "1796",
    "WS-FAIL-INFO": "1811",
    "COMM-CS-REVIEWX-YYYY": "1980",
    "INQCUST-CS-REVIEW-MM": "941",
    "WS-ORIG-DATE": "1781",
    "COMM-TERM": "312",
    "ABCODE": "1912",
    "UCTRANST": "1755",
    "COMMAREA": "1808",
    "FIELD": "691",
    "DFHPF12": "258",
    "DFHPF10": "468",
    "EIBTRMID": "1754",
    "NOUCTRAN": "1667",
    "DFHPF3": "226",
    "DFHGREEN": "2033",
    "DFHUNDLN": "2034",
    "WS-CICS-RESP-DISP": "1814",
    "DFHPF5": "449",
    "MAP": "598",
    "INQCUST-SCODE": "802",
    "SCRDTMMI": "1147",
    "custnaml": "770",
    "SCRDTMMO": "1979",
    "WS-COMM-SCODE": "314",
    "WS-COMM-CUSTNO": "315",
    "WS-UNSTR-TITLE": "723",
    "COMM-ADDR-SPLIT1": "1950",
    "DFHCOMMAREA": "1750",
    "COMM-ADDR-SPLIT2": "1951",
    "DFHAID": "258",
    "WS-COMM-CS-REVIEW-DATE": "322",
    "COMM-ADDR-SPLIT3": "1952",
    "UPDCUST-COMMAREA": "1157",
    "WS-TIME-NOW-GRP-HH": "1782",
    "COMM-EYE": "1959",
    "CUSTNOC": "2033",
    "CUSTNOA": "2027",
    "DFHVALUE": "1667",
    "CUSTNOH": "2034",
    "BNK1DCO": "1566",
    "COMM-SCODE": "1960",
    "CUSTNOI": "694",
    "DFHBMPRF": "2020",
    "BNK1DCI": "600",
    "ABND-TIME": "1787",
    "CUSTNOO": "2035",
    "CUSTNOL": "460",
    "COMM-DOB-UPD-9": "1973",
    "SYNCONRETURN": "1160",
    "STORED-UCTRANS": "1658",
    "ALARM": "1569",
    "COMM-UPD-FAIL-CD": "1232",
    "WS-UCTRANS": "1755",
    "INQCUST-CREDIT-SCORE": "936",
    "ABND-RESPCODE": "1801",
    "INQCUST-CUSTNO": "923",
    "CUSTNAMC": "1999",
    "CUSTNAMA": "2000",
    "EIBRESP2": "1769",
    "INQCUST-DOB": "931",
    "COMM-ADDR-UPD1": "1964",
    "COMM-DOB-SPLIT-YYYY": "1957",
    "INQCUST-NAME": "924",
    "NULL": "425",
    "CUSTNAML": "1373",
    "CUSTNAMI": "1130",
    "COMM-ADDR-UPD3": "1966",
    "COMM-ADDR-UPD2": "1965",
    "CUSTNAMH": "2001",
    "CUSTNAMO": "1962",
    "ABEND-HANDLING": "196",
    "COMM-ADDR": "1967",
    "APPLID": "1773",
    "ABND-UTIME-KEY": "1790",
    "ABNDINFO-REC": "1808",
    "COMM-UPD-SUCCESS": "1230",
    "DFHBMFSE": "2027",
    "SCRDTYYI": "1148",
    "COMM-CS-DAY": "1301",
    "SCRDTYYO": "1980",
    "WS-COMM-UPDATE": "323",
    "ABSTIME": "1930",
    "DOBDDI": "1139",
    "DOBDDO": "1970",
    "EIBAID": "468",
    "DFHENTER": "434",
    "ABND-FREEFORM": "1804",
    "WS-COMM-EYE": "313",
    "WS-TIME-NOW": "1932",
    "CREDSCO": "1975",
    "INQCUST-CS-REVIEW-DD": "939",
    "CREDSCI": "1143",
    "EIBTRNID": "1777",
    "COMM-DOB-SPLIT-DD": "1955",
    "RESP": "1756",
    "WS-TIME-NOW-GRP-MM": "1786",
    "DEEDIT": "690"
  }
}