{
  "map": {
    "WS-CONVERT-REMAIN": "940",
    "LSTMTDDO": "1048",
    "DATAONLY": "1228",
    "DATESEP": "1401",
    "ABND-SQLCODE": "1350",
    "NSTMTDDO": "1052",
    "WS-FAIL-INFO": "1366",
    "WS-DATE-SPLIT-DD": "1052",
    "WS-DATE-SPLIT": "1051",
    "LSTMTDDI": "907",
    "NSTMTDDI": "911",
    "ACCNOL": "877",
    "ABND-DATE": "1335",
    "INTRTO": "1042",
    "WS-ORIG-DATE": "1335",
    "INTRTI": "899",
    "ACCNOI": "496",
    "WS-NUM-COUNT-POINT": "610",
    "OPENYYI": "904",
    "ABND-RESP2CODE": "1357",
    "INTRTL": "675",
    "ACCNO2O": "1037",
    "LSTMTMMO": "1049",
    "ABCODE": "1382",
    "OPENYYO": "1046",
    "COMMAREA": "1362",
    "NSTMTMMO": "1053",
    "ABND-APPLID": "1327",
    "ACCNO2I": "894",
    "WS-NSTMTMMI": "747",
    "WS-DATE-SPLIT-MM": "1053",
    "DFHPF12": "233",
    "WS-CONVERT-PICX": "939",
    "COMM-ACCNO": "1037",
    "LSTMTMMI": "908",
    "NSTMTMMI": "912",
    "WS-LSTMTMMI": "723",
    "DFHPF3": "221",
    "WS-CICS-RESP-DISP": "1369",
    "SEND-FLAG": "404",
    "DFHPF5": "391",
    "MAP": "420",
    "WS-U-TIME": "1344",
    "COMM-CUSTNO": "1038",
    "ABND-TASKNO-KEY": "1330",
    "WS-NSTMTDDI": "747",
    "INTRTI-COMP-1": "900",
    "WS-COMM-CUSTNO": "282",
    "WS-COMM-SCODE": "283",
    "DFHCOMMAREA": "956",
    "WS-CONVERT-SIGN": "945",
    "MESSAGEO": "498",
    "DFHAID": "233",
    "WS-COMM-ACCNO": "284",
    "ABND-CODE": "1345",
    "ACTUAL-BALANCE-DISPLAY": "1059",
    "WS-TIME-NOW-GRP-HH": "1336",
    "COMM-NEXT-STMT-DT": "1051",
    "ABND-TRANID": "1331",
    "WS-COMM-OPENED": "287",
    "DFHRESP": "1314",
    "COMM-EYE": "281",
    "INTRT-PIC9": "1042",
    "WS-COMM-OVERDRAFT": "288",
    "AVBALO": "1058",
    "COMM-SCODE": "1039",
    "CUSTNOI": "896",
    "COMM-ACTUAL-BAL": "1057",
    "AVBALI": "925",
    "ABND-TIME": "1341",
    "CUSTNOO": "1038",
    "COMM-AVAIL-BAL": "1056",
    "SYNCONRETURN": "959",
    "AVAILABLE-BALANCE-DISPLAY": "1058",
    "WS-COMM-INT-RATE": "286",
    "WS-CONVERTED-VAL2": "943",
    "WS-CONVERTED-VAL1": "942",
    "EIBRESP": "1322",
    "WS-CONVERTED-VAL4": "951",
    "ALARM": "1229",
    "WS-CONVERTED-VAL3": "948",
    "IMMEDIATE": "224",
    "WS-COMM-ACC-TYPE": "285",
    "TRANSID": "296",
    "OVERDRO": "1055",
    "DFHCLEAR": "242",
    "COMM-OVERDRAFT": "1055",
    "ABND-RESPCODE": "1355",
    "OVERDRL": "906",
    "MAPSET": "1226",
    "OVERDRI": "906",
    "DFHPA3": "215",
    "DFHPA2": "215",
    "DFHPA1": "215",
    "EIBRESP2": "1323",
    "OPENMMI": "903",
    "ABND-PROGRAM": "1347",
    "LSTMTYYO": "1050",
    "COMM-LAST-STMT-DT": "1047",
    "NULL": "765",
    "DDMMYYYY": "1399",
    "OPENMMO": "1045",
    "NSTMTYYO": "1054",
    "SORTCI": "897",
    "NODUMP": "1383",
    "WS-NSTMTYYI": "731",
    "SORTCO": "1039",
    "WS-DATE-SPLIT-YY": "1054",
    "WS-CICS-FAIL-MSG": "1368",
    "WS-LSTMTYYI": "707",
    "COMM-ACC-TYPE": "1040",
    "LSTMTYYI": "909",
    "NSTMTYYI": "913",
    "APPLID": "1327",
    "WS-NUM-COUNT-TOTAL": "625",
    "ABND-UTIME-KEY": "1344",
    "ABNDINFO-REC": "1362",
    "EIBTASKN": "1330",
    "EIBCALEN": "280",
    "OPENDDI": "902",
    "OPENDDO": "1044",
    "RESP2": "1311",
    "BNK1UAI": "422",
    "COMM-PCB1-POINTER": "765",
    "WS-COMM-NEXT-STMT-DT": "290",
    "WS-LSTMTDDI": "723",
    "ABSTIME": "1398",
    "FREEKB": "1309",
    "WS-COMM-ACTUAL-BAL": "292",
    "BNK1UAO": "1227",
    "EIBAID": "391",
    "DFHENTER": "376",
    "ABND-FREEFORM": "1358",
    "ACTYPEO": "1040",
    "WS-COMM-EYE": "281",
    "ACTYPEL": "522",
    "ACTBALI": "939",
    "COMM-INT-RATE": "1041",
    "WS-TIME-NOW": "1400",
    "COMM-OPENED": "1043",
    "WS-COMM-AREA": "297",
    "WS-COMM-LAST-STMT-DT": "289",
    "COMM-SUCCESS": "1024",
    "EIBTRNID": "1331",
    "RESP": "1310",
    "WS-CICS-RESP2-DISP": "1370",
    "WS-TIME-NOW-GRP-MM": "1340",
    "WS-COMM-AVAIL-BAL": "291",
    "ACTBALO": "1059",
    "VALID-DATA-SW": "398",
    "ACTYPEI": "898",
    "INT-RT-9": "901",
    "WS-CONVERT-DEC": "941"
  }
}