{
  "map": {
    "DATAONLY": "1132",
    "DATESEP": "1307",
    "ABND-SQLCODE": "941",
    "EIBRESP": "913",
    "ALARM": "1133",
    "WS-FAIL-INFO": "957",
    "IMMEDIATE": "900",
    "TRANSID": "899",
    "DFHCLEAR": "141",
    "ABND-RESPCODE": "946",
    "ABND-DATE": "926",
    "MAPSET": "1130",
    "DFHPA3": "125",
    "WS-ORIG-DATE": "926",
    "DFHPA2": "125",
    "DFHPA1": "125",
    "EIBRESP2": "914",
    "ABND-RESP2CODE": "948",
    "ABND-PROGRAM": "938",
    "ABCODE": "1287",
    "DDMMYYYY": "1305",
    "COMMAREA": "953",
    "ABND-APPLID": "918",
    "NODUMP": "1288",
    "DFHPF12": "131",
    "WS-CICS-FAIL-MSG": "959",
    "APPLID": "918",
    "DFHPF3": "131",
    "ABND-UTIME-KEY": "935",
    "ABNDINFO-REC": "953",
    "WS-CICS-RESP-DISP": "960",
    "SEND-FLAG": "1128",
    "EIBTASKN": "921",
    "MAP": "275",
    "EIBCALEN": "116",
    "WS-U-TIME": "935",
    "ABND-TASKNO-KEY": "921",
    "RESP2": "902",
    "BNK1MEO": "1131",
    "ACTION-ALPHA": "370",
    "MESSAGEO": "367",
    "ABSTIME": "1304",
    "FREEKB": "1213",
    "ABND-CODE": "936",
    "ACTIONI": "897",
    "WS-TIME-NOW-GRP-HH": "927",
    "EIBAID": "152",
    "ACTIONL": "286",
    "COMMUNICATION-AREA": "172",
    "DFHENTER": "152",
    "ABND-TRANID": "922",
    "ABND-FREEFORM": "949",
    "DFHRESP": "905",
    "WS-TIME-NOW": "1306",
    "MAPFAIL": "284",
    "BNK1MEI": "277",
    "EIBTRNID": "922",
    "RESP": "901",
    "WS-CICS-RESP2-DISP": "961",
    "WS-TIME-NOW-GRP-MM": "931",
    "ABND-TIME": "932",
    "VALID-DATA-SW": "368"
  }
}