{
  "map": {
    "WS-DELAY-AMT": "128",
    "WS-CONT-IN-CREDIT-SCORE": "218",
    "WS-SEED": "125",
    "DATESEP": "269",
    "ABND-TASKNO-KEY": "149",
    "ABND-SQLCODE": "169",
    "RESP2": "230",
    "EIBRESP": "141",
    "WS-CHANNEL-NAME": "237",
    "ABSTIME": "266",
    "WS-CONTAINER-NAME": "236",
    "ABND-RESPCODE": "174",
    "ABND-DATE": "154",
    "WS-CONT-IN": "226",
    "ABND-CODE": "164",
    "WS-NEW-CREDSCORE": "218",
    "WS-TIME-NOW-GRP-HH": "155",
    "WS-ORIG-DATE": "267",
    "EIBRESP2": "142",
    "ABND-RESP2CODE": "176",
    "ABND-TRANID": "150",
    "ABND-PROGRAM": "166",
    "ABND-FREEFORM": "177",
    "DFHRESP": "233",
    "ABCODE": "186",
    "DDMMYYYY": "267",
    "COMMAREA": "181",
    "ABND-APPLID": "146",
    "SECONDS": "128",
    "WS-CICS-RESP": "235",
    "WS-TIME-NOW": "268",
    "WS-CICS-RESP2": "235",
    "APPLID": "146",
    "WS-CONTAINER-LEN": "238",
    "EIBTRNID": "150",
    "ABND-UTIME-KEY": "163",
    "CHANNEL": "228",
    "ABNDINFO-REC": "181",
    "RESP": "229",
    "CONTAINER": "225",
    "FLENGTH": "227",
    "WS-TIME-NOW-GRP-MM": "159",
    "EIBTASKN": "149",
    "ABND-TIME": "160",
    "WS-U-TIME": "266"
  }
}