{
  "map": {
    "WS-DELAY-AMT": "127",
    "WS-CONT-IN-CREDIT-SCORE": "219",
    "WS-SEED": "124",
    "DATESEP": "271",
    "ABND-TASKNO-KEY": "148",
    "ABND-SQLCODE": "168",
    "RESP2": "232",
    "EIBRESP": "140",
    "WS-CHANNEL-NAME": "239",
    "ABSTIME": "268",
    "WS-CONTAINER-NAME": "238",
    "ABND-RESPCODE": "173",
    "ABND-DATE": "153",
    "WS-CONT-IN": "228",
    "ABND-CODE": "163",
    "WS-NEW-CREDSCORE": "219",
    "WS-TIME-NOW-GRP-HH": "154",
    "WS-ORIG-DATE": "269",
    "EIBRESP2": "141",
    "ABND-RESP2CODE": "175",
    "ABND-TRANID": "149",
    "ABND-PROGRAM": "165",
    "ABND-FREEFORM": "176",
    "DFHRESP": "235",
    "ABCODE": "186",
    "DDMMYYYY": "269",
    "COMMAREA": "180",
    "ABND-APPLID": "145",
    "SECONDS": "127",
    "WS-CICS-RESP": "237",
    "WS-TIME-NOW": "270",
    "WS-CICS-RESP2": "237",
    "APPLID": "145",
    "WS-CONTAINER-LEN": "240",
    "EIBTRNID": "149",
    "ABND-UTIME-KEY": "162",
    "CHANNEL": "230",
    "ABNDINFO-REC": "180",
    "RESP": "231",
    "CONTAINER": "227",
    "FLENGTH": "229",
    "WS-TIME-NOW-GRP-MM": "158",
    "EIBTASKN": "148",
    "ABND-TIME": "159",
    "WS-U-TIME": "268"
  }
}