{
  "map": {
    "WS-DELAY-AMT": "128",
    "WS-CONT-IN-CREDIT-SCORE": "220",
    "WS-SEED": "125",
    "DATESEP": "271",
    "ABND-TASKNO-KEY": "149",
    "ABND-SQLCODE": "169",
    "RESP2": "232",
    "EIBRESP": "141",
    "WS-CHANNEL-NAME": "239",
    "ABSTIME": "268",
    "WS-CONTAINER-NAME": "238",
    "ABND-RESPCODE": "174",
    "ABND-DATE": "154",
    "WS-CONT-IN": "228",
    "ABND-CODE": "164",
    "WS-NEW-CREDSCORE": "220",
    "WS-TIME-NOW-GRP-HH": "155",
    "WS-ORIG-DATE": "269",
    "EIBRESP2": "142",
    "ABND-RESP2CODE": "176",
    "ABND-TRANID": "150",
    "ABND-PROGRAM": "166",
    "ABND-FREEFORM": "177",
    "DFHRESP": "235",
    "ABCODE": "187",
    "DDMMYYYY": "269",
    "COMMAREA": "181",
    "ABND-APPLID": "146",
    "SECONDS": "128",
    "WS-CICS-RESP": "237",
    "WS-TIME-NOW": "270",
    "WS-CICS-RESP2": "237",
    "APPLID": "146",
    "WS-CONTAINER-LEN": "240",
    "EIBTRNID": "150",
    "ABND-UTIME-KEY": "163",
    "CHANNEL": "230",
    "ABNDINFO-REC": "181",
    "RESP": "231",
    "CONTAINER": "227",
    "FLENGTH": "229",
    "WS-TIME-NOW-GRP-MM": "159",
    "EIBTASKN": "149",
    "ABND-TIME": "160",
    "WS-U-TIME": "268"
  }
}