{
  "map": {
    "WS-ORIG-DATE-GRP-X": "957",
    "HV-PROCTRAN-REF": "988",
    "DATESEP": "953",
    "ACCOUNT_NEXT_STATEMENT": "836",
    "ABND-SQLCODE": "1043",
    "HV-ACCOUNT-CUST-NO": "873",
    "PROCTRAN_AMOUNT": "979",
    "ACCOUNT_AVAILABLE_BALANCE": "837",
    "WS-ORIG-DATE-MM": "1200",
    "HV-ACCOUNT-OPENED-MONTH": "1194",
    "DONT-CARE": "1162",
    "COMM-NUMBER": "602",
    "PROCTRAN_TYPE": "977",
    "ABND-DATE": "1028",
    "HV-ACCOUNT-SORTCODE": "889",
    "WS-INTEGER": "1177",
    "WS-ORIG-DATE": "1028",
    "HV-PROCTRAN-SORT-CODE": "984",
    "LEAP-YEAR": "1164",
    "ABND-RESP2CODE": "1050",
    "ABCODE": "1059",
    "HV-ACCOUNT-LAST-STMT-DAY": "1198",
    "COMMAREA": "1055",
    "ACCOUNT-NUMBER": "602",
    "ABND-APPLID": "1020",
    "WS-EIBTASKN12": "940",
    "WS-CICS-RESP": "1001",
    "ACCOUNT_ACTUAL_BALANCE": "838",
    "DFHCOMMAREA.PREMIERE": "286",
    "HV-ACCOUNT-ACC-TYPE": "874",
    "WS-ORIG-DATE-DD": "1198",
    "CONTROL_VALUE_STR": "613",
    "SQLCODE-DISPLAY": "1043",
    "STORED-LST-STMT": "961",
    "INQACCCU-COMMAREA": "1088",
    "HV-PROCTRAN-TIME": "987",
    "HV-ACCOUNT-OPENED": "846",
    "HV-PROCTRAN-EYECATCHER": "983",
    "HV-ACCOUNT-NEXT-STMT-DAY": "904",
    "WS-U-TIME": "1037",
    "NCS-ACC-NO-DISP": "782",
    "ACCOUNT-NEXT-STMT-DATE": "1185",
    "PROCTRAN": "969",
    "COMM-CUSTNO": "1082",
    "ABND-TASKNO-KEY": "1023",
    "HV-PROCTRAN-ACC-NUMBER": "985",
    "COMM-OVERDR-LIM": "785",
    "HV-ACCOUNT-AVAIL-BAL": "850",
    "WS-FUTURE-DATE": "1185",
    "ACCOUNT_OPENED": "833",
    "WS-STDT-9-NUMERIC": "1131",
    "DFHCOMMAREA": "1223",
    "WS-STDT-X": "1126",
    "STORED-SORTCODE": "871",
    "ABND-CODE": "1038",
    "WS-FUT-9": "818",
    "HV-ACCOUNT-NEXT-STMT-DELIM1": "822",
    "HV-ACCOUNT-NEXT-STMT-DELIM2": "820",
    "WS-TIME-NOW-GRP-HH": "1029",
    "HV-ACCOUNT-ACC-NO": "890",
    "COMM-NEXT-STMT-DT": "909",
    "RESOURCE": "390",
    "HV-ACCOUNT-LAST-STMT-YEAR": "1202",
    "ABND-TRANID": "1024",
    "DFHRESP": "396",
    "WS-FUT-X-YY": "819",
    "ACCOUNT_INTEREST_RATE": "832",
    "HV-ACCOUNT-INT-RATE": "845",
    "CONTROL_VALUE_NUM": "695",
    "NCS-ACC-NO-NAME": "390",
    "HV-ACCOUNT-NEXT-STMT": "880",
    "CUSTOMER-NUMBER": "1083",
    "ACCOUNT_LAST_STATEMENT": "835",
    "INQCUST-COMMAREA": "304",
    "CONTROL_NAME": "696",
    "INQCUST-INQ-SUCCESS": "314",
    "NCS-ACC-NO-TEST-SORT": "387",
    "HV-ACCOUNT-OPENED-YEAR": "1196",
    "HOST-PROCTRAN-ROW": "1002",
    "ACCOUNT_CUSTOMER_NUMBER": "828",
    "STORED-CUSTNO": "959",
    "ABND-TIME": "1034",
    "COMM-ACT-BAL": "787",
    "HV-ACCOUNT-OPENED-DELIM2": "1195",
    "COMM-AVAIL-BAL": "786",
    "SYNCONRETURN": "1090",
    "ACCOUNT_EYECATCHER": "827",
    "EIBRESP": "1015",
    "HV-ACCOUNT-LAST-STMT-MONTH": "1200",
    "HV-CONTROL-VALUE-STR": "616",
    "HV-ACCOUNT-OPENED-DELIM1": "1193",
    "PROCTRAN_SORTCODE": "972",
    "PROCTRAN_DATE": "974",
    "ACCOUNT": "826",
    "INQCUST-CUSTNO": "301",
    "ABND-RESPCODE": "1048",
    "COMM-SORTCODE": "889",
    "HOST-ACCOUNT-ROW": "776",
    "ACCOUNT_NUMBER": "830",
    "EIBRESP2": "1016",
    "ABND-PROGRAM": "1040",
    "HV-ACCOUNT-LAST-STMT": "877",
    "COMM-LAST-STMT-DT": "903",
    "DDMMYYYY": "951",
    "NULL": "1085",
    "COMM-EYECATCHER": "911",
    "ACCOUNT-LAST-STMT-DATE": "1190",
    "NCS-ACC-NO-INC": "431",
    "HV-PROCTRAN-TYPE": "989",
    "NODUMP": "761",
    "ACCOUNT_SORTCODE": "829",
    "PROCTRAN_DESC": "978",
    "WS-CICS-RESP2": "1001",
    "COMM-ACC-TYPE": "1219",
    "COMM-PCB-POINTER": "1085",
    "REQUIRED-SORT-CODE": "439",
    "NUMBER-OF-ACCOUNTS": "1081",
    "APPLID": "1020",
    "COMM-INT-RT": "784",
    "WS-STDT-9-NUM": "1128",
    "HV-ACCOUNT-NEXT-STMT-YEAR": "908",
    "ACCOUNT-OPENED": "1190",
    "ABND-UTIME-KEY": "1037",
    "ABNDINFO-REC": "1055",
    "PROCTRAN_NUMBER": "973",
    "SQLCODE": "1006",
    "STORED-ACCNO": "938",
    "EIBTASKN": "1023",
    "HV-ACCOUNT-NEXT-STMT-MONTH": "906",
    "WS-ORIG-DATE-YYYY": "1202",
    "HV-ACCOUNT-LAST-STMT-DELIM1": "1199",
    "ACCOUNT_OVERDRAFT_LIMIT": "834",
    "WS-FUT-X-DD": "823",
    "ACCOUNT_TYPE": "831",
    "PROCTRAN_EYECATCHER": "971",
    "HV-PROCTRAN-DESC": "990",
    "RESP2": "393",
    "HV-ACCOUNT-OPENED-DAY": "1192",
    "HV-ACCOUNT-EYECATCHER": "840",
    "ABSTIME": "950",
    "HV-CONTROL-VALUE-NUM": "695",
    "COMM-FAIL-CODE": "1223",
    "HV-ACCOUNT-ACTUAL-BAL": "851",
    "STORED-ACCTYPE": "960",
    "PROC-TRAN-TIME": "1115",
    "HV-CONTROL-NAME": "696",
    "OUTPUT-DATA": "433",
    "HV-ACCOUNT-LAST-STMT-DELIM2": "1201",
    "ABND-FREEFORM": "1051",
    "HV-PROCTRAN-DATE": "986",
    "PROCTRAN_TIME": "975",
    "WS-FUT-X-MM": "821",
    "WS-TIME-NOW": "1241",
    "COMM-OPENED": "897",
    "PROCTRAN_REF": "976",
    "STORED-NXT-STMT": "962",
    "COMM-SUCCESS": "1222",
    "HV-PROCTRAN-AMOUNT": "991",
    "EIBTRNID": "1024",
    "RESP": "392",
    "WS-TIME-NOW-GRP-MM": "1033",
    "HV-ACCOUNT-OVERDRAFT-LIM": "847"
  }
}