{
  "map": {
    "SECERROR": "951",
    "WS-ORIG-DATE-GRP-X": "1158",
    "CEEDAYS-MONTH": "1376",
    "DATESEP": "1154",
    "HV-PROCTRAN-REF": "1188",
    "COMM-NAME": "1021",
    "ABND-SQLCODE": "1235",
    "PROCTRAN_AMOUNT": "1179",
    "INVREQ": "747",
    "WS-DATE-OF-BIRTH-LILLIAN": "1414",
    "WS-ORIG-DATE-MM": "984",
    "CUSTOMER-SORTCODE": "1109",
    "WS-CHILD-CONTAINER-LEN": "895",
    "COMM-NUMBER": "1357",
    "PROCTRAN_TYPE": "1177",
    "WS-CONTAINER-NAME": "914",
    "ABND-DATE": "1220",
    "CUSTOMER-KEY": "1051",
    "CUSTOMER-CONTROL": "1341",
    "CUSTOMER-DATE-OF-BIRTH": "1100",
    "WS-TOTAL-CS-SCR": "930",
    "WS-ORIG-DATE": "1220",
    "HV-PROCTRAN-SORT-CODE": "1184",
    "WS-TODAY-INT": "829",
    "ABND-RESP2CODE": "1246",
    "ABCODE": "1263",
    "RIDFLD": "1307",
    "COMMAREA": "1251",
    "WS-EIBTASKN12": "1141",
    "ABND-APPLID": "1212",
    "WS-CICS-RESP": "1347",
    "CUSTOMER-CONTROL-SORTCODE": "1287",
    "DFHCOMMAREA.PREMIERE": "354",
    "WS-ORIG-DATE-DD": "983",
    "CHILD": "584",
    "SQLCODE-DISPLAY": "1256",
    "DATE-OF-BIRTH-FOR-CEEDAYS": "1389",
    "CHANNEL": "893",
    "HV-PROCTRAN-TIME": "1187",
    "FLENGTH": "895",
    "WS-CHILD-DATA-CREDIT-SCORE": "930",
    "HV-PROCTRAN-EYECATCHER": "1183",
    "WS-U-TIME": "1229",
    "PROCTRAN": "1169",
    "WS-SEED": "826",
    "COMM-CS-REVIEW-DATE": "1025",
    "HV-PROCTRAN-ACC-NUMBER": "1185",
    "ABND-TASKNO-KEY": "1215",
    "CUSTOMER-CONTROL-KEY": "1307",
    "STORED-NAME": "1162",
    "ABEND": "932",
    "WS-CHANNEL-NAME": "608",
    "CUSTOMER-CS-REVIEW-DATE": "1025",
    "WS-TODAY-G-YEAR": "1405",
    "DFHCOMMAREA": "997",
    "DATE-OF-BIRTH-FORMAT": "1380",
    "STORED-SORTCODE": "1160",
    "ABND-CODE": "1230",
    "NCS-CUST-NO-TEST-SORT": "444",
    "COMM-BIRTH-DAY": "1377",
    "WS-TIME-NOW-GRP-HH": "1221",
    "WS-FINISHED-FETCHING": "798",
    "COMM-DATE-OF-BIRTH": "1023",
    "RESOURCE": "447",
    "ABND-TRANID": "1216",
    "DFHRESP": "1347",
    "WS-CHILD-TKN": "885",
    "NCS-CUST-NO-NAME": "447",
    "SECONDS": "1337",
    "WS-RETRIEVED-CNT": "928",
    "CEE000": "1398",
    "NOTFINISHED": "657",
    "CUSTOMER-NUMBER": "1357",
    "SYSIDERR": "1336",
    "NUMBER-OF-CUSTOMERS": "1082",
    "DFHVALUE": "951",
    "NCS-UPDATED": "497",
    "HOST-PROCTRAN-ROW": "1257",
    "WS-ANY-CHILD-FETCH-CHAN": "915",
    "NOTFND": "773",
    "CUSTOMER-CREDIT-SCORE": "1024",
    "STORED-CUSTNO": "1161",
    "ABND-TIME": "1226",
    "WS-ACTUAL-CS-SCR": "806",
    "COMM-BIRTH-YEAR": "1405",
    "NOSUSPEND": "641",
    "EIBRESP": "1207",
    "WS-CUSTOMER-AGE": "1408",
    "WS-RUN-TRANSID": "594",
    "KEYLENGTH": "1053",
    "CUSTOMER-CONTROL-NUMBER": "1288",
    "PROCTRAN_SORTCODE": "1172",
    "PROCTRAN_DATE": "1174",
    "TRANSID": "582",
    "WS-CHILD-DATA": "894",
    "LAST-CUSTOMER-NUMBER": "1356",
    "COMM-SORTCODE": "1110",
    "ABND-RESPCODE": "1244",
    "COMM-CREDIT-SCORE": "1024",
    "WS-PUT-CONT-LEN": "572",
    "WS-ANY-CHILD-TKN": "610",
    "EIBRESP2": "1208",
    "ABND-PROGRAM": "1232",
    "WS-CREDIT-CHECK-ERROR": "799",
    "WS-PUT-CONT-NAME": "570",
    "CUSTOMER-CONTROL-RECORD": "1084",
    "DDMMYYYY": "1152",
    "COMM-EYECATCHER": "1113",
    "COMPSTATUS": "642",
    "HV-PROCTRAN-TYPE": "1189",
    "CUSTOMER-EYECATCHER": "1018",
    "COMM-ADDRESS": "1022",
    "CEEDAYS-YEAR": "1375",
    "PROCTRAN_DESC": "1178",
    "WS-CICS-RESP2": "1343",
    "REQUIRED-SORT-CODE": "357",
    "COMM-BIRTH-MONTH": "1376",
    "NCS-CUST-NO-INC": "493",
    "APPLID": "1212",
    "ABND-UTIME-KEY": "1229",
    "ABNDINFO-REC": "1251",
    "WS-NEW-REVIEW-DATE-INT": "836",
    "PROCTRAN_NUMBER": "1173",
    "SQLCODE": "1199",
    "WS-ANY-CHILD-FETCH-ABCODE": "643",
    "MSG-NO": "1401",
    "WS-CC-CNT": "",
    "EIBTASKN": "1215",
    "FC": "1396",
    "WS-ORIG-DATE-YYYY": "985",
    "PROCTRAN_EYECATCHER": "1171",
    "HV-PROCTRAN-DESC": "1190",
    "RESP2": "1343",
    "WS-NEW-REVIEW-YYYYMMDD": "842",
    "WS-DATE-OF-BIRTH-ERROR": "1415",
    "WS-CHILD-ISSUED-CNT": "611",
    "WS-ANY-CHILD-FETCH-TKN": "859",
    "CEEDAYS-DAY": "1377",
    "WS-CURRENT-DATE-9": "818",
    "ABSTIME": "1151",
    "COMM-FAIL-CODE": "1416",
    "PROC-TRAN-TIME": "433",
    "OUTPUT-DATA": "1050",
    "CUSTOMER-ADDRESS": "1022",
    "HV-PROCTRAN-DATE": "1186",
    "ABND-FREEFORM": "1247",
    "PROCTRAN_TIME": "1175",
    "CUSTOMER-NAME": "1095",
    "WS-REVIEW-DATE-ADD": "829",
    "WS-CUST-REC-LEN": "1052",
    "WS-CHILD-FETCH-COMPST": "853",
    "WS-TIME-NOW": "1434",
    "WS-CHILD-CHAN": "609",
    "PROCTRAN_REF": "1176",
    "COMM-SUCCESS": "1348",
    "HV-PROCTRAN-AMOUNT": "1191",
    "EIBTRNID": "1216",
    "RESP": "1342",
    "WS-TODAY-GREGORIAN": "1395",
    "CONTAINER": "892",
    "WS-TODAY-LILLIAN": "1414",
    "WS-TIME-NOW-GRP-MM": "1225",
    "WS-TODAY-SECONDS": "1394",
    "SYSIDERR-RETRY": "",
    "WS-CURRENT-DATE-DATA": "814",
    "STORED-DOB": "1163"
  }
}