{
  "map": {
    "WS-ORIG-DATE-GRP-X": "487",
    "HV-PROCTRAN-REF": "544",
    "DATESEP": "483",
    "ACCOUNT_NEXT_STATEMENT": "403",
    "ABND-SQLCODE": "605",
    "HV-ACCOUNT-CUST-NO": "395",
    "PROCTRAN_AMOUNT": "535",
    "ACCOUNT_AVAILABLE_BALANCE": "404",
    "PROCTRAN_TYPE": "533",
    "ABND-DATE": "590",
    "HV-ACCOUNT-SORTCODE": "406",
    "STORM-DRAIN-CONDITION": "687",
    "HV-PROCTRAN-SORT-CODE": "540",
    "WS-ORIG-DATE": "590",
    "ABND-RESP2CODE": "616",
    "ABCODE": "631",
    "COMMAREA": "621",
    "WS-EIBTASKN12": "470",
    "ABND-APPLID": "582",
    "WS-CICS-RESP": "627",
    "ACCOUNT_ACTUAL_BALANCE": "405",
    "DFHCOMMAREA.PREMIERE": "199",
    "HV-ACCOUNT-ACC-TYPE": "398",
    "COMM-ACCNO": "468",
    "SQLCODE-DISPLAY": "558",
    "HV-PROCTRAN-TIME": "543",
    "HV-ACCOUNT-OPENED": "400",
    "HV-PROCTRAN-EYECATCHER": "539",
    "COMM-AV-BAL": "417",
    "WS-U-TIME": "599",
    "PROCTRAN": "525",
    "HV-PROCTRAN-ACC-NUMBER": "541",
    "ABND-TASKNO-KEY": "585",
    "HV-ACCOUNT-AVAIL-BAL": "416",
    "ACCOUNT_OPENED": "400",
    "ABND-CODE": "600",
    "HV-ACCOUNT-ACC-NO": "407",
    "WS-TIME-NOW-GRP-HH": "591",
    "ABND-TRANID": "586",
    "SQLERRD": "735",
    "DFHRESP": "569",
    "ACCOUNT_INTEREST_RATE": "399",
    "DESIRED-ACC-NO": "240",
    "HV-ACCOUNT-INT-RATE": "399",
    "HV-ACCOUNT-NEXT-STMT": "403",
    "ACCOUNT_LAST_STATEMENT": "402",
    "HOST-PROCTRAN-ROW": "626",
    "ACCOUNT_CUSTOMER_NUMBER": "395",
    "ABND-TIME": "596",
    "COMM-ACT-BAL": "419",
    "MY-ABEND-CODE": "835",
    "ACCOUNT_EYECATCHER": "394",
    "EIBRESP": "577",
    "WS-DIFFERENCE": "344",
    "PROCTRAN_SORTCODE": "528",
    "PROCTRAN_DATE": "530",
    "ACCOUNT": "393",
    "ABND-RESPCODE": "614",
    "DESIRED-SORT-CODE": "239",
    "ACCOUNT_NUMBER": "407",
    "EIBRESP2": "578",
    "ABND-PROGRAM": "602",
    "HV-ACCOUNT-LAST-STMT": "402",
    "DDMMYYYY": "481",
    "HV-PROCTRAN-TYPE": "545",
    "NODUMP": "836",
    "ACCOUNT_SORTCODE": "406",
    "PROCTRAN_DESC": "534",
    "WS-CICS-RESP2": "628",
    "ABEND-HANDLING": "208",
    "APPLID": "582",
    "ABND-UTIME-KEY": "599",
    "ABNDINFO-REC": "621",
    "COMM-SORTC": "467",
    "PROCTRAN_NUMBER": "529",
    "SQLCODE": "555",
    "EIBTASKN": "585",
    "SQLSTATE": "728",
    "ACCOUNT_OVERDRAFT_LIMIT": "401",
    "ACCOUNT_TYPE": "398",
    "PROCTRAN_EYECATCHER": "527",
    "HV-PROCTRAN-DESC": "546",
    "COMM-ORIGIN": "513",
    "RESP2": "566",
    "SQLERRML": "729",
    "HV-ACCOUNT-EYECATCHER": "394",
    "SQLERRMC": "729",
    "ABSTIME": "480",
    "COMM-FAIL-CODE": "650",
    "COMM-AMT": "519",
    "HV-ACCOUNT-ACTUAL-BAL": "418",
    "HV-PROCTRAN-DATE": "542",
    "ABND-FREEFORM": "617",
    "PROCTRAN_TIME": "531",
    "WS-STORM-DRAIN": "833",
    "WS-TIME-NOW": "856",
    "PROCTRAN_REF": "532",
    "COMM-FACILTYPE": "511",
    "COMM-SUCCESS": "649",
    "HV-PROCTRAN-AMOUNT": "547",
    "EIBTRNID": "586",
    "RESP": "565",
    "WS-TIME-NOW-GRP-MM": "595",
    "HV-ACCOUNT-OVERDRAFT-LIM": "401"
  }
}