{
  "map": {
    "WS-ORIG-DATE-GRP-X": "493",
    "DB2-DATE-REF-MNTH": "403",
    "HV-PROCTRAN-REF": "541",
    "DATESEP": "489",
    "ACCOUNT_NEXT_STATEMENT": "258",
    "ABND-SQLCODE": "589",
    "HV-ACCOUNT-CUST-NO": "374",
    "ACCOUNT-NEXT-STMT-DAY": "505",
    "PROCTRAN_AMOUNT": "532",
    "DELACC-EYE": "413",
    "DELACC-INT-RATE": "418",
    "ACCOUNT_AVAILABLE_BALANCE": "259",
    "PROC-DESC-DELACC-NEXT-DD": "506",
    "PROCTRAN_TYPE": "530",
    "ABND-DATE": "574",
    "HV-ACCOUNT-SORTCODE": "376",
    "PROC-DESC-DELACC-CUSTOMER": "495",
    "WS-ORIG-DATE": "574",
    "HV-PROCTRAN-SORT-CODE": "537",
    "ACCOUNT-LAST-STMT-DAY": "499",
    "ABND-RESP2CODE": "599",
    "ABCODE": "613",
    "PROC-DESC-DELACC-NEXT-YYYY": "510",
    "COMMAREA": "604",
    "ABND-APPLID": "566",
    "ACCOUNT-NUMBER": "474",
    "WS-EIBTASKN12": "476",
    "ACCOUNT_ACTUAL_BALANCE": "260",
    "DFHCOMMAREA.PREMIERE": "204",
    "HV-ACCOUNT-ACC-TYPE": "380",
    "SQLCODE-DISPLAY": "609",
    "PROC-TY-BRANCH-DELETE-ACCOUNT": "513",
    "DELACC-ACTUAL-BAL": "424",
    "HV-PROCTRAN-TIME": "540",
    "HV-ACCOUNT-OPENED": "384",
    "HV-PROCTRAN-EYECATCHER": "536",
    "ACCOUNT-OPENED-DAY": "386",
    "WS-U-TIME": "583",
    "ACCOUNT-NEXT-STMT-DATE": "422",
    "DELACC-DEL-FAIL-CD": "366",
    "PROCTRAN": "522",
    "DELACC-DEL-SUCCESS": "365",
    "DELACC-ACCNO": "416",
    "ABND-TASKNO-KEY": "569",
    "HV-PROCTRAN-ACC-NUMBER": "538",
    "HV-ACCOUNT-AVAIL-BAL": "407",
    "PROC-TRAN-TYPE": "518",
    "ACCOUNT-NEXT-STMT-YEAR": "509",
    "ACCOUNT_OPENED": "255",
    "DELACC-NEXT-STMT-DT": "422",
    "PROC-DESC-DELACC-ACCTYPE": "497",
    "DELACC-OVERDRAFT": "420",
    "ABND-CODE": "584",
    "PROC-DESC-DELACC-FLAG": "512",
    "HV-ACCOUNT-ACC-NO": "378",
    "WS-TIME-NOW-GRP-HH": "575",
    "ABND-TRANID": "570",
    "DELACC-OPENED": "419",
    "ACCOUNT_INTEREST_RATE": "254",
    "DELACC-SCODE": "415",
    "PROC-DESC-DELACC-LAST-YYYY": "504",
    "HV-ACCOUNT-INT-RATE": "382",
    "HV-ACCOUNT-NEXT-STMT": "400",
    "ACCOUNT_LAST_STATEMENT": "257",
    "PROC-DESC-DELACC-NEXT-MM": "508",
    "HOST-PROCTRAN-ROW": "610",
    "ACCOUNT_CUSTOMER_NUMBER": "250",
    "ABND-TIME": "580",
    "ACCOUNT-OVERDRAFT-LIMIT": "420",
    "ACCOUNT-ACT-BAL-STORE": "519",
    "PROC-DESC-DELACC-LAST-MM": "502",
    "ACCOUNT_EYECATCHER": "249",
    "ACCOUNT-CUST-NO": "495",
    "EIBRESP": "561",
    "PROCTRAN_SORTCODE": "525",
    "PROCTRAN_DATE": "527",
    "ACCOUNT": "273",
    "ABND-RESPCODE": "597",
    "ACCOUNT_NUMBER": "274",
    "EIBRESP2": "562",
    "ABND-PROGRAM": "586",
    "ACCOUNT-EYE-CATCHER": "413",
    "HV-ACCOUNT-LAST-STMT": "393",
    "ACCOUNT-NEXT-STMT-MONTH": "507",
    "DDMMYYYY": "487",
    "ACCOUNT-LAST-STMT-DATE": "421",
    "HV-PROCTRAN-TYPE": "542",
    "NODUMP": "340",
    "PROC-TRAN-DESC": "515",
    "TRUE": "513",
    "ACCOUNT_SORTCODE": "275",
    "PROCTRAN_DESC": "531",
    "REQUIRED-SORT-CODE": "207",
    "APPLID": "566",
    "ACCOUNT-OPENED": "419",
    "ABND-UTIME-KEY": "583",
    "ABNDINFO-REC": "604",
    "PROCTRAN_NUMBER": "526",
    "SQLCODE": "553",
    "EIBTASKN": "569",
    "ACCOUNT-ACTUAL-BALANCE": "425",
    "ACCOUNT-OPENED-YEAR": "390",
    "ACCOUNT_OVERDRAFT_LIMIT": "256",
    "ACCOUNT_TYPE": "253",
    "DB2-DATE-REF-DAY": "401",
    "PROCTRAN_EYECATCHER": "524",
    "HV-PROCTRAN-DESC": "543",
    "DELACC-LAST-STMT-DT": "421",
    "ACCOUNT-INTEREST-RATE": "418",
    "HV-ACCOUNT-EYECATCHER": "372",
    "ABSTIME": "486",
    "ACCOUNT-TYPE": "497",
    "HV-ACCOUNT-ACTUAL-BAL": "411",
    "DELACC-CUSTNO": "414",
    "OUTPUT-DATA": "351",
    "ACCOUNT-AVAILABLE-BALANCE": "423",
    "ABND-FREEFORM": "600",
    "HV-PROCTRAN-DATE": "539",
    "PROCTRAN_TIME": "528",
    "ACCOUNT-SORT-CODE": "473",
    "PROC-DESC-DELACC-LAST-DD": "500",
    "WS-TIME-NOW": "644",
    "ACCOUNT-OPENED-MONTH": "388",
    "ACCOUNT-LAST-STMT-MONTH": "501",
    "DB2-DATE-REFORMAT": "400",
    "ACCOUNT-LAST-STMT-YEAR": "503",
    "DELACC-AVAIL-BAL": "423",
    "PROCTRAN_REF": "529",
    "DELACC-SUCCESS": "364",
    "DELACC-ACC-TYPE": "417",
    "HV-PROCTRAN-AMOUNT": "544",
    "EIBTRNID": "570",
    "WS-TIME-NOW-GRP-MM": "579",
    "DB2-DATE-REF-YR": "405",
    "HV-ACCOUNT-OVERDRAFT-LIM": "391"
  }
}