{
  "map": {
    "WS-ORIG-DATE-GRP-X": "625",
    "HV-PROCTRAN-REF": "656",
    "DATESEP": "621",
    "COMM-CS-REVIEW-MM": "485",
    "ABND-SQLCODE": "553",
    "COMM-NAME": "461",
    "PROCTRAN_AMOUNT": "647",
    "INQCUST-INQ-FAIL-CD": "266",
    "CUSTOMER-SORTCODE": "456",
    "WS-STOREDC-NAME": "460",
    "DELACC-COMM-APPLID": "309",
    "WS-TOKEN": "509",
    "PROCTRAN_TYPE": "645",
    "ABND-DATE": "538",
    "WS-STOREDC-CREDIT-SCORE": "477",
    "DELACC-COMMAREA": "313",
    "CUSTOMER-DATE-OF-BIRTH": "473",
    "WS-STOREDC-NUMBER": "459",
    "WS-ORIG-DATE": "538",
    "HV-PROCTRAN-SORT-CODE": "652",
    "TOKEN": "509",
    "ABND-RESP2CODE": "561",
    "ABCODE": "575",
    "RIDFLD": "372",
    "COMM-CS-REVIEW-DD": "481",
    "COMMAREA": "566",
    "ABND-APPLID": "530",
    "WS-EIBTASKN12": "608",
    "WS-CICS-RESP": "571",
    "DFHCOMMAREA.PREMIERE": "246",
    "DESIRED-KEY": "572",
    "COMM-ACCNO": "310",
    "SQLCODE-DISPLAY": "723",
    "INQACCCU-COMMAREA": "335",
    "HV-PROCTRAN-TIME": "655",
    "HV-PROCTRAN-EYECATCHER": "651",
    "WS-U-TIME": "547",
    "PROCTRAN": "637",
    "COMM-CUSTNO": "459",
    "ABND-TASKNO-KEY": "533",
    "HV-PROCTRAN-ACC-NUMBER": "653",
    "CUSTOMER-CS-REVIEW-DATE": "487",
    "DFHCOMMAREA": "489",
    "ABND-CODE": "548",
    "COMM-BIRTH-DAY": "466",
    "WS-TIME-NOW-GRP-HH": "539",
    "ABND-TRANID": "534",
    "DFHRESP": "517",
    "COMM-EYE": "455",
    "DESIRED-KEY-CUSTOMER": "254",
    "SECONDS": "505",
    "CUSTOMER-NUMBER": "458",
    "SYSIDERR": "503",
    "INQCUST-COMMAREA": "261",
    "INQCUST-INQ-SUCCESS": "264",
    "HOST-PROCTRAN-ROW": "724",
    "NOTFND": "384",
    "COMM-SCODE": "457",
    "CUSTOMER-CREDIT-SCORE": "477",
    "ABND-TIME": "544",
    "SYNCONRETURN": "336",
    "COMM-BIRTH-YEAR": "475",
    "EIBRESP": "525",
    "WS-STOREDC-ADDRESS": "462",
    "PROCTRAN_SORTCODE": "640",
    "PROCTRAN_DATE": "642",
    "INQCUST-CUSTNO": "258",
    "ABND-RESPCODE": "559",
    "COMM-CREDIT-SCORE": "478",
    "WS-INDEX": "",
    "EIBRESP2": "526",
    "ABND-PROGRAM": "550",
    "DESIRED-KEY-SORTCODE": "251",
    "DDMMYYYY": "619",
    "HV-PROCTRAN-TYPE": "657",
    "CUSTOMER-EYECATCHER": "454",
    "WS-STOREDC-CS-REVIEW-DATE": "488",
    "NODUMP": "728",
    "PROCTRAN_DESC": "646",
    "WS-CICS-RESP2": "571",
    "COMM-PCB-POINTER": "331",
    "REQUIRED-SORT-CODE": "250",
    "NUMBER-OF-ACCOUNTS": "307",
    "COMM-BIRTH-MONTH": "470",
    "APPLID": "530",
    "COMM-ADDR": "463",
    "ABND-UTIME-KEY": "547",
    "ABNDINFO-REC": "566",
    "PROCTRAN_NUMBER": "641",
    "SQLCODE": "667",
    "EIBTASKN": "533",
    "PROCTRAN_EYECATCHER": "639",
    "HV-PROCTRAN-DESC": "658",
    "RESP2": "511",
    "OUTPUT-CUST-DATA": "373",
    "ABSTIME": "618",
    "COMM-CS-REVIEW-YYYY": "489",
    "DELACC-COMM-ACCNO": "310",
    "WS-STOREDC-SORTCODE": "456",
    "CUSTOMER-ADDRESS": "462",
    "ABND-FREEFORM": "562",
    "WS-STOREDC-EYECATCHER": "454",
    "HV-PROCTRAN-DATE": "654",
    "PROCTRAN_TIME": "643",
    "CUSTOMER-NAME": "460",
    "WS-APPLID": "309",
    "DELACC-COMM-PCB1": "332",
    "WS-TIME-NOW": "756",
    "PROCTRAN_REF": "644",
    "COMM-DEL-SUCCESS": "289",
    "HV-PROCTRAN-AMOUNT": "659",
    "EIBTRNID": "534",
    "RESP": "510",
    "WS-TIME-NOW-GRP-MM": "543",
    "COMM-DEL-FAIL-CD": "290",
    "SYSIDERR-RETRY": "",
    "WS-STOREDC-DATE-OF-BIRTH": "474"
  }
}