{
  "map": {
    "DB2-DATE-REF-MNTH": "565",
    "DATESEP": "998",
    "ACCOUNT_NEXT_STATEMENT": "853",
    "ABND-SQLCODE": "505",
    "HV-ACCOUNT-CUST-NO": "536",
    "ACCOUNT-NEXT-STMT-DAY": "564",
    "INQACC-OPENED": "238",
    "ACCOUNT_AVAILABLE_BALANCE": "854",
    "ABND-DATE": "490",
    "HV-ACCOUNT-SORTCODE": "538",
    "STORM-DRAIN-CONDITION": "618",
    "WS-ORIG-DATE": "490",
    "ACCOUNT-LAST-STMT-DAY": "557",
    "ABND-RESP2CODE": "478",
    "ABCODE": "524",
    "COMMAREA": "517",
    "ACCOUNT-NUMBER": "541",
    "ABND-APPLID": "482",
    "WS-CICS-RESP": "745",
    "ACCOUNT_ACTUAL_BALANCE": "855",
    "DFHCOMMAREA.PREMIERE": "203",
    "INQACC-NEXT-STMT-DT": "241",
    "HV-ACCOUNT-ACC-TYPE": "542",
    "SQLCODE-DISPLAY": "522",
    "NCS-ACC-NO-VALUE": "831",
    "HV-ACCOUNT-OPENED": "546",
    "ACCOUNT-OPENED-DAY": "548",
    "WS-U-TIME": "499",
    "ACCOUNT-NEXT-STMT-DATE": "241",
    "INQACC-AVAIL-BAL": "242",
    "sqlerrmL": "659",
    "ABND-TASKNO-KEY": "485",
    "HV-ACCOUNT-AVAIL-BAL": "569",
    "ACCOUNT-NEXT-STMT-YEAR": "568",
    "ACCOUNT_OPENED": "850",
    "INQACC-ACTUAL-BAL": "243",
    "ABND-CODE": "500",
    "HV-ACCOUNT-ACC-NO": "540",
    "WS-TIME-NOW-GRP-HH": "491",
    "ACC-CURSOR": "431",
    "ABND-TRANID": "486",
    "SQLERRD": "665",
    "DFHRESP": "687",
    "ACCOUNT_INTEREST_RATE": "849",
    "HV-ACCOUNT-INT-RATE": "544",
    "NCS-ACC-NO-NAME": "928",
    "HV-ACCOUNT-NEXT-STMT": "562",
    "ACCOUNT_LAST_STATEMENT": "852",
    "INQACC-LAST-STMT-DT": "240",
    "sqlerrmc": "659",
    "ACCOUNT_CUSTOMER_NUMBER": "845",
    "ABND-TIME": "496",
    "ACCOUNT-OVERDRAFT-LIMIT": "554",
    "MY-ABEND-CODE": "814",
    "INQACC-SUCCESS": "756",
    "ACCOUNT_EYECATCHER": "844",
    "ACCOUNT-CUST-NO": "537",
    "EIBRESP": "477",
    "INQACC-ACCNO": "454",
    "DESC": "870",
    "ACCOUNT": "868",
    "ABND-RESPCODE": "477",
    "INQACC-SCODE": "234",
    "ACCOUNT_NUMBER": "870",
    "EIBRESP2": "478",
    "ABND-PROGRAM": "502",
    "ACCOUNT-EYE-CATCHER": "535",
    "HV-ACCOUNT-LAST-STMT": "555",
    "ACCOUNT-NEXT-STMT-MONTH": "566",
    "DDMMYYYY": "996",
    "ACCOUNT-LAST-STMT-DATE": "240",
    "NODUMP": "526",
    "ACCOUNT_SORTCODE": "869",
    "WS-CICS-RESP2": "746",
    "ABEND-HANDLING": "211",
    "REQUIRED-SORT-CODE": "841",
    "APPLID": "482",
    "ACCOUNT-OPENED": "238",
    "ABND-UTIME-KEY": "499",
    "ABNDINFO-REC": "517",
    "SQLCODE": "468",
    "INQACC-OVERDRAFT": "239",
    "ACCOUNT-ACTUAL-BALANCE": "572",
    "EIBTASKN": "485",
    "ACCOUNT-OPENED-YEAR": "552",
    "INQACC-EYE": "232",
    "SQLSTATE": "658",
    "ACCOUNT_OVERDRAFT_LIMIT": "851",
    "ACCOUNT_TYPE": "848",
    "DB2-DATE-REF-DAY": "563",
    "RESP2": "684",
    "ACCOUNT-INTEREST-RATE": "545",
    "HV-ACCOUNT-EYECATCHER": "534",
    "ABSTIME": "995",
    "ACCOUNT-TYPE": "543",
    "HV-ACCOUNT-ACTUAL-BAL": "571",
    "OUTPUT-DATA": "452",
    "ACCOUNT-AVAILABLE-BALANCE": "570",
    "ABND-FREEFORM": "513",
    "ACCOUNT-SORT-CODE": "539",
    "WS-STORM-DRAIN": "763",
    "WS-TIME-NOW": "997",
    "ACCOUNT-OPENED-MONTH": "550",
    "ACCOUNT-LAST-STMT-MONTH": "559",
    "DB2-DATE-REFORMAT": "562",
    "ACCOUNT-LAST-STMT-YEAR": "561",
    "INQACC-ACC-TYPE": "236",
    "EIBTRNID": "486",
    "INQACC-CUSTNO": "233",
    "INQACC-INT-RATE": "237",
    "RESP": "683",
    "WS-TIME-NOW-GRP-MM": "495",
    "DB2-DATE-REF-YR": "567",
    "HV-ACCOUNT-OVERDRAFT-LIM": "553",
    "ROWS": "871"
  }
}