{
  "map": {
    "MY-ABEND-CODE": "554",
    "DATESEP": "686",
    "RANDOM-CUSTOMER": "314",
    "ABND-SQLCODE": "393",
    "EIBRESP": "365",
    "INQCUST-ADDR": "348",
    "INQCUST-INQ-FAIL-CD": "347",
    "CUSTOMER-SORTCODE": "224",
    "CUSTOMER-KY": "411",
    "INQCUST-CREDIT-SCORE": "235",
    "INQCUST-CUSTNO": "342",
    "ABND-RESPCODE": "400",
    "ABND-DATE": "378",
    "INQCUST-EYE": "223",
    "CUSTOMER-DATE-OF-BIRTH": "232",
    "INQCUST-RETRY": "312",
    "WS-ORIG-DATE": "378",
    "INQCUST-DOB": "233",
    "EIBRESP2": "366",
    "ABND-RESP2CODE": "402",
    "ABND-PROGRAM": "390",
    "INQCUST-NAME": "349",
    "ABCODE": "418",
    "RIDFLD": "291",
    "DDMMYYYY": "684",
    "COMMAREA": "407",
    "CUSTOMER-EYECATCHER": "222",
    "ABND-APPLID": "370",
    "NODUMP": "555",
    "WS-CICS-RESP": "412",
    "DFHCOMMAREA.PREMIERE": "166",
    "WS-V-RETRIED": "414",
    "EXIT-VSAM-READ": "345",
    "WS-CICS-RESP2": "294",
    "WS-D-RETRIED": "210",
    "ABEND-HANDLING": "172",
    "REQUIRED-SORT-CODE": "178",
    "APPLID": "370",
    "ABND-UTIME-KEY": "387",
    "ABNDINFO-REC": "407",
    "EIBTASKN": "373",
    "WS-U-TIME": "387",
    "INQCUST-SCODE": "225",
    "ABND-TASKNO-KEY": "373",
    "RESP2": "294",
    "EXIT-DB2-READ": "209",
    "CUSTOMER-CS-REVIEW-DATE": "236",
    "CUSTOMER-KY2": "626",
    "ABSTIME": "683",
    "ABND-CODE": "388",
    "NCS-CUST-NO-VALUE": "329",
    "WS-TIME-NOW-GRP-HH": "379",
    "OUTPUT-DATA": "292",
    "CUSTOMER-ADDRESS": "230",
    "REQUIRED-CUST-NUMBER": "343",
    "INQCUST-CS-REVIEW-DT": "237",
    "ABND-TRANID": "374",
    "ABND-FREEFORM": "403",
    "DFHRESP": "357",
    "CUSTOMER-NAME": "228",
    "WS-STORM-DRAIN": "552",
    "SECONDS": "287",
    "WS-TIME-NOW": "685",
    "CUSTOMER-NUMBER": "343",
    "SYSIDERR": "285",
    "INQCUST-INQ-SUCCESS": "346",
    "NOTFND": "341",
    "EIBTRNID": "374",
    "RESP": "293",
    "CUSTOMER-CREDIT-SCORE": "234",
    "WS-TIME-NOW-GRP-MM": "383",
    "ABND-TIME": "384",
    "SYSIDERR-RETRY": ""
  }
}