{
  "map": {
    "DB2-DATE-REF-MNTH": "322",
    "COMM-AVAIL-BAL": "324",
    "DATESEP": "402",
    "ACCOUNT_NEXT_STATEMENT": "201",
    "ACCOUNT_EYECATCHER": "192",
    "HV-ACCOUNT-CUST-NO": "303",
    "ACCOUNT_AVAILABLE_BALANCE": "202",
    "ACCOUNT": "279",
    "COMM-OVERDRAFT": "313",
    "HV-ACCOUNT-SORTCODE": "304",
    "DESIRED-SORT-CODE": "188",
    "WS-ORIG-DATE": "400",
    "ACCOUNT_NUMBER": "284",
    "COMM-NEXTST-DAY": "323",
    "HV-ACCOUNT-LAST-STMT": "315",
    "DDMMYYYY": "400",
    "COMM-OPENED-DAY": "312",
    "ACCOUNT_ACTUAL_BALANCE": "203",
    "ACCOUNT_SORTCODE": "283",
    "COMM-LASTST-MONTH": "317",
    "COMM-NEXTST-YEAR": "321",
    "HV-ACCOUNT-ACC-TYPE": "306",
    "COMM-ACC-TYPE": "306",
    "COMM-ACCNO": "305",
    "SQLCODE-DISPLAY": "293",
    "COMM-OPENED-MONTH": "311",
    "SQLCODE": "292",
    "HV-ACCOUNT-OPENED": "309",
    "WS-U-TIME": "399",
    "ACCOUNT_OVERDRAFT_LIMIT": "282",
    "COMM-CUSTNO": "303",
    "ACCOUNT_TYPE": "280",
    "DB2-DATE-REF-DAY": "323",
    "HV-ACCOUNT-AVAIL-BAL": "324",
    "ACCOUNT_OPENED": "198",
    "HV-ACCOUNT-EYECATCHER": "302",
    "ABSTIME": "399",
    "HV-ACCOUNT-ACTUAL-BAL": "325",
    "HV-ACCOUNT-ACC-NO": "305",
    "COMM-EYE": "302",
    "ACCOUNT_INTEREST_RATE": "281",
    "DESIRED-ACC-NO": "189",
    "HV-ACCOUNT-INT-RATE": "307",
    "COMM-INT-RATE": "307",
    "WS-TIME-NOW": "401",
    "DB2-DATE-REFORMAT": "320",
    "COMM-OPENED-YEAR": "310",
    "COMM-LASTST-YEAR": "316",
    "HV-ACCOUNT-NEXT-STMT": "320",
    "COMM-NEXTST-MONTH": "322",
    "ACCOUNT_LAST_STATEMENT": "200",
    "COMM-SUCCESS": "327",
    "COMM-SCODE": "304",
    "COMM-ACTUAL-BAL": "325",
    "ACCOUNT_CUSTOMER_NUMBER": "193",
    "COMM-LASTST-DAY": "318",
    "DB2-DATE-REF-YR": "321",
    "HV-ACCOUNT-OVERDRAFT-LIM": "313"
  }
}