{
  "map": {
    "WS-CUST-DATA": "296",
    "COMM-CUSTNO": "321",
    "DATESEP": "360",
    "COMM-CS-REVIEW-DATE": "331",
    "COMM-NAME": "323",
    "WS-TITLE-VALID": "191",
    "RESP2": "299",
    "COMM-UPD-FAIL-CD": "308",
    "DESIRED-CUST-KEY": "221",
    "CUSTOMER-SORTCODE": "318",
    "CUSTOMER-CS-REVIEW-DATE": "330",
    "WS-UNSTR-TITLE": "153",
    "ABSTIME": "357",
    "COMM-CREDIT-SCORE": "329",
    "CUSTOMER-DATE-OF-BIRTH": "326",
    "DESIRED-SORT-CODE": "141",
    "WS-ORIG-DATE": "358",
    "CUSTOMER-ADDRESS": "324",
    "DFHRESP": "306",
    "CUSTOMER-NAME": "322",
    "COMM-EYE": "317",
    "RIDFLD": "221",
    "DDMMYYYY": "358",
    "WS-CUST-REC-LEN": "297",
    "COMM-DOB": "327",
    "CUSTOMER-EYECATCHER": "316",
    "WS-CICS-RESP": "306",
    "WS-TIME-NOW": "359",
    "WS-CICS-RESP2": "299",
    "CUSTOMER-NUMBER": "320",
    "COMM-ADDR": "325",
    "COMM-SCODE": "319",
    "NOTFND": "236",
    "DESIRED-CUSTNO": "218",
    "RESP": "298",
    "CUSTOMER-CREDIT-SCORE": "328",
    "COMM-UPD-SUCCESS": "333",
    "WS-U-TIME": "357"
  }
}