{
  "map": {
    "WS-ORIG-DATE-GRP-X": "1601",
    "HV-PROCTRAN-REF": "1636",
    "DATESEP": "1597",
    "ACCOUNT_NEXT_STATEMENT": "1373",
    "ABND-SQLCODE": "1684",
    "HV-ACCOUNT-CUST-NO": "1365",
    "PROCTRAN_AMOUNT": "1627",
    "ACCOUNT_AVAILABLE_BALANCE": "1374",
    "PROC-TRAN-DESC-XFR-SORTCODE": "1611",
    "PROCTRAN_TYPE": "1625",
    "ABND-DATE": "1669",
    "HV-ACCOUNT-SORTCODE": "1387",
    "STORM-DRAIN-CONDITION": "1757",
    "WS-ORIG-DATE": "1669",
    "HV-PROCTRAN-SORT-CODE": "1632",
    "PROC-TRAN-DESC-XFR-FLAG": "1609",
    "ABND-RESP2CODE": "1697",
    "ABCODE": "1717",
    "COMMAREA": "1702",
    "ABND-APPLID": "1661",
    "WS-EIBTASKN12": "1584",
    "WS-CICS-RESP": "887",
    "DB2-DEADLOCK-RETRY": "1402",
    "ACCOUNT_ACTUAL_BALANCE": "1375",
    "DFHCOMMAREA.PREMIERE": "269",
    "HV-ACCOUNT-ACC-TYPE": "1368",
    "SQLCODE-DISPLAY": "1758",
    "HV-PROCTRAN-TIME": "1635",
    "PROCTRAN-AREA": "1614",
    "HV-ACCOUNT-OPENED": "1370",
    "HV-PROCTRAN-EYECATCHER": "1631",
    "WS-U-TIME": "1678",
    "PROCTRAN": "1617",
    "ABND-TASKNO-KEY": "1664",
    "HV-PROCTRAN-ACC-NUMBER": "1633",
    "PROC-TRAN-DESC-XFR-ACCOUNT": "1613",
    "HV-ACCOUNT-AVAIL-BAL": "1554",
    "PROC-TRAN-TYPE": "1605",
    "COMM-FACTBAL": "1034",
    "ACCOUNT_OPENED": "1370",
    "COMM-FACCNO": "1582",
    "PROC-TY-TRANSFER": "1603",
    "ABND-CODE": "1679",
    "HV-ACCOUNT-ACC-NO": "1387",
    "WS-TIME-NOW-GRP-HH": "1670",
    "ABND-TRANID": "1665",
    "SQLERRD": "1529",
    "DFHRESP": "832",
    "ACCOUNT_INTEREST_RATE": "1369",
    "DESIRED-ACC-NO": "607",
    "HV-ACCOUNT-INT-RATE": "1369",
    "SECONDS": "1476",
    "COMM-FSCODE": "1581",
    "HV-ACCOUNT-NEXT-STMT": "1373",
    "COMM-TACTBAL": "1555",
    "ACCOUNT_LAST_STATEMENT": "1372",
    "HOST-PROCTRAN-ROW": "1707",
    "ACCOUNT_CUSTOMER_NUMBER": "1365",
    "ABND-TIME": "1675",
    "MY-ABEND-CODE": "1899",
    "ACCOUNT_EYECATCHER": "1364",
    "EIBRESP": "1656",
    "COMM-FAVBAL": "1033",
    "PROCTRAN_SORTCODE": "1620",
    "PROCTRAN_DATE": "1622",
    "ACCOUNT": "1363",
    "ABND-RESPCODE": "1695",
    "COMM-TSCODE": "1610",
    "HOST-ACCOUNT-ROW": "1049",
    "DESIRED-SORT-CODE": "608",
    "ACCOUNT_NUMBER": "1377",
    "EIBRESP2": "1657",
    "ABND-PROGRAM": "1681",
    "HV-ACCOUNT-LAST-STMT": "1372",
    "DDMMYYYY": "1595",
    "HV-PROCTRAN-TYPE": "1637",
    "NODUMP": "892",
    "PROC-TRAN-DESC": "1614",
    "TRUE": "1609",
    "ACCOUNT_SORTCODE": "1376",
    "PROCTRAN_DESC": "1626",
    "WS-CICS-RESP2": "888",
    "ABEND-HANDLING": "273",
    "APPLID": "1661",
    "ABND-UTIME-KEY": "1678",
    "ABNDINFO-REC": "1702",
    "PROCTRAN_NUMBER": "1621",
    "SQLCODE": "1706",
    "COMM-TACCNO": "1612",
    "EIBTASKN": "1664",
    "SQLSTATE": "1798",
    "ACCOUNT_OVERDRAFT_LIMIT": "1371",
    "ACCOUNT_TYPE": "1368",
    "PROCTRAN_EYECATCHER": "1619",
    "COMM-TAVBAL": "1554",
    "HV-PROCTRAN-DESC": "1638",
    "RESP2": "829",
    "SQLERRML": "1799",
    "HV-ACCOUNT-EYECATCHER": "1364",
    "WS-SQLCODE-DISP": "1684",
    "SQLERRMC": "1799",
    "ABSTIME": "1594",
    "COMM-FAIL-CODE": "766",
    "COMM-AMT": "1607",
    "HV-ACCOUNT-ACTUAL-BAL": "1555",
    "ABND-FREEFORM": "1698",
    "HV-PROCTRAN-DATE": "1634",
    "PROCTRAN_TIME": "1623",
    "WS-STORM-DRAIN": "1897",
    "WS-TIME-NOW": "1919",
    "PROCTRAN_REF": "1624",
    "COMM-SUCCESS": "913",
    "HV-PROCTRAN-AMOUNT": "1639",
    "EIBTRNID": "1665",
    "RESP": "828",
    "WS-TIME-NOW-GRP-MM": "1674",
    "HV-ACCOUNT-OVERDRAFT-LIM": "1371"
  }
}