Abbreviation, Program Term, Business Term
ACCOUNT,ACCOUNT-INT-RATES-COUNT, ACCOUNT_INT_RATES_COUNT
ACCOUNT,ACCOUNT-OVERDRAFT-COUNT, ACCOUNT_OVERDRAFT_COUNT
ACCOUNT,ACCOUNT-TYPES-COUNT, ACCOUNT_TYPES_COUNT
ACCOUNT,ACCOUNT-TYPES-PTR, ACCOUNT_TYPES_PTR
ACCOUNT,HV-ACCOUNT-ACTUAL-BALANCE, HV_ACCOUNT_ACTUAL_BALANCE
ACCOUNT,HV-ACCOUNT-AVAILABLE-BALANCE, HV_ACCOUNT_AVAILABLE_BALANCE
ACCOUNT,HV-ACCOUNT-CUST-NO, HV_ACCOUNT_CUST_NO
ACCOUNT,HV-ACCOUNT-EYECATCHER, HV_ACCOUNT_EYECATCHER
ACCOUNT,HV-ACCOUNT-INTEREST-RATE, HV_ACCOUNT_INTEREST_RATE
ACCOUNT,HV-ACCOUNT-LAST-STMT-DATE, HV_ACCOUNT_LAST_STMT_DATE
ACCOUNT,HV-ACCOUNT-LAST-STMT-DAY, HV_ACCOUNT_LAST_STMT_DAY
ACCOUNT,HV-ACCOUNT-LAST-STMT-DELIM1, HV_ACCOUNT_LAST_STMT_DELIM1
ACCOUNT,HV-ACCOUNT-LAST-STMT-DELIM2, HV_ACCOUNT_LAST_STMT_DELIM2
ACCOUNT,HV-ACCOUNT-LAST-STMT-MONTH, HV_ACCOUNT_LAST_STMT_MONTH
ACCOUNT,HV-ACCOUNT-LAST-STMT-YEAR, HV_ACCOUNT_LAST_STMT_YEAR
ACCOUNT,HV-ACCOUNT-NEXT-STMT-DATE, HV_ACCOUNT_NEXT_STMT_DATE
ACCOUNT,HV-ACCOUNT-NEXT-STMT-DAY, HV_ACCOUNT_NEXT_STMT_DAY
ACCOUNT,HV-ACCOUNT-NEXT-STMT-DELIM1, HV_ACCOUNT_NEXT_STMT_DELIM1
ACCOUNT,HV-ACCOUNT-NEXT-STMT-DELIM2, HV_ACCOUNT_NEXT_STMT_DELIM2
ACCOUNT,HV-ACCOUNT-NEXT-STMT-MONTH, HV_ACCOUNT_NEXT_STMT_MONTH
ACCOUNT,HV-ACCOUNT-NEXT-STMT-YEAR, HV_ACCOUNT_NEXT_STMT_YEAR
ACCOUNT,HV-ACCOUNT-NUMBER, HV_ACCOUNT_NUMBER
ACCOUNT,HV-ACCOUNT-OPENED, HV_ACCOUNT_OPENED
ACCOUNT,HV-ACCOUNT-OPENED-DAY, HV_ACCOUNT_OPENED_DAY
ACCOUNT,HV-ACCOUNT-OPENED-DELIM1, HV_ACCOUNT_OPENED_DELIM1
ACCOUNT,HV-ACCOUNT-OPENED-DELIM2, HV_ACCOUNT_OPENED_DELIM2
ACCOUNT,HV-ACCOUNT-OPENED-MONTH, HV_ACCOUNT_OPENED_MONTH
ACCOUNT,HV-ACCOUNT-OPENED-YEAR, HV_ACCOUNT_OPENED_YEAR
ACCOUNT,HV-ACCOUNT-OVERDRAFT-LIMIT, HV_ACCOUNT_OVERDRAFT_LIMIT
ACCOUNT,HV-ACCOUNT-SORT-CODE, HV_ACCOUNT_SORT_CODE
ACCOUNT,HV-ACCOUNT-TYPE, HV_ACCOUNT_TYPE
ACCOUNT,LAST-ACCOUNT-NUMBER, LAST_ACCOUNT_NUMBER
ACCOUNT,WS-ACCOUNT-INT-RATE, WS_ACCOUNT_INT_RATE
ACCOUNT,WS-ACCOUNT-NUMBER, WS_ACCOUNT_NUMBER
ACCOUNT,WS-ACCOUNT-OPENED-DAY, WS_ACCOUNT_OPENED_DAY
ACCOUNT,WS-ACCOUNT-OPENED-MONTH, WS_ACCOUNT_OPENED_MONTH
ACCOUNT,WS-ACCOUNT-OPENED-YEAR, WS_ACCOUNT_OPENED_YEAR
ACCOUNT,WS-ACCOUNT-OVERDRAFT-LIM, WS_ACCOUNT_OVERDRAFT_LIM
ACCOUNT,WS-ACCOUNT-TYPE, WS_ACCOUNT_TYPE
ACCOUNTS,NO-OF-ACCOUNTS, NO_OF_ACCOUNTS
ACCOUNTS,NUMBER-OF-ACCOUNTS, NUMBER_OF_ACCOUNTS
ACTUAL,HV-ACCOUNT-ACTUAL-BALANCE, HV_ACCOUNT_ACTUAL_BALANCE
ADD,WS-REVIEW-DATE-ADD, WS_REVIEW_DATE_ADD
ADDRESS,CUSTOMER-ADDRESS, CUSTOMER_ADDRESS
ALPHABET,TITLE-ALPHABET, TITLE_ALPHABET
ATTEMPTS,OPENED-DATE-ATTEMPTS, OPENED_DATE_ATTEMPTS
AVAILABLE,HV-ACCOUNT-AVAILABLE-BALANCE, HV_ACCOUNT_AVAILABLE_BALANCE
BALANCE,HV-ACCOUNT-ACTUAL-BALANCE, HV_ACCOUNT_ACTUAL_BALANCE
BALANCE,HV-ACCOUNT-AVAILABLE-BALANCE, HV_ACCOUNT_AVAILABLE_BALANCE
BIRTH,CUSTOMER-BIRTH-DAY, CUSTOMER_BIRTH_DAY
BIRTH,CUSTOMER-BIRTH-MONTH, CUSTOMER_BIRTH_MONTH
BIRTH,CUSTOMER-BIRTH-YEAR, CUSTOMER_BIRTH_YEAR
BUFFER.PREMIERE,PARM-BUFFER.PREMIERE, PARM_BUFFER.PREMIERE
CHARACTER,INITIAL-CHARACTER, INITIAL_CHARACTER
CNT,FORENAMES-CNT, FORENAMES_CNT
CNT,INITIALS-CNT, INITIALS_CNT
CNT,STREET-NAME-R-CNT, STREET_NAME_R_CNT
CNT,STREET-NAME-T-CNT, STREET_NAME_T_CNT
CNT,SURNAMES-CNT, SURNAMES_CNT
CNT,WS-CNT, WS_CNT
CODE,DISP-REASON-CODE, DISP_REASON_CODE
CODE,HV-ACCOUNT-SORT-CODE, HV_ACCOUNT_SORT_CODE
COMMIT,COMMIT-COUNT, COMMIT_COUNT
CONTROL,CUSTOMER-CONTROL-EYECATCHER-V, CUSTOMER_CONTROL_EYECATCHER_V
CONTROL,CUSTOMER-CONTROL-NUMBER, CUSTOMER_CONTROL_NUMBER
CONTROL,CUSTOMER-CONTROL-RECORD, CUSTOMER_CONTROL_RECORD
CONTROL,CUSTOMER-CONTROL-SORTCODE, CUSTOMER_CONTROL_SORTCODE
CONTROL,HV-CONTROL-NAME, HV_CONTROL_NAME
CONTROL,HV-CONTROL-VALUE-NUM, HV_CONTROL_VALUE_NUM
CONTROL,HV-CONTROL-VALUE-STR, HV_CONTROL_VALUE_STR
CONVERSION,WS-OVERDRAFT-CONVERSION, WS_OVERDRAFT_CONVERSION
COUNT,ACCOUNT-INT-RATES-COUNT, ACCOUNT_INT_RATES_COUNT
COUNT,ACCOUNT-OVERDRAFT-COUNT, ACCOUNT_OVERDRAFT_COUNT
COUNT,ACCOUNT-TYPES-COUNT, ACCOUNT_TYPES_COUNT
COUNT,COMMIT-COUNT, COMMIT_COUNT
COUNT,TOWN-COUNT, TOWN_COUNT
CREDIT,CUSTOMER-CREDIT-SCORE, CUSTOMER_CREDIT_SCORE
CS,CUSTOMER-CS-REVIEW-DAY, CUSTOMER_CS_REVIEW_DAY
CS,CUSTOMER-CS-REVIEW-MONTH, CUSTOMER_CS_REVIEW_MONTH
CS,CUSTOMER-CS-REVIEW-YEAR, CUSTOMER_CS_REVIEW_YEAR
CURRENT,WS-CURRENT-DATE-9, WS_CURRENT_DATE_9
CURRENT,WS-CURRENT-DATE-DATA, WS_CURRENT_DATE_DATA
CUST,HV-ACCOUNT-CUST-NO, HV_ACCOUNT_CUST_NO
CUSTOMER,CUSTOMER-ADDRESS, CUSTOMER_ADDRESS
CUSTOMER,CUSTOMER-BIRTH-DAY, CUSTOMER_BIRTH_DAY
CUSTOMER,CUSTOMER-BIRTH-MONTH, CUSTOMER_BIRTH_MONTH
CUSTOMER,CUSTOMER-BIRTH-YEAR, CUSTOMER_BIRTH_YEAR
CUSTOMER,CUSTOMER-CONTROL-EYECATCHER-V, CUSTOMER_CONTROL_EYECATCHER_V
CUSTOMER,CUSTOMER-CONTROL-NUMBER, CUSTOMER_CONTROL_NUMBER
CUSTOMER,CUSTOMER-CONTROL-RECORD, CUSTOMER_CONTROL_RECORD
CUSTOMER,CUSTOMER-CONTROL-SORTCODE, CUSTOMER_CONTROL_SORTCODE
CUSTOMER,CUSTOMER-CREDIT-SCORE, CUSTOMER_CREDIT_SCORE
CUSTOMER,CUSTOMER-CS-REVIEW-DAY, CUSTOMER_CS_REVIEW_DAY
CUSTOMER,CUSTOMER-CS-REVIEW-MONTH, CUSTOMER_CS_REVIEW_MONTH
CUSTOMER,CUSTOMER-CS-REVIEW-YEAR, CUSTOMER_CS_REVIEW_YEAR
CUSTOMER,CUSTOMER-EYECATCHER-VALUE, CUSTOMER_EYECATCHER_VALUE
CUSTOMER,CUSTOMER-FILE, CUSTOMER_FILE
CUSTOMER,CUSTOMER-NAME, CUSTOMER_NAME
CUSTOMER,CUSTOMER-NUMBER, CUSTOMER_NUMBER
CUSTOMER,CUSTOMER-RECORD, CUSTOMER_RECORD
CUSTOMER,CUSTOMER-RECORD-STRUCTURE, CUSTOMER_RECORD_STRUCTURE
CUSTOMER,CUSTOMER-SORTCODE, CUSTOMER_SORTCODE
CUSTOMER,CUSTOMER-VSAM-STATUS, CUSTOMER_VSAM_STATUS
CUSTOMER,LAST-CUSTOMER-NUMBER, LAST_CUSTOMER_NUMBER
CUSTOMERS,NUMBER-OF-CUSTOMERS, NUMBER_OF_CUSTOMERS
DATA,WS-CURRENT-DATE-DATA, WS_CURRENT_DATE_DATA
DATE,HV-ACCOUNT-LAST-STMT-DATE, HV_ACCOUNT_LAST_STMT_DATE
DATE,HV-ACCOUNT-NEXT-STMT-DATE, HV_ACCOUNT_NEXT_STMT_DATE
DATE,OPENED-DATE-ATTEMPTS, OPENED_DATE_ATTEMPTS
DATE,OPENED-DATE-VALID, OPENED_DATE_VALID
DATE,WS-CURRENT-DATE-9, WS_CURRENT_DATE_9
DATE,WS-CURRENT-DATE-DATA, WS_CURRENT_DATE_DATA
DATE,WS-NEW-REVIEW-DATE-INT, WS_NEW_REVIEW_DATE_INT
DATE,WS-REVIEW-DATE-ADD, WS_REVIEW_DATE_ADD
DAY,CUSTOMER-BIRTH-DAY, CUSTOMER_BIRTH_DAY
DAY,CUSTOMER-CS-REVIEW-DAY, CUSTOMER_CS_REVIEW_DAY
DAY,HV-ACCOUNT-LAST-STMT-DAY, HV_ACCOUNT_LAST_STMT_DAY
DAY,HV-ACCOUNT-NEXT-STMT-DAY, HV_ACCOUNT_NEXT_STMT_DAY
DAY,HV-ACCOUNT-OPENED-DAY, HV_ACCOUNT_OPENED_DAY
DAY,WS-ACCOUNT-OPENED-DAY, WS_ACCOUNT_OPENED_DAY
DAY,WS-DAY-TODAY, WS_DAY_TODAY
DELIM1,HV-ACCOUNT-LAST-STMT-DELIM1, HV_ACCOUNT_LAST_STMT_DELIM1
DELIM1,HV-ACCOUNT-NEXT-STMT-DELIM1, HV_ACCOUNT_NEXT_STMT_DELIM1
DELIM1,HV-ACCOUNT-OPENED-DELIM1, HV_ACCOUNT_OPENED_DELIM1
DELIM2,HV-ACCOUNT-LAST-STMT-DELIM2, HV_ACCOUNT_LAST_STMT_DELIM2
DELIM2,HV-ACCOUNT-NEXT-STMT-DELIM2, HV_ACCOUNT_NEXT_STMT_DELIM2
DELIM2,HV-ACCOUNT-OPENED-DELIM2, HV_ACCOUNT_OPENED_DELIM2
DISP,DISP-LOT, DISP_LOT
DISP,DISP-REASON-CODE, DISP_REASON_CODE
DISP,DISP-SIGN, DISP_SIGN
DISP,DISP-SQLCD, DISP_SQLCD
DISPLAY,WS-SQLCODE-DISPLAY, WS_SQLCODE_DISPLAY
DT,WS-DT, WS_DT
DT,WS-DT-REM, WS_DT_REM
END,END-KEY, END_KEY
EYECATCHER,CUSTOMER-CONTROL-EYECATCHER-V, CUSTOMER_CONTROL_EYECATCHER_V
EYECATCHER,CUSTOMER-EYECATCHER-VALUE, CUSTOMER_EYECATCHER_VALUE
EYECATCHER,HV-ACCOUNT-EYECATCHER, HV_ACCOUNT_EYECATCHER
FILE,CUSTOMER-FILE, CUSTOMER_FILE
FORENAMES,FORENAMES-CNT, FORENAMES_CNT
FORENAMES,FORENAMES-PTR, FORENAMES_PTR
FUNCTION,TIMESTAMP-FUNCTION, TIMESTAMP_FUNCTION
HOUSE,HOUSE-NUMBER, HOUSE_NUMBER
HV,HV-ACCOUNT-ACTUAL-BALANCE, HV_ACCOUNT_ACTUAL_BALANCE
HV,HV-ACCOUNT-AVAILABLE-BALANCE, HV_ACCOUNT_AVAILABLE_BALANCE
HV,HV-ACCOUNT-CUST-NO, HV_ACCOUNT_CUST_NO
HV,HV-ACCOUNT-EYECATCHER, HV_ACCOUNT_EYECATCHER
HV,HV-ACCOUNT-INTEREST-RATE, HV_ACCOUNT_INTEREST_RATE
HV,HV-ACCOUNT-LAST-STMT-DATE, HV_ACCOUNT_LAST_STMT_DATE
HV,HV-ACCOUNT-LAST-STMT-DAY, HV_ACCOUNT_LAST_STMT_DAY
HV,HV-ACCOUNT-LAST-STMT-DELIM1, HV_ACCOUNT_LAST_STMT_DELIM1
HV,HV-ACCOUNT-LAST-STMT-DELIM2, HV_ACCOUNT_LAST_STMT_DELIM2
HV,HV-ACCOUNT-LAST-STMT-MONTH, HV_ACCOUNT_LAST_STMT_MONTH
HV,HV-ACCOUNT-LAST-STMT-YEAR, HV_ACCOUNT_LAST_STMT_YEAR
HV,HV-ACCOUNT-NEXT-STMT-DATE, HV_ACCOUNT_NEXT_STMT_DATE
HV,HV-ACCOUNT-NEXT-STMT-DAY, HV_ACCOUNT_NEXT_STMT_DAY
HV,HV-ACCOUNT-NEXT-STMT-DELIM1, HV_ACCOUNT_NEXT_STMT_DELIM1
HV,HV-ACCOUNT-NEXT-STMT-DELIM2, HV_ACCOUNT_NEXT_STMT_DELIM2
HV,HV-ACCOUNT-NEXT-STMT-MONTH, HV_ACCOUNT_NEXT_STMT_MONTH
HV,HV-ACCOUNT-NEXT-STMT-YEAR, HV_ACCOUNT_NEXT_STMT_YEAR
HV,HV-ACCOUNT-NUMBER, HV_ACCOUNT_NUMBER
HV,HV-ACCOUNT-OPENED, HV_ACCOUNT_OPENED
HV,HV-ACCOUNT-OPENED-DAY, HV_ACCOUNT_OPENED_DAY
HV,HV-ACCOUNT-OPENED-DELIM1, HV_ACCOUNT_OPENED_DELIM1
HV,HV-ACCOUNT-OPENED-DELIM2, HV_ACCOUNT_OPENED_DELIM2
HV,HV-ACCOUNT-OPENED-MONTH, HV_ACCOUNT_OPENED_MONTH
HV,HV-ACCOUNT-OPENED-YEAR, HV_ACCOUNT_OPENED_YEAR
HV,HV-ACCOUNT-OVERDRAFT-LIMIT, HV_ACCOUNT_OVERDRAFT_LIMIT
HV,HV-ACCOUNT-SORT-CODE, HV_ACCOUNT_SORT_CODE
HV,HV-ACCOUNT-TYPE, HV_ACCOUNT_TYPE
HV,HV-CONTROL-NAME, HV_CONTROL_NAME
HV,HV-CONTROL-VALUE-NUM, HV_CONTROL_VALUE_NUM
HV,HV-CONTROL-VALUE-STR, HV_CONTROL_VALUE_STR
INITIAL,INITIAL-CHARACTER, INITIAL_CHARACTER
INITIALS,INITIALS-CNT, INITIALS_CNT
INITIALS,INITIALS-PTR, INITIALS_PTR
INT,ACCOUNT-INT-RATES-COUNT, ACCOUNT_INT_RATES_COUNT
INT,WS-ACCOUNT-INT-RATE, WS_ACCOUNT_INT_RATE
INT,WS-NEW-REVIEW-DATE-INT, WS_NEW_REVIEW_DATE_INT
INT,WS-TODAY-INT, WS_TODAY_INT
INTEREST,HV-ACCOUNT-INTEREST-RATE, HV_ACCOUNT_INTEREST_RATE
KEY,END-KEY, END_KEY
KEY,NEXT-KEY, NEXT_KEY
KEY,START-KEY, START_KEY
KEY,STEP-KEY, STEP_KEY
LAST,HV-ACCOUNT-LAST-STMT-DATE, HV_ACCOUNT_LAST_STMT_DATE
LAST,HV-ACCOUNT-LAST-STMT-DAY, HV_ACCOUNT_LAST_STMT_DAY
LAST,HV-ACCOUNT-LAST-STMT-DELIM1, HV_ACCOUNT_LAST_STMT_DELIM1
LAST,HV-ACCOUNT-LAST-STMT-DELIM2, HV_ACCOUNT_LAST_STMT_DELIM2
LAST,HV-ACCOUNT-LAST-STMT-MONTH, HV_ACCOUNT_LAST_STMT_MONTH
LAST,HV-ACCOUNT-LAST-STMT-YEAR, HV_ACCOUNT_LAST_STMT_YEAR
LAST,LAST-ACCOUNT-NUMBER, LAST_ACCOUNT_NUMBER
LAST,LAST-CUSTOMER-NUMBER, LAST_CUSTOMER_NUMBER
LENGTH,PARM-LENGTH, PARM_LENGTH
LIM,WS-ACCOUNT-OVERDRAFT-LIM, WS_ACCOUNT_OVERDRAFT_LIM
LIMIT,HV-ACCOUNT-OVERDRAFT-LIMIT, HV_ACCOUNT_OVERDRAFT_LIMIT
LOT,DISP-LOT, DISP_LOT
MONTH,CUSTOMER-BIRTH-MONTH, CUSTOMER_BIRTH_MONTH
MONTH,CUSTOMER-CS-REVIEW-MONTH, CUSTOMER_CS_REVIEW_MONTH
MONTH,HV-ACCOUNT-LAST-STMT-MONTH, HV_ACCOUNT_LAST_STMT_MONTH
MONTH,HV-ACCOUNT-NEXT-STMT-MONTH, HV_ACCOUNT_NEXT_STMT_MONTH
MONTH,HV-ACCOUNT-OPENED-MONTH, HV_ACCOUNT_OPENED_MONTH
MONTH,WS-ACCOUNT-OPENED-MONTH, WS_ACCOUNT_OPENED_MONTH
NAME,CUSTOMER-NAME, CUSTOMER_NAME
NAME,HV-CONTROL-NAME, HV_CONTROL_NAME
NAME,STREET-NAME-R-CNT, STREET_NAME_R_CNT
NAME,STREET-NAME-R-PTR, STREET_NAME_R_PTR
NAME,STREET-NAME-ROAD, STREET_NAME_ROAD
NAME,STREET-NAME-T-CNT, STREET_NAME_T_CNT
NAME,STREET-NAME-T-PTR, STREET_NAME_T_PTR
NAME,STREET-NAME-TREE, STREET_NAME_TREE
NEW,WS-NEW-REVIEW-DATE-INT, WS_NEW_REVIEW_DATE_INT
NEW,WS-NEW-REVIEW-YYYYMMDD, WS_NEW_REVIEW_YYYYMMDD
NEXT,HV-ACCOUNT-NEXT-STMT-DATE, HV_ACCOUNT_NEXT_STMT_DATE
NEXT,HV-ACCOUNT-NEXT-STMT-DAY, HV_ACCOUNT_NEXT_STMT_DAY
NEXT,HV-ACCOUNT-NEXT-STMT-DELIM1, HV_ACCOUNT_NEXT_STMT_DELIM1
NEXT,HV-ACCOUNT-NEXT-STMT-DELIM2, HV_ACCOUNT_NEXT_STMT_DELIM2
NEXT,HV-ACCOUNT-NEXT-STMT-MONTH, HV_ACCOUNT_NEXT_STMT_MONTH
NEXT,HV-ACCOUNT-NEXT-STMT-YEAR, HV_ACCOUNT_NEXT_STMT_YEAR
NEXT,NEXT-KEY, NEXT_KEY
NO,HV-ACCOUNT-CUST-NO, HV_ACCOUNT_CUST_NO
NO,NO-OF-ACCOUNTS, NO_OF_ACCOUNTS
NUM,HV-CONTROL-VALUE-NUM, HV_CONTROL_VALUE_NUM
NUMBER,CUSTOMER-CONTROL-NUMBER, CUSTOMER_CONTROL_NUMBER
NUMBER,CUSTOMER-NUMBER, CUSTOMER_NUMBER
NUMBER,HOUSE-NUMBER, HOUSE_NUMBER
NUMBER,HV-ACCOUNT-NUMBER, HV_ACCOUNT_NUMBER
NUMBER,LAST-ACCOUNT-NUMBER, LAST_ACCOUNT_NUMBER
NUMBER,LAST-CUSTOMER-NUMBER, LAST_CUSTOMER_NUMBER
NUMBER,NUMBER-OF-ACCOUNTS, NUMBER_OF_ACCOUNTS
NUMBER,NUMBER-OF-CUSTOMERS, NUMBER_OF_CUSTOMERS
NUMBER,TITLE-NUMBER, TITLE_NUMBER
NUMBER,WS-ACCOUNT-NUMBER, WS_ACCOUNT_NUMBER
NUMERIC,RANDOM-SEED-NUMERIC, RANDOM_SEED_NUMERIC
OF,NO-OF-ACCOUNTS, NO_OF_ACCOUNTS
OF,NUMBER-OF-ACCOUNTS, NUMBER_OF_ACCOUNTS
OF,NUMBER-OF-CUSTOMERS, NUMBER_OF_CUSTOMERS
OPENED,HV-ACCOUNT-OPENED, HV_ACCOUNT_OPENED
OPENED,HV-ACCOUNT-OPENED-DAY, HV_ACCOUNT_OPENED_DAY
OPENED,HV-ACCOUNT-OPENED-DELIM1, HV_ACCOUNT_OPENED_DELIM1
OPENED,HV-ACCOUNT-OPENED-DELIM2, HV_ACCOUNT_OPENED_DELIM2
OPENED,HV-ACCOUNT-OPENED-MONTH, HV_ACCOUNT_OPENED_MONTH
OPENED,HV-ACCOUNT-OPENED-YEAR, HV_ACCOUNT_OPENED_YEAR
OPENED,OPENED-DATE-ATTEMPTS, OPENED_DATE_ATTEMPTS
OPENED,OPENED-DATE-VALID, OPENED_DATE_VALID
OPENED,WS-ACCOUNT-OPENED-DAY, WS_ACCOUNT_OPENED_DAY
OPENED,WS-ACCOUNT-OPENED-MONTH, WS_ACCOUNT_OPENED_MONTH
OPENED,WS-ACCOUNT-OPENED-YEAR, WS_ACCOUNT_OPENED_YEAR
OVERDRAFT,ACCOUNT-OVERDRAFT-COUNT, ACCOUNT_OVERDRAFT_COUNT
OVERDRAFT,HV-ACCOUNT-OVERDRAFT-LIMIT, HV_ACCOUNT_OVERDRAFT_LIMIT
OVERDRAFT,WS-ACCOUNT-OVERDRAFT-LIM, WS_ACCOUNT_OVERDRAFT_LIM
OVERDRAFT,WS-OVERDRAFT-CONVERSION, WS_OVERDRAFT_CONVERSION
PARM,PARM-BUFFER.PREMIERE, PARM_BUFFER.PREMIERE
PARM,PARM-LENGTH, PARM_LENGTH
PTR,ACCOUNT-TYPES-PTR, ACCOUNT_TYPES_PTR
PTR,FORENAMES-PTR, FORENAMES_PTR
PTR,INITIALS-PTR, INITIALS_PTR
PTR,STREET-NAME-R-PTR, STREET_NAME_R_PTR
PTR,STREET-NAME-T-PTR, STREET_NAME_T_PTR
PTR,SURNAMES-PTR, SURNAMES_PTR
PTR,TOWN-PTR, TOWN_PTR
RANDOM,RANDOM-SEED, RANDOM_SEED
RANDOM,RANDOM-SEED-NUMERIC, RANDOM_SEED_NUMERIC
RATE,HV-ACCOUNT-INTEREST-RATE, HV_ACCOUNT_INTEREST_RATE
RATE,WS-ACCOUNT-INT-RATE, WS_ACCOUNT_INT_RATE
RATES,ACCOUNT-INT-RATES-COUNT, ACCOUNT_INT_RATES_COUNT
REASON,DISP-REASON-CODE, DISP_REASON_CODE
RECORD,CUSTOMER-CONTROL-RECORD, CUSTOMER_CONTROL_RECORD
RECORD,CUSTOMER-RECORD, CUSTOMER_RECORD
RECORD,CUSTOMER-RECORD-STRUCTURE, CUSTOMER_RECORD_STRUCTURE
REM,WS-DT-REM, WS_DT_REM
REVIEW,CUSTOMER-CS-REVIEW-DAY, CUSTOMER_CS_REVIEW_DAY
REVIEW,CUSTOMER-CS-REVIEW-MONTH, CUSTOMER_CS_REVIEW_MONTH
REVIEW,CUSTOMER-CS-REVIEW-YEAR, CUSTOMER_CS_REVIEW_YEAR
REVIEW,WS-NEW-REVIEW-DATE-INT, WS_NEW_REVIEW_DATE_INT
REVIEW,WS-NEW-REVIEW-YYYYMMDD, WS_NEW_REVIEW_YYYYMMDD
REVIEW,WS-REVIEW-DATE-ADD, WS_REVIEW_DATE_ADD
ROAD,STREET-NAME-ROAD, STREET_NAME_ROAD
SCORE,CUSTOMER-CREDIT-SCORE, CUSTOMER_CREDIT_SCORE
SEED,RANDOM-SEED, RANDOM_SEED
SEED,RANDOM-SEED-NUMERIC, RANDOM_SEED_NUMERIC
SIGN,DISP-SIGN, DISP_SIGN
SORT,HV-ACCOUNT-SORT-CODE, HV_ACCOUNT_SORT_CODE
SORTCODE,CUSTOMER-CONTROL-SORTCODE, CUSTOMER_CONTROL_SORTCODE
SORTCODE,CUSTOMER-SORTCODE, CUSTOMER_SORTCODE
SQLCD,DISP-SQLCD, DISP_SQLCD
SQLCODE,WS-SQLCODE-DISPLAY, WS_SQLCODE_DISPLAY
START,START-KEY, START_KEY
STATUS,CUSTOMER-VSAM-STATUS, CUSTOMER_VSAM_STATUS
STEP,STEP-KEY, STEP_KEY
STMT,HV-ACCOUNT-LAST-STMT-DATE, HV_ACCOUNT_LAST_STMT_DATE
STMT,HV-ACCOUNT-LAST-STMT-DAY, HV_ACCOUNT_LAST_STMT_DAY
STMT,HV-ACCOUNT-LAST-STMT-DELIM1, HV_ACCOUNT_LAST_STMT_DELIM1
STMT,HV-ACCOUNT-LAST-STMT-DELIM2, HV_ACCOUNT_LAST_STMT_DELIM2
STMT,HV-ACCOUNT-LAST-STMT-MONTH, HV_ACCOUNT_LAST_STMT_MONTH
STMT,HV-ACCOUNT-LAST-STMT-YEAR, HV_ACCOUNT_LAST_STMT_YEAR
STMT,HV-ACCOUNT-NEXT-STMT-DATE, HV_ACCOUNT_NEXT_STMT_DATE
STMT,HV-ACCOUNT-NEXT-STMT-DAY, HV_ACCOUNT_NEXT_STMT_DAY
STMT,HV-ACCOUNT-NEXT-STMT-DELIM1, HV_ACCOUNT_NEXT_STMT_DELIM1
STMT,HV-ACCOUNT-NEXT-STMT-DELIM2, HV_ACCOUNT_NEXT_STMT_DELIM2
STMT,HV-ACCOUNT-NEXT-STMT-MONTH, HV_ACCOUNT_NEXT_STMT_MONTH
STMT,HV-ACCOUNT-NEXT-STMT-YEAR, HV_ACCOUNT_NEXT_STMT_YEAR
STR,HV-CONTROL-VALUE-STR, HV_CONTROL_VALUE_STR
STREET,STREET-NAME-R-CNT, STREET_NAME_R_CNT
STREET,STREET-NAME-R-PTR, STREET_NAME_R_PTR
STREET,STREET-NAME-ROAD, STREET_NAME_ROAD
STREET,STREET-NAME-T-CNT, STREET_NAME_T_CNT
STREET,STREET-NAME-T-PTR, STREET_NAME_T_PTR
STREET,STREET-NAME-TREE, STREET_NAME_TREE
STRUCTURE,CUSTOMER-RECORD-STRUCTURE, CUSTOMER_RECORD_STRUCTURE
SURNAMES,SURNAMES-CNT, SURNAMES_CNT
SURNAMES,SURNAMES-PTR, SURNAMES_PTR
TIMESTAMP,TIMESTAMP-FUNCTION, TIMESTAMP_FUNCTION
TITLE,TITLE-ALPHABET, TITLE_ALPHABET
TITLE,TITLE-NUMBER, TITLE_NUMBER
TITLE,TITLE-WORD, TITLE_WORD
TITLE,TITLE-WORDS, TITLE_WORDS
TODAY,WS-DAY-TODAY, WS_DAY_TODAY
TODAY,WS-TODAY-INT, WS_TODAY_INT
TOWN,TOWN-COUNT, TOWN_COUNT
TOWN,TOWN-PTR, TOWN_PTR
TREE,STREET-NAME-TREE, STREET_NAME_TREE
TYPE,HV-ACCOUNT-TYPE, HV_ACCOUNT_TYPE
TYPE,WS-ACCOUNT-TYPE, WS_ACCOUNT_TYPE
TYPES,ACCOUNT-TYPES-COUNT, ACCOUNT_TYPES_COUNT
TYPES,ACCOUNT-TYPES-PTR, ACCOUNT_TYPES_PTR
VALID,OPENED-DATE-VALID, OPENED_DATE_VALID
VALUE,CUSTOMER-EYECATCHER-VALUE, CUSTOMER_EYECATCHER_VALUE
VALUE,HV-CONTROL-VALUE-NUM, HV_CONTROL_VALUE_NUM
VALUE,HV-CONTROL-VALUE-STR, HV_CONTROL_VALUE_STR
VSAM,CUSTOMER-VSAM-STATUS, CUSTOMER_VSAM_STATUS
WEEKDAY,WS-WEEKDAY, WS_WEEKDAY
WEEKDAYS,WS-WEEKDAYS, WS_WEEKDAYS
WORD,TITLE-WORD, TITLE_WORD
WORDS,TITLE-WORDS, TITLE_WORDS
WS,WS-ACCOUNT-INT-RATE, WS_ACCOUNT_INT_RATE
WS,WS-ACCOUNT-NUMBER, WS_ACCOUNT_NUMBER
WS,WS-ACCOUNT-OPENED-DAY, WS_ACCOUNT_OPENED_DAY
WS,WS-ACCOUNT-OPENED-MONTH, WS_ACCOUNT_OPENED_MONTH
WS,WS-ACCOUNT-OPENED-YEAR, WS_ACCOUNT_OPENED_YEAR
WS,WS-ACCOUNT-OVERDRAFT-LIM, WS_ACCOUNT_OVERDRAFT_LIM
WS,WS-ACCOUNT-TYPE, WS_ACCOUNT_TYPE
WS,WS-CNT, WS_CNT
WS,WS-CURRENT-DATE-9, WS_CURRENT_DATE_9
WS,WS-CURRENT-DATE-DATA, WS_CURRENT_DATE_DATA
WS,WS-DAY-TODAY, WS_DAY_TODAY
WS,WS-DT, WS_DT
WS,WS-DT-REM, WS_DT_REM
WS,WS-NEW-REVIEW-DATE-INT, WS_NEW_REVIEW_DATE_INT
WS,WS-NEW-REVIEW-YYYYMMDD, WS_NEW_REVIEW_YYYYMMDD
WS,WS-OVERDRAFT-CONVERSION, WS_OVERDRAFT_CONVERSION
WS,WS-REVIEW-DATE-ADD, WS_REVIEW_DATE_ADD
WS,WS-SQLCODE-DISPLAY, WS_SQLCODE_DISPLAY
WS,WS-TODAY-INT, WS_TODAY_INT
WS,WS-WEEKDAY, WS_WEEKDAY
WS,WS-WEEKDAYS, WS_WEEKDAYS
YEAR,CUSTOMER-BIRTH-YEAR, CUSTOMER_BIRTH_YEAR
YEAR,CUSTOMER-CS-REVIEW-YEAR, CUSTOMER_CS_REVIEW_YEAR
YEAR,HV-ACCOUNT-LAST-STMT-YEAR, HV_ACCOUNT_LAST_STMT_YEAR
YEAR,HV-ACCOUNT-NEXT-STMT-YEAR, HV_ACCOUNT_NEXT_STMT_YEAR
YEAR,HV-ACCOUNT-OPENED-YEAR, HV_ACCOUNT_OPENED_YEAR
YEAR,WS-ACCOUNT-OPENED-YEAR, WS_ACCOUNT_OPENED_YEAR
YYYYMMDD,WS-NEW-REVIEW-YYYYMMDD, WS_NEW_REVIEW_YYYYMMDD
conv,datm-conv, datm_conv
datm,datm-conv, datm_conv
datm,datm-format, datm_format
datm,datm-length, datm_length
datm,datm-picture, datm_picture
display,ws-sqlcode-display, ws_sqlcode_display
format,datm-format, datm_format
gmt,gmt-lilian, gmt_lilian
gmt,gmt-seconds, gmt_seconds
key,step-key, step_key
length,datm-length, datm_length
lilian,gmt-lilian, gmt_lilian
next,period-next, period_next
next,period-next-f, period_next_f
period,period-next, period_next
period,period-next-f, period_next_f
picture,datm-picture, datm_picture
seconds,gmt-seconds, gmt_seconds
sqlcode,ws-sqlcode-display, ws_sqlcode_display
step,step-key, step_key
ws,ws-sqlcode-display, ws_sqlcode_display
