Abbreviation, Program Term, Business Term
ABEND,WS-ABEND-PGM, WS_ABEND_PGM
ABND,ABND-APPLID, ABND_APPLID
ABND,ABND-CODE, ABND_CODE
ABND,ABND-DATE, ABND_DATE
ABND,ABND-FREEFORM, ABND_FREEFORM
ABND,ABND-PROGRAM, ABND_PROGRAM
ABND,ABND-RESP2CODE, ABND_RESP2CODE
ABND,ABND-RESPCODE, ABND_RESPCODE
ABND,ABND-SQLCODE, ABND_SQLCODE
ABND,ABND-TASKNO-KEY, ABND_TASKNO_KEY
ABND,ABND-TIME, ABND_TIME
ABND,ABND-TRANID, ABND_TRANID
ABND,ABND-UTIME-KEY, ABND_UTIME_KEY
ABNDINFO,ABNDINFO-REC, ABNDINFO_REC
ACC,SUBPGM-ACC-TYPE, SUBPGM_ACC_TYPE
ACCTYPE,WS-COMM-ACCTYPE, WS_COMM_ACCTYPE
ACT,SUBPGM-ACT-BAL, SUBPGM_ACT_BAL
ACTUAL,ACTUAL-BALANCE-DISPLAY, ACTUAL_BALANCE_DISPLAY
ALARM,SEND-DATAONLY-ALARM, SEND_DATAONLY_ALARM
APPLID,ABND-APPLID, ABND_APPLID
AREA,WS-COMM-AREA, WS_COMM_AREA
AVAIL,SUBPGM-AVAIL-BAL, SUBPGM_AVAIL_BAL
AVAILABLE,AVAILABLE-BALANCE-DISPLAY, AVAILABLE_BALANCE_DISPLAY
BAL,SUBPGM-ACT-BAL, SUBPGM_ACT_BAL
BAL,SUBPGM-AVAIL-BAL, SUBPGM_AVAIL_BAL
BALANCE,ACTUAL-BALANCE-DISPLAY, ACTUAL_BALANCE_DISPLAY
BALANCE,AVAILABLE-BALANCE-DISPLAY, AVAILABLE_BALANCE_DISPLAY
CICS,WS-CICS-FAIL-MSG, WS_CICS_FAIL_MSG
CICS,WS-CICS-RESP, WS_CICS_RESP
CICS,WS-CICS-RESP-DISP, WS_CICS_RESP_DISP
CICS,WS-CICS-RESP2, WS_CICS_RESP2
CICS,WS-CICS-RESP2-DISP, WS_CICS_RESP2_DISP
CODE,ABND-CODE, ABND_CODE
CODE,SUBPGM-FAIL-CODE, SUBPGM_FAIL_CODE
COMM,WS-COMM-ACCTYPE, WS_COMM_ACCTYPE
COMM,WS-COMM-AREA, WS_COMM_AREA
COMM,WS-COMM-CUSTNO, WS_COMM_CUSTNO
COMM,WS-COMM-INTRT, WS_COMM_INTRT
COMM,WS-COMM-OVERDR, WS_COMM_OVERDR
COMP,INTRTI-COMP-1, INTRTI_COMP_1
COUNT,WS-NUM-COUNT-POINT, WS_NUM_COUNT_POINT
COUNT,WS-NUM-COUNT-TOTAL, WS_NUM_COUNT_TOTAL
CUSTNO,SUBPGM-CUSTNO, SUBPGM_CUSTNO
CUSTNO,WS-COMM-CUSTNO, WS_COMM_CUSTNO
DATA,VALID-DATA, VALID_DATA
DATA,VALID-DATA-SW, VALID_DATA_SW
DATAONLY,SEND-DATAONLY, SEND_DATAONLY
DATAONLY,SEND-DATAONLY-ALARM, SEND_DATAONLY_ALARM
DATE,ABND-DATE, ABND_DATE
DATE,WS-ORIG-DATE, WS_ORIG_DATE
DISP,WS-CICS-RESP-DISP, WS_CICS_RESP_DISP
DISP,WS-CICS-RESP2-DISP, WS_CICS_RESP2_DISP
DISPLAY,ACTUAL-BALANCE-DISPLAY, ACTUAL_BALANCE_DISPLAY
DISPLAY,AVAILABLE-BALANCE-DISPLAY, AVAILABLE_BALANCE_DISPLAY
DT,SUBPGM-LAST-STMT-DT, SUBPGM_LAST_STMT_DT
DT,SUBPGM-NEXT-STMT-DT, SUBPGM_NEXT_STMT_DT
END,END-OF-SESSION-MESSAGE, END_OF_SESSION_MESSAGE
ERASE,SEND-ERASE, SEND_ERASE
EYECATCHER,SUBPGM-EYECATCHER, SUBPGM_EYECATCHER
FAIL,SUBPGM-FAIL-CODE, SUBPGM_FAIL_CODE
FAIL,WS-CICS-FAIL-MSG, WS_CICS_FAIL_MSG
FAIL,WS-FAIL-INFO, WS_FAIL_INFO
FREEFORM,ABND-FREEFORM, ABND_FREEFORM
GRP,WS-TIME-NOW-GRP-HH, WS_TIME_NOW_GRP_HH
GRP,WS-TIME-NOW-GRP-MM, WS_TIME_NOW_GRP_MM
HH,WS-TIME-NOW-GRP-HH, WS_TIME_NOW_GRP_HH
INFO,WS-FAIL-INFO, WS_FAIL_INFO
INT,SUBPGM-INT-RT, SUBPGM_INT_RT
INTRT,INTRT-PIC9, INTRT_PIC9
INTRT,WS-COMM-INTRT, WS_COMM_INTRT
INTRTI,INTRTI-COMP-1, INTRTI_COMP_1
KEY,ABND-TASKNO-KEY, ABND_TASKNO_KEY
KEY,ABND-UTIME-KEY, ABND_UTIME_KEY
LAST,SUBPGM-LAST-STMT-DT, SUBPGM_LAST_STMT_DT
LIM,SUBPGM-OVERDR-LIM, SUBPGM_OVERDR_LIM
MESSAGE,END-OF-SESSION-MESSAGE, END_OF_SESSION_MESSAGE
MM,WS-TIME-NOW-GRP-MM, WS_TIME_NOW_GRP_MM
MSG,WS-CICS-FAIL-MSG, WS_CICS_FAIL_MSG
NEXT,SUBPGM-NEXT-STMT-DT, SUBPGM_NEXT_STMT_DT
NOW,WS-TIME-NOW, WS_TIME_NOW
NOW,WS-TIME-NOW-GRP-HH, WS_TIME_NOW_GRP_HH
NOW,WS-TIME-NOW-GRP-MM, WS_TIME_NOW_GRP_MM
NUM,WS-NUM-COUNT-POINT, WS_NUM_COUNT_POINT
NUM,WS-NUM-COUNT-TOTAL, WS_NUM_COUNT_TOTAL
NUMBER,SUBPGM-NUMBER, SUBPGM_NUMBER
OF,END-OF-SESSION-MESSAGE, END_OF_SESSION_MESSAGE
OPENED,SUBPGM-OPENED, SUBPGM_OPENED
ORIG,WS-ORIG-DATE, WS_ORIG_DATE
OVERDR,SUBPGM-OVERDR-LIM, SUBPGM_OVERDR_LIM
OVERDR,WS-COMM-OVERDR, WS_COMM_OVERDR
PARMS,SUBPGM-PARMS, SUBPGM_PARMS
PGM,WS-ABEND-PGM, WS_ABEND_PGM
PIC9,INTRT-PIC9, INTRT_PIC9
POINT,WS-NUM-COUNT-POINT, WS_NUM_COUNT_POINT
PROGRAM,ABND-PROGRAM, ABND_PROGRAM
REC,ABNDINFO-REC, ABNDINFO_REC
RESP,WS-CICS-RESP, WS_CICS_RESP
RESP,WS-CICS-RESP-DISP, WS_CICS_RESP_DISP
RESP2,WS-CICS-RESP2, WS_CICS_RESP2
RESP2,WS-CICS-RESP2-DISP, WS_CICS_RESP2_DISP
RESP2CODE,ABND-RESP2CODE, ABND_RESP2CODE
RESPCODE,ABND-RESPCODE, ABND_RESPCODE
REVERSE,WS-REVERSE, WS_REVERSE
RT,SUBPGM-INT-RT, SUBPGM_INT_RT
SEND,SEND-DATAONLY, SEND_DATAONLY
SEND,SEND-DATAONLY-ALARM, SEND_DATAONLY_ALARM
SEND,SEND-ERASE, SEND_ERASE
SESSION,END-OF-SESSION-MESSAGE, END_OF_SESSION_MESSAGE
SORTCODE,SUBPGM-SORTCODE, SUBPGM_SORTCODE
SQLCODE,ABND-SQLCODE, ABND_SQLCODE
STMT,SUBPGM-LAST-STMT-DT, SUBPGM_LAST_STMT_DT
STMT,SUBPGM-NEXT-STMT-DT, SUBPGM_NEXT_STMT_DT
SUBPGM,SUBPGM-ACC-TYPE, SUBPGM_ACC_TYPE
SUBPGM,SUBPGM-ACT-BAL, SUBPGM_ACT_BAL
SUBPGM,SUBPGM-AVAIL-BAL, SUBPGM_AVAIL_BAL
SUBPGM,SUBPGM-CUSTNO, SUBPGM_CUSTNO
SUBPGM,SUBPGM-EYECATCHER, SUBPGM_EYECATCHER
SUBPGM,SUBPGM-FAIL-CODE, SUBPGM_FAIL_CODE
SUBPGM,SUBPGM-INT-RT, SUBPGM_INT_RT
SUBPGM,SUBPGM-LAST-STMT-DT, SUBPGM_LAST_STMT_DT
SUBPGM,SUBPGM-NEXT-STMT-DT, SUBPGM_NEXT_STMT_DT
SUBPGM,SUBPGM-NUMBER, SUBPGM_NUMBER
SUBPGM,SUBPGM-OPENED, SUBPGM_OPENED
SUBPGM,SUBPGM-OVERDR-LIM, SUBPGM_OVERDR_LIM
SUBPGM,SUBPGM-PARMS, SUBPGM_PARMS
SUBPGM,SUBPGM-SORTCODE, SUBPGM_SORTCODE
SUBPGM,SUBPGM-SUCCESS, SUBPGM_SUCCESS
SUCCESS,SUBPGM-SUCCESS, SUBPGM_SUCCESS
SW,VALID-DATA-SW, VALID_DATA_SW
TASKNO,ABND-TASKNO-KEY, ABND_TASKNO_KEY
TIME,ABND-TIME, ABND_TIME
TIME,WS-TIME-NOW, WS_TIME_NOW
TIME,WS-TIME-NOW-GRP-HH, WS_TIME_NOW_GRP_HH
TIME,WS-TIME-NOW-GRP-MM, WS_TIME_NOW_GRP_MM
TIME,WS-U-TIME, WS_U_TIME
TOTAL,WS-NUM-COUNT-TOTAL, WS_NUM_COUNT_TOTAL
TRANID,ABND-TRANID, ABND_TRANID
TYPE,SUBPGM-ACC-TYPE, SUBPGM_ACC_TYPE
UTIME,ABND-UTIME-KEY, ABND_UTIME_KEY
VALID,VALID-DATA, VALID_DATA
VALID,VALID-DATA-SW, VALID_DATA_SW
WS,WS-ABEND-PGM, WS_ABEND_PGM
WS,WS-CICS-FAIL-MSG, WS_CICS_FAIL_MSG
WS,WS-CICS-RESP, WS_CICS_RESP
WS,WS-CICS-RESP-DISP, WS_CICS_RESP_DISP
WS,WS-CICS-RESP2, WS_CICS_RESP2
WS,WS-CICS-RESP2-DISP, WS_CICS_RESP2_DISP
WS,WS-COMM-ACCTYPE, WS_COMM_ACCTYPE
WS,WS-COMM-AREA, WS_COMM_AREA
WS,WS-COMM-CUSTNO, WS_COMM_CUSTNO
WS,WS-COMM-INTRT, WS_COMM_INTRT
WS,WS-COMM-OVERDR, WS_COMM_OVERDR
WS,WS-FAIL-INFO, WS_FAIL_INFO
WS,WS-NUM-COUNT-POINT, WS_NUM_COUNT_POINT
WS,WS-NUM-COUNT-TOTAL, WS_NUM_COUNT_TOTAL
WS,WS-ORIG-DATE, WS_ORIG_DATE
WS,WS-REVERSE, WS_REVERSE
WS,WS-TIME-NOW, WS_TIME_NOW
WS,WS-TIME-NOW-GRP-HH, WS_TIME_NOW_GRP_HH
WS,WS-TIME-NOW-GRP-MM, WS_TIME_NOW_GRP_MM
WS,WS-U-TIME, WS_U_TIME
