Abbreviation, Program Term, Business Term
ABCODE,WS-ABCODE, WS_ABCODE
ABEND,HANDLE-ABEND, HANDLE_ABEND
ABEND,WS-ABEND-PGM, WS_ABEND_PGM
ABND,ABND-APPLID, ABND_APPLID
ABND,ABND-CODE, ABND_CODE
ABND,ABND-DATE, ABND_DATE
ABND,ABND-FREEFORM, ABND_FREEFORM
ABND,ABND-PROGRAM, ABND_PROGRAM
ABND,ABND-RESP2CODE, ABND_RESP2CODE
ABND,ABND-RESPCODE, ABND_RESPCODE
ABND,ABND-SQLCODE, ABND_SQLCODE
ABND,ABND-TASKNO-KEY, ABND_TASKNO_KEY
ABND,ABND-TIME, ABND_TIME
ABND,ABND-TRANID, ABND_TRANID
ABND,ABND-UTIME-KEY, ABND_UTIME_KEY
ABNDINFO,ABNDINFO-REC, ABNDINFO_REC
ADDR,WS-ADDR-SPLIT, WS_ADDR_SPLIT
ADDR,WS-ADDR-SPLIT1, WS_ADDR_SPLIT1
ADDR,WS-ADDR-SPLIT2, WS_ADDR_SPLIT2
ADDR,WS-ADDR-SPLIT3, WS_ADDR_SPLIT3
ADDRESS,SUBPGM-ADDRESS, SUBPGM_ADDRESS
ALARM,SEND-DATAONLY-ALARM, SEND_DATAONLY_ALARM
APPLID,ABND-APPLID, ABND_APPLID
AREA,WS-COMM-AREA, WS_COMM_AREA
BIRTH,SUBPGM-BIRTH-DAY, SUBPGM_BIRTH_DAY
BIRTH,SUBPGM-BIRTH-MONTH, SUBPGM_BIRTH_MONTH
BIRTH,SUBPGM-BIRTH-YEAR, SUBPGM_BIRTH_YEAR
CHAR,DOBDDI-CHAR, DOBDDI_CHAR
CHAR,DOBMMI-CHAR, DOBMMI_CHAR
CICS,WS-CICS-FAIL-MSG, WS_CICS_FAIL_MSG
CICS,WS-CICS-RESP, WS_CICS_RESP
CICS,WS-CICS-RESP-DISP, WS_CICS_RESP_DISP
CICS,WS-CICS-RESP2, WS_CICS_RESP2
CICS,WS-CICS-RESP2-DISP, WS_CICS_RESP2_DISP
CODE,ABND-CODE, ABND_CODE
CODE,SUBPGM-FAIL-CODE, SUBPGM_FAIL_CODE
COMM,WS-COMM-AREA, WS_COMM_AREA
COMM,WS-COMM-TERM, WS_COMM_TERM
CREDIT,SUBPGM-CREDIT-SCORE, SUBPGM_CREDIT_SCORE
CS,SUBPGM-CS-REVIEW-DATE, SUBPGM_CS_REVIEW_DATE
DATA,VALID-DATA, VALID_DATA
DATA,VALID-DATA-SW, VALID_DATA_SW
DATAONLY,SEND-DATAONLY, SEND_DATAONLY
DATAONLY,SEND-DATAONLY-ALARM, SEND_DATAONLY_ALARM
DATE,ABND-DATE, ABND_DATE
DATE,SUBPGM-CS-REVIEW-DATE, SUBPGM_CS_REVIEW_DATE
DATE,WS-ORIG-DATE, WS_ORIG_DATE
DAY,SUBPGM-BIRTH-DAY, SUBPGM_BIRTH_DAY
DISP,WS-CICS-RESP-DISP, WS_CICS_RESP_DISP
DISP,WS-CICS-RESP2-DISP, WS_CICS_RESP2_DISP
DOBDDI,DOBDDI-CHAR, DOBDDI_CHAR
DOBDDI,DOBDDI-NUM, DOBDDI_NUM
DOBMMI,DOBMMI-CHAR, DOBMMI_CHAR
DOBMMI,DOBMMI-NUM, DOBMMI_NUM
END,END-OF-SESSION-MESSAGE, END_OF_SESSION_MESSAGE
ERASE,SEND-ERASE, SEND_ERASE
EYECATCHER,SUBPGM-EYECATCHER, SUBPGM_EYECATCHER
FAIL,SUBPGM-FAIL-CODE, SUBPGM_FAIL_CODE
FAIL,WS-CICS-FAIL-MSG, WS_CICS_FAIL_MSG
FAIL,WS-FAIL-INFO, WS_FAIL_INFO
FREEFORM,ABND-FREEFORM, ABND_FREEFORM
GRP,WS-TIME-NOW-GRP-HH, WS_TIME_NOW_GRP_HH
GRP,WS-TIME-NOW-GRP-MM, WS_TIME_NOW_GRP_MM
HANDLE,HANDLE-ABEND, HANDLE_ABEND
HH,WS-TIME-NOW-GRP-HH, WS_TIME_NOW_GRP_HH
INFO,WS-FAIL-INFO, WS_FAIL_INFO
KEY,ABND-TASKNO-KEY, ABND_TASKNO_KEY
KEY,ABND-UTIME-KEY, ABND_UTIME_KEY
MESSAGE,END-OF-SESSION-MESSAGE, END_OF_SESSION_MESSAGE
MM,WS-TIME-NOW-GRP-MM, WS_TIME_NOW_GRP_MM
MONTH,SUBPGM-BIRTH-MONTH, SUBPGM_BIRTH_MONTH
MSG,WS-CICS-FAIL-MSG, WS_CICS_FAIL_MSG
NAME,SUBPGM-NAME, SUBPGM_NAME
NOW,WS-TIME-NOW, WS_TIME_NOW
NOW,WS-TIME-NOW-GRP-HH, WS_TIME_NOW_GRP_HH
NOW,WS-TIME-NOW-GRP-MM, WS_TIME_NOW_GRP_MM
NUM,DOBDDI-NUM, DOBDDI_NUM
NUM,DOBMMI-NUM, DOBMMI_NUM
NUMBER,SUBPGM-NUMBER, SUBPGM_NUMBER
OF,END-OF-SESSION-MESSAGE, END_OF_SESSION_MESSAGE
ORIG,WS-ORIG-DATE, WS_ORIG_DATE
PARMS,SUBPGM-PARMS, SUBPGM_PARMS
PGM,WS-ABEND-PGM, WS_ABEND_PGM
PROGRAM,ABND-PROGRAM, ABND_PROGRAM
REC,ABNDINFO-REC, ABNDINFO_REC
RESP,WS-CICS-RESP, WS_CICS_RESP
RESP,WS-CICS-RESP-DISP, WS_CICS_RESP_DISP
RESP2,WS-CICS-RESP2, WS_CICS_RESP2
RESP2,WS-CICS-RESP2-DISP, WS_CICS_RESP2_DISP
RESP2CODE,ABND-RESP2CODE, ABND_RESP2CODE
RESPCODE,ABND-RESPCODE, ABND_RESPCODE
REVIEW,SUBPGM-CS-REVIEW-DATE, SUBPGM_CS_REVIEW_DATE
SCORE,SUBPGM-CREDIT-SCORE, SUBPGM_CREDIT_SCORE
SEND,SEND-DATAONLY, SEND_DATAONLY
SEND,SEND-DATAONLY-ALARM, SEND_DATAONLY_ALARM
SEND,SEND-ERASE, SEND_ERASE
SESSION,END-OF-SESSION-MESSAGE, END_OF_SESSION_MESSAGE
SORTCODE,SUBPGM-SORTCODE, SUBPGM_SORTCODE
SPLIT,WS-ADDR-SPLIT, WS_ADDR_SPLIT
SPLIT1,WS-ADDR-SPLIT1, WS_ADDR_SPLIT1
SPLIT2,WS-ADDR-SPLIT2, WS_ADDR_SPLIT2
SPLIT3,WS-ADDR-SPLIT3, WS_ADDR_SPLIT3
SQLCODE,ABND-SQLCODE, ABND_SQLCODE
STORED,STORED-UCTRANS, STORED_UCTRANS
SUBPGM,SUBPGM-ADDRESS, SUBPGM_ADDRESS
SUBPGM,SUBPGM-BIRTH-DAY, SUBPGM_BIRTH_DAY
SUBPGM,SUBPGM-BIRTH-MONTH, SUBPGM_BIRTH_MONTH
SUBPGM,SUBPGM-BIRTH-YEAR, SUBPGM_BIRTH_YEAR
SUBPGM,SUBPGM-CREDIT-SCORE, SUBPGM_CREDIT_SCORE
SUBPGM,SUBPGM-CS-REVIEW-DATE, SUBPGM_CS_REVIEW_DATE
SUBPGM,SUBPGM-EYECATCHER, SUBPGM_EYECATCHER
SUBPGM,SUBPGM-FAIL-CODE, SUBPGM_FAIL_CODE
SUBPGM,SUBPGM-NAME, SUBPGM_NAME
SUBPGM,SUBPGM-NUMBER, SUBPGM_NUMBER
SUBPGM,SUBPGM-PARMS, SUBPGM_PARMS
SUBPGM,SUBPGM-SORTCODE, SUBPGM_SORTCODE
SUBPGM,SUBPGM-SUCCESS, SUBPGM_SUCCESS
SUCCESS,SUBPGM-SUCCESS, SUBPGM_SUCCESS
SW,VALID-DATA-SW, VALID_DATA_SW
TASKNO,ABND-TASKNO-KEY, ABND_TASKNO_KEY
TERM,WS-COMM-TERM, WS_COMM_TERM
TIME,ABND-TIME, ABND_TIME
TIME,WS-TIME-NOW, WS_TIME_NOW
TIME,WS-TIME-NOW-GRP-HH, WS_TIME_NOW_GRP_HH
TIME,WS-TIME-NOW-GRP-MM, WS_TIME_NOW_GRP_MM
TIME,WS-U-TIME, WS_U_TIME
TRANID,ABND-TRANID, ABND_TRANID
UCTRANS,STORED-UCTRANS, STORED_UCTRANS
UCTRANS,WS-UCTRANS, WS_UCTRANS
UTIME,ABND-UTIME-KEY, ABND_UTIME_KEY
VALID,VALID-DATA, VALID_DATA
VALID,VALID-DATA-SW, VALID_DATA_SW
WS,WS-ABCODE, WS_ABCODE
WS,WS-ABEND-PGM, WS_ABEND_PGM
WS,WS-ADDR-SPLIT, WS_ADDR_SPLIT
WS,WS-ADDR-SPLIT1, WS_ADDR_SPLIT1
WS,WS-ADDR-SPLIT2, WS_ADDR_SPLIT2
WS,WS-ADDR-SPLIT3, WS_ADDR_SPLIT3
WS,WS-CICS-FAIL-MSG, WS_CICS_FAIL_MSG
WS,WS-CICS-RESP, WS_CICS_RESP
WS,WS-CICS-RESP-DISP, WS_CICS_RESP_DISP
WS,WS-CICS-RESP2, WS_CICS_RESP2
WS,WS-CICS-RESP2-DISP, WS_CICS_RESP2_DISP
WS,WS-COMM-AREA, WS_COMM_AREA
WS,WS-COMM-TERM, WS_COMM_TERM
WS,WS-FAIL-INFO, WS_FAIL_INFO
WS,WS-ORIG-DATE, WS_ORIG_DATE
WS,WS-TIME-NOW, WS_TIME_NOW
WS,WS-TIME-NOW-GRP-HH, WS_TIME_NOW_GRP_HH
WS,WS-TIME-NOW-GRP-MM, WS_TIME_NOW_GRP_MM
WS,WS-U-TIME, WS_U_TIME
WS,WS-UCTRANS, WS_UCTRANS
YEAR,SUBPGM-BIRTH-YEAR, SUBPGM_BIRTH_YEAR
