Abbreviation, Program Term, Business Term
ABEND,WS-ABEND-PGM, WS_ABEND_PGM
ABND,ABND-APPLID, ABND_APPLID
ABND,ABND-CODE, ABND_CODE
ABND,ABND-DATE, ABND_DATE
ABND,ABND-FREEFORM, ABND_FREEFORM
ABND,ABND-PROGRAM, ABND_PROGRAM
ABND,ABND-RESP2CODE, ABND_RESP2CODE
ABND,ABND-RESPCODE, ABND_RESPCODE
ABND,ABND-SQLCODE, ABND_SQLCODE
ABND,ABND-TASKNO-KEY, ABND_TASKNO_KEY
ABND,ABND-TIME, ABND_TIME
ABND,ABND-TRANID, ABND_TRANID
ABND,ABND-UTIME-KEY, ABND_UTIME_KEY
ABNDINFO,ABNDINFO-REC, ABNDINFO_REC
ACTUAL,FROM-ACTUAL-BALANCE-DISPLAY, FROM_ACTUAL_BALANCE_DISPLAY
ACTUAL,TO-ACTUAL-BALANCE-DISPLAY, TO_ACTUAL_BALANCE_DISPLAY
ALARM,SEND-DATAONLY-ALARM, SEND_DATAONLY_ALARM
AMOUNT,WS-AMOUNT-AS-FLOAT, WS_AMOUNT_AS_FLOAT
AMOUNT,WS-AMOUNT-UNSTR, WS_AMOUNT_UNSTR
AMOUNT,WS-AMOUNT-UNSTR-L, WS_AMOUNT_UNSTR_L
AMOUNT,WS-AMOUNT-UNSTR-REVERSE, WS_AMOUNT_UNSTR_REVERSE
AMT,SUBPGM-AMT, SUBPGM_AMT
APPLID,ABND-APPLID, ABND_APPLID
AS,WS-AMOUNT-AS-FLOAT, WS_AMOUNT_AS_FLOAT
AVAILABLE,FROM-AVAILABLE-BALANCE-DISPLAY, FROM_AVAILABLE_BALANCE_DISPLAY
AVAILABLE,TO-AVAILABLE-BALANCE-DISPLAY, TO_AVAILABLE_BALANCE_DISPLAY
BALANCE,FROM-ACTUAL-BALANCE-DISPLAY, FROM_ACTUAL_BALANCE_DISPLAY
BALANCE,FROM-AVAILABLE-BALANCE-DISPLAY, FROM_AVAILABLE_BALANCE_DISPLAY
BALANCE,TO-ACTUAL-BALANCE-DISPLAY, TO_ACTUAL_BALANCE_DISPLAY
BALANCE,TO-AVAILABLE-BALANCE-DISPLAY, TO_AVAILABLE_BALANCE_DISPLAY
CICS,WS-CICS-FAIL-MSG, WS_CICS_FAIL_MSG
CICS,WS-CICS-RESP, WS_CICS_RESP
CICS,WS-CICS-RESP-DISP, WS_CICS_RESP_DISP
CICS,WS-CICS-RESP2, WS_CICS_RESP2
CICS,WS-CICS-RESP2-DISP, WS_CICS_RESP2_DISP
CODE,ABND-CODE, ABND_CODE
CODE,SUBPGM-FAIL-CODE, SUBPGM_FAIL_CODE
COMMAREA,WS-COMMAREA, WS_COMMAREA
COUNT,WS-NUM-COUNT-MINUS, WS_NUM_COUNT_MINUS
COUNT,WS-NUM-COUNT-POINT, WS_NUM_COUNT_POINT
COUNT,WS-NUM-COUNT-SPACE, WS_NUM_COUNT_SPACE
COUNT,WS-NUM-COUNT-TOTAL, WS_NUM_COUNT_TOTAL
DATA,VALID-DATA, VALID_DATA
DATA,VALID-DATA-SW, VALID_DATA_SW
DATAONLY,SEND-DATAONLY, SEND_DATAONLY
DATAONLY,SEND-DATAONLY-ALARM, SEND_DATAONLY_ALARM
DATE,ABND-DATE, ABND_DATE
DATE,WS-ORIG-DATE, WS_ORIG_DATE
DISP,WS-CICS-RESP-DISP, WS_CICS_RESP_DISP
DISP,WS-CICS-RESP2-DISP, WS_CICS_RESP2_DISP
DISPLAY,FROM-ACTUAL-BALANCE-DISPLAY, FROM_ACTUAL_BALANCE_DISPLAY
DISPLAY,FROM-AVAILABLE-BALANCE-DISPLAY, FROM_AVAILABLE_BALANCE_DISPLAY
DISPLAY,TO-ACTUAL-BALANCE-DISPLAY, TO_ACTUAL_BALANCE_DISPLAY
DISPLAY,TO-AVAILABLE-BALANCE-DISPLAY, TO_AVAILABLE_BALANCE_DISPLAY
END,END-OF-SESSION-MESSAGE, END_OF_SESSION_MESSAGE
ERASE,SEND-ERASE, SEND_ERASE
FACCNO,SUBPGM-FACCNO, SUBPGM_FACCNO
FACTBAL,SUBPGM-FACTBAL, SUBPGM_FACTBAL
FAIL,SUBPGM-FAIL-CODE, SUBPGM_FAIL_CODE
FAIL,WS-CICS-FAIL-MSG, WS_CICS_FAIL_MSG
FAIL,WS-FAIL-INFO, WS_FAIL_INFO
FAVBAL,SUBPGM-FAVBAL, SUBPGM_FAVBAL
FLOAT,WS-AMOUNT-AS-FLOAT, WS_AMOUNT_AS_FLOAT
FREEFORM,ABND-FREEFORM, ABND_FREEFORM
FROM,FROM-ACTUAL-BALANCE-DISPLAY, FROM_ACTUAL_BALANCE_DISPLAY
FROM,FROM-AVAILABLE-BALANCE-DISPLAY, FROM_AVAILABLE_BALANCE_DISPLAY
FSCODE,SUBPGM-FSCODE, SUBPGM_FSCODE
GRP,WS-TIME-NOW-GRP-HH, WS_TIME_NOW_GRP_HH
GRP,WS-TIME-NOW-GRP-MM, WS_TIME_NOW_GRP_MM
HH,WS-TIME-NOW-GRP-HH, WS_TIME_NOW_GRP_HH
INFO,WS-FAIL-INFO, WS_FAIL_INFO
KEY,ABND-TASKNO-KEY, ABND_TASKNO_KEY
KEY,ABND-UTIME-KEY, ABND_UTIME_KEY
MESSAGE,END-OF-SESSION-MESSAGE, END_OF_SESSION_MESSAGE
MINUS,WS-NUM-COUNT-MINUS, WS_NUM_COUNT_MINUS
MM,WS-TIME-NOW-GRP-MM, WS_TIME_NOW_GRP_MM
MSG,WS-CICS-FAIL-MSG, WS_CICS_FAIL_MSG
NOW,WS-TIME-NOW, WS_TIME_NOW
NOW,WS-TIME-NOW-GRP-HH, WS_TIME_NOW_GRP_HH
NOW,WS-TIME-NOW-GRP-MM, WS_TIME_NOW_GRP_MM
NUM,WS-NUM-COUNT-MINUS, WS_NUM_COUNT_MINUS
NUM,WS-NUM-COUNT-POINT, WS_NUM_COUNT_POINT
NUM,WS-NUM-COUNT-SPACE, WS_NUM_COUNT_SPACE
NUM,WS-NUM-COUNT-TOTAL, WS_NUM_COUNT_TOTAL
OF,END-OF-SESSION-MESSAGE, END_OF_SESSION_MESSAGE
ORIG,WS-ORIG-DATE, WS_ORIG_DATE
PARMS,SUBPGM-PARMS, SUBPGM_PARMS
PGM,WS-ABEND-PGM, WS_ABEND_PGM
POINT,WS-NUM-COUNT-POINT, WS_NUM_COUNT_POINT
PROGRAM,ABND-PROGRAM, ABND_PROGRAM
REC,ABNDINFO-REC, ABNDINFO_REC
RESP,WS-CICS-RESP, WS_CICS_RESP
RESP,WS-CICS-RESP-DISP, WS_CICS_RESP_DISP
RESP2,WS-CICS-RESP2, WS_CICS_RESP2
RESP2,WS-CICS-RESP2-DISP, WS_CICS_RESP2_DISP
RESP2CODE,ABND-RESP2CODE, ABND_RESP2CODE
RESPCODE,ABND-RESPCODE, ABND_RESPCODE
REVERSE,WS-AMOUNT-UNSTR-REVERSE, WS_AMOUNT_UNSTR_REVERSE
SEND,SEND-DATAONLY, SEND_DATAONLY
SEND,SEND-DATAONLY-ALARM, SEND_DATAONLY_ALARM
SEND,SEND-ERASE, SEND_ERASE
SESSION,END-OF-SESSION-MESSAGE, END_OF_SESSION_MESSAGE
SPACE,WS-NUM-COUNT-SPACE, WS_NUM_COUNT_SPACE
SQLCODE,ABND-SQLCODE, ABND_SQLCODE
SUBPGM,SUBPGM-AMT, SUBPGM_AMT
SUBPGM,SUBPGM-FACCNO, SUBPGM_FACCNO
SUBPGM,SUBPGM-FACTBAL, SUBPGM_FACTBAL
SUBPGM,SUBPGM-FAIL-CODE, SUBPGM_FAIL_CODE
SUBPGM,SUBPGM-FAVBAL, SUBPGM_FAVBAL
SUBPGM,SUBPGM-FSCODE, SUBPGM_FSCODE
SUBPGM,SUBPGM-PARMS, SUBPGM_PARMS
SUBPGM,SUBPGM-SUCCESS, SUBPGM_SUCCESS
SUBPGM,SUBPGM-TACCNO, SUBPGM_TACCNO
SUBPGM,SUBPGM-TACTBAL, SUBPGM_TACTBAL
SUBPGM,SUBPGM-TAVBAL, SUBPGM_TAVBAL
SUBPGM,SUBPGM-TSCODE, SUBPGM_TSCODE
SUCCESS,SUBPGM-SUCCESS, SUBPGM_SUCCESS
SW,VALID-DATA-SW, VALID_DATA_SW
TACCNO,SUBPGM-TACCNO, SUBPGM_TACCNO
TACTBAL,SUBPGM-TACTBAL, SUBPGM_TACTBAL
TASKNO,ABND-TASKNO-KEY, ABND_TASKNO_KEY
TAVBAL,SUBPGM-TAVBAL, SUBPGM_TAVBAL
TIME,ABND-TIME, ABND_TIME
TIME,WS-TIME-NOW, WS_TIME_NOW
TIME,WS-TIME-NOW-GRP-HH, WS_TIME_NOW_GRP_HH
TIME,WS-TIME-NOW-GRP-MM, WS_TIME_NOW_GRP_MM
TIME,WS-U-TIME, WS_U_TIME
TO,TO-ACTUAL-BALANCE-DISPLAY, TO_ACTUAL_BALANCE_DISPLAY
TO,TO-AVAILABLE-BALANCE-DISPLAY, TO_AVAILABLE_BALANCE_DISPLAY
TOTAL,WS-NUM-COUNT-TOTAL, WS_NUM_COUNT_TOTAL
TRANID,ABND-TRANID, ABND_TRANID
TSCODE,SUBPGM-TSCODE, SUBPGM_TSCODE
UNSTR,WS-AMOUNT-UNSTR, WS_AMOUNT_UNSTR
UNSTR,WS-AMOUNT-UNSTR-L, WS_AMOUNT_UNSTR_L
UNSTR,WS-AMOUNT-UNSTR-REVERSE, WS_AMOUNT_UNSTR_REVERSE
UTIME,ABND-UTIME-KEY, ABND_UTIME_KEY
VALID,VALID-DATA, VALID_DATA
VALID,VALID-DATA-SW, VALID_DATA_SW
WS,WS-ABEND-PGM, WS_ABEND_PGM
WS,WS-AMOUNT-AS-FLOAT, WS_AMOUNT_AS_FLOAT
WS,WS-AMOUNT-UNSTR, WS_AMOUNT_UNSTR
WS,WS-AMOUNT-UNSTR-L, WS_AMOUNT_UNSTR_L
WS,WS-AMOUNT-UNSTR-REVERSE, WS_AMOUNT_UNSTR_REVERSE
WS,WS-CICS-FAIL-MSG, WS_CICS_FAIL_MSG
WS,WS-CICS-RESP, WS_CICS_RESP
WS,WS-CICS-RESP-DISP, WS_CICS_RESP_DISP
WS,WS-CICS-RESP2, WS_CICS_RESP2
WS,WS-CICS-RESP2-DISP, WS_CICS_RESP2_DISP
WS,WS-COMMAREA, WS_COMMAREA
WS,WS-FAIL-INFO, WS_FAIL_INFO
WS,WS-NUM-COUNT-MINUS, WS_NUM_COUNT_MINUS
WS,WS-NUM-COUNT-POINT, WS_NUM_COUNT_POINT
WS,WS-NUM-COUNT-SPACE, WS_NUM_COUNT_SPACE
WS,WS-NUM-COUNT-TOTAL, WS_NUM_COUNT_TOTAL
WS,WS-ORIG-DATE, WS_ORIG_DATE
WS,WS-TIME-NOW, WS_TIME_NOW
WS,WS-TIME-NOW-GRP-HH, WS_TIME_NOW_GRP_HH
WS,WS-TIME-NOW-GRP-MM, WS_TIME_NOW_GRP_MM
WS,WS-U-TIME, WS_U_TIME
