Abbreviation, Program Term, Business Term
ABEND,ABEND-HANDLING, ABEND_HANDLING
ABEND,WS-ABEND-PGM, WS_ABEND_PGM
ABND,ABND-APPLID, ABND_APPLID
ABND,ABND-CODE, ABND_CODE
ABND,ABND-DATE, ABND_DATE
ABND,ABND-FREEFORM, ABND_FREEFORM
ABND,ABND-PROGRAM, ABND_PROGRAM
ABND,ABND-RESP2CODE, ABND_RESP2CODE
ABND,ABND-RESPCODE, ABND_RESPCODE
ABND,ABND-SQLCODE, ABND_SQLCODE
ABND,ABND-TASKNO-KEY, ABND_TASKNO_KEY
ABND,ABND-TIME, ABND_TIME
ABND,ABND-TRANID, ABND_TRANID
ABND,ABND-UTIME-KEY, ABND_UTIME_KEY
ABNDINFO,ABNDINFO-REC, ABNDINFO_REC
ADDR,COMM-ADDR, COMM_ADDR
ADDR,COMM-ADDR-SPLIT, COMM_ADDR_SPLIT
ADDR,COMM-ADDR-SPLIT1, COMM_ADDR_SPLIT1
ADDR,COMM-ADDR-SPLIT2, COMM_ADDR_SPLIT2
ADDR,COMM-ADDR-SPLIT3, COMM_ADDR_SPLIT3
ADDR,COMM-ADDR-UPD-SPLIT, COMM_ADDR_UPD_SPLIT
ADDR,COMM-ADDR-UPD1, COMM_ADDR_UPD1
ADDR,COMM-ADDR-UPD2, COMM_ADDR_UPD2
ADDR,COMM-ADDR-UPD3, COMM_ADDR_UPD3
ADDR,INQCUST-ADDR, INQCUST_ADDR
ADDR,WS-COMM-ADDR, WS_COMM_ADDR
ALARM,SEND-DATAONLY-ALARM, SEND_DATAONLY_ALARM
APPLID,ABND-APPLID, ABND_APPLID
AREA,WS-COMM-AREA, WS_COMM_AREA
CD,COMM-DEL-FAIL-CD, COMM_DEL_FAIL_CD
CD,COMM-UPD-FAIL-CD, COMM_UPD_FAIL_CD
CICS,WS-CICS-FAIL-MSG, WS_CICS_FAIL_MSG
CICS,WS-CICS-RESP, WS_CICS_RESP
CICS,WS-CICS-RESP-DISP, WS_CICS_RESP_DISP
CICS,WS-CICS-RESP2, WS_CICS_RESP2
CICS,WS-CICS-RESP2-DISP, WS_CICS_RESP2_DISP
CODE,ABND-CODE, ABND_CODE
COMM,COMM-ADDR, COMM_ADDR
COMM,COMM-ADDR-SPLIT, COMM_ADDR_SPLIT
COMM,COMM-ADDR-SPLIT1, COMM_ADDR_SPLIT1
COMM,COMM-ADDR-SPLIT2, COMM_ADDR_SPLIT2
COMM,COMM-ADDR-SPLIT3, COMM_ADDR_SPLIT3
COMM,COMM-ADDR-UPD-SPLIT, COMM_ADDR_UPD_SPLIT
COMM,COMM-ADDR-UPD1, COMM_ADDR_UPD1
COMM,COMM-ADDR-UPD2, COMM_ADDR_UPD2
COMM,COMM-ADDR-UPD3, COMM_ADDR_UPD3
COMM,COMM-CREDIT-SCORE, COMM_CREDIT_SCORE
COMM,COMM-CS-DAY, COMM_CS_DAY
COMM,COMM-CS-MONTH, COMM_CS_MONTH
COMM,COMM-CS-REVIEW-DATE, COMM_CS_REVIEW_DATE
COMM,COMM-CS-REVIEW-UPD-9, COMM_CS_REVIEW_UPD_9
COMM,COMM-CS-REVIEWX-DD, COMM_CS_REVIEWX_DD
COMM,COMM-CS-REVIEWX-MM, COMM_CS_REVIEWX_MM
COMM,COMM-CS-REVIEWX-YYYY, COMM_CS_REVIEWX_YYYY
COMM,COMM-CS-YEAR, COMM_CS_YEAR
COMM,COMM-CUSTNO, COMM_CUSTNO
COMM,COMM-DEL-FAIL-CD, COMM_DEL_FAIL_CD
COMM,COMM-DEL-SUCCESS, COMM_DEL_SUCCESS
COMM,COMM-DOB, COMM_DOB
COMM,COMM-DOB-SPLIT, COMM_DOB_SPLIT
COMM,COMM-DOB-SPLIT-DD, COMM_DOB_SPLIT_DD
COMM,COMM-DOB-SPLIT-MM, COMM_DOB_SPLIT_MM
COMM,COMM-DOB-SPLIT-YYYY, COMM_DOB_SPLIT_YYYY
COMM,COMM-DOB-UPD-9, COMM_DOB_UPD_9
COMM,COMM-DOBX-DD, COMM_DOBX_DD
COMM,COMM-DOBX-MM, COMM_DOBX_MM
COMM,COMM-DOBX-YYYY, COMM_DOBX_YYYY
COMM,COMM-EYE, COMM_EYE
COMM,COMM-NAME, COMM_NAME
COMM,COMM-SCODE, COMM_SCODE
COMM,COMM-TERM, COMM_TERM
COMM,COMM-UPD, COMM_UPD
COMM,COMM-UPD-FAIL-CD, COMM_UPD_FAIL_CD
COMM,COMM-UPD-SUCCESS, COMM_UPD_SUCCESS
COMM,WS-COMM-ADDR, WS_COMM_ADDR
COMM,WS-COMM-AREA, WS_COMM_AREA
COMM,WS-COMM-CREDIT-SCORE, WS_COMM_CREDIT_SCORE
COMM,WS-COMM-CS-REVIEW-DATE, WS_COMM_CS_REVIEW_DATE
COMM,WS-COMM-CUSTNO, WS_COMM_CUSTNO
COMM,WS-COMM-DOB, WS_COMM_DOB
COMM,WS-COMM-EYE, WS_COMM_EYE
COMM,WS-COMM-NAME, WS_COMM_NAME
COMM,WS-COMM-SCODE, WS_COMM_SCODE
COMM,WS-COMM-TERM, WS_COMM_TERM
COMM,WS-COMM-UPDATE, WS_COMM_UPDATE
COMMAREA,DELCUS-COMMAREA, DELCUS_COMMAREA
COMMAREA,INQCUST-COMMAREA, INQCUST_COMMAREA
COMMAREA,UPDCUST-COMMAREA, UPDCUST_COMMAREA
CREDIT,COMM-CREDIT-SCORE, COMM_CREDIT_SCORE
CREDIT,CREDIT-SCORE-9, CREDIT_SCORE_9
CREDIT,CREDIT-SCORE-X, CREDIT_SCORE_X
CREDIT,INQCUST-CREDIT-SCORE, INQCUST_CREDIT_SCORE
CREDIT,WS-COMM-CREDIT-SCORE, WS_COMM_CREDIT_SCORE
CS,COMM-CS-DAY, COMM_CS_DAY
CS,COMM-CS-MONTH, COMM_CS_MONTH
CS,COMM-CS-REVIEW-DATE, COMM_CS_REVIEW_DATE
CS,COMM-CS-REVIEW-UPD-9, COMM_CS_REVIEW_UPD_9
CS,COMM-CS-REVIEWX-DD, COMM_CS_REVIEWX_DD
CS,COMM-CS-REVIEWX-MM, COMM_CS_REVIEWX_MM
CS,COMM-CS-REVIEWX-YYYY, COMM_CS_REVIEWX_YYYY
CS,COMM-CS-YEAR, COMM_CS_YEAR
CS,INQCUST-CS-REVIEW-DD, INQCUST_CS_REVIEW_DD
CS,INQCUST-CS-REVIEW-MM, INQCUST_CS_REVIEW_MM
CS,INQCUST-CS-REVIEW-YYYY, INQCUST_CS_REVIEW_YYYY
CS,WS-COMM-CS-REVIEW-DATE, WS_COMM_CS_REVIEW_DATE
CUSTNO,COMM-CUSTNO, COMM_CUSTNO
CUSTNO,INQCUST-CUSTNO, INQCUST_CUSTNO
CUSTNO,WS-COMM-CUSTNO, WS_COMM_CUSTNO
DATA,VALID-DATA, VALID_DATA
DATA,VALID-DATA-SW, VALID_DATA_SW
DATAONLY,SEND-DATAONLY, SEND_DATAONLY
DATAONLY,SEND-DATAONLY-ALARM, SEND_DATAONLY_ALARM
DATE,ABND-DATE, ABND_DATE
DATE,COMM-CS-REVIEW-DATE, COMM_CS_REVIEW_DATE
DATE,WS-COMM-CS-REVIEW-DATE, WS_COMM_CS_REVIEW_DATE
DATE,WS-ORIG-DATE, WS_ORIG_DATE
DAY,COMM-CS-DAY, COMM_CS_DAY
DD,COMM-CS-REVIEWX-DD, COMM_CS_REVIEWX_DD
DD,COMM-DOB-SPLIT-DD, COMM_DOB_SPLIT_DD
DD,COMM-DOBX-DD, COMM_DOBX_DD
DD,INQCUST-CS-REVIEW-DD, INQCUST_CS_REVIEW_DD
DEL,COMM-DEL-FAIL-CD, COMM_DEL_FAIL_CD
DEL,COMM-DEL-SUCCESS, COMM_DEL_SUCCESS
DELCUS,DELCUS-COMMAREA, DELCUS_COMMAREA
DISP,WS-CICS-RESP-DISP, WS_CICS_RESP_DISP
DISP,WS-CICS-RESP2-DISP, WS_CICS_RESP2_DISP
DOB,COMM-DOB, COMM_DOB
DOB,COMM-DOB-SPLIT, COMM_DOB_SPLIT
DOB,COMM-DOB-SPLIT-DD, COMM_DOB_SPLIT_DD
DOB,COMM-DOB-SPLIT-MM, COMM_DOB_SPLIT_MM
DOB,COMM-DOB-SPLIT-YYYY, COMM_DOB_SPLIT_YYYY
DOB,COMM-DOB-UPD-9, COMM_DOB_UPD_9
DOB,INQCUST-DOB, INQCUST_DOB
DOB,WS-COMM-DOB, WS_COMM_DOB
DOBX,COMM-DOBX-DD, COMM_DOBX_DD
DOBX,COMM-DOBX-MM, COMM_DOBX_MM
DOBX,COMM-DOBX-YYYY, COMM_DOBX_YYYY
END,END-OF-SESSION-MESSAGE, END_OF_SESSION_MESSAGE
ERASE,SEND-ERASE, SEND_ERASE
EYE,COMM-EYE, COMM_EYE
EYE,WS-COMM-EYE, WS_COMM_EYE
FAIL,COMM-DEL-FAIL-CD, COMM_DEL_FAIL_CD
FAIL,COMM-UPD-FAIL-CD, COMM_UPD_FAIL_CD
FAIL,WS-CICS-FAIL-MSG, WS_CICS_FAIL_MSG
FAIL,WS-FAIL-INFO, WS_FAIL_INFO
FREEFORM,ABND-FREEFORM, ABND_FREEFORM
GRP,WS-TIME-NOW-GRP-HH, WS_TIME_NOW_GRP_HH
GRP,WS-TIME-NOW-GRP-MM, WS_TIME_NOW_GRP_MM
HANDLING,ABEND-HANDLING, ABEND_HANDLING
HH,WS-TIME-NOW-GRP-HH, WS_TIME_NOW_GRP_HH
INFO,WS-FAIL-INFO, WS_FAIL_INFO
INQCUST,INQCUST-ADDR, INQCUST_ADDR
INQCUST,INQCUST-COMMAREA, INQCUST_COMMAREA
INQCUST,INQCUST-CREDIT-SCORE, INQCUST_CREDIT_SCORE
INQCUST,INQCUST-CS-REVIEW-DD, INQCUST_CS_REVIEW_DD
INQCUST,INQCUST-CS-REVIEW-MM, INQCUST_CS_REVIEW_MM
INQCUST,INQCUST-CS-REVIEW-YYYY, INQCUST_CS_REVIEW_YYYY
INQCUST,INQCUST-CUSTNO, INQCUST_CUSTNO
INQCUST,INQCUST-DOB, INQCUST_DOB
INQCUST,INQCUST-NAME, INQCUST_NAME
INQCUST,INQCUST-PCB-POINTER, INQCUST_PCB_POINTER
INQCUST,INQCUST-SCODE, INQCUST_SCODE
KEY,ABND-TASKNO-KEY, ABND_TASKNO_KEY
KEY,ABND-UTIME-KEY, ABND_UTIME_KEY
MESSAGE,END-OF-SESSION-MESSAGE, END_OF_SESSION_MESSAGE
MM,COMM-CS-REVIEWX-MM, COMM_CS_REVIEWX_MM
MM,COMM-DOB-SPLIT-MM, COMM_DOB_SPLIT_MM
MM,COMM-DOBX-MM, COMM_DOBX_MM
MM,INQCUST-CS-REVIEW-MM, INQCUST_CS_REVIEW_MM
MM,WS-TIME-NOW-GRP-MM, WS_TIME_NOW_GRP_MM
MONTH,COMM-CS-MONTH, COMM_CS_MONTH
MSG,WS-CICS-FAIL-MSG, WS_CICS_FAIL_MSG
NAME,COMM-NAME, COMM_NAME
NAME,INQCUST-NAME, INQCUST_NAME
NAME,WS-COMM-NAME, WS_COMM_NAME
NAME,WS-VALIDATE-NAME, WS_VALIDATE_NAME
NOW,WS-TIME-NOW, WS_TIME_NOW
NOW,WS-TIME-NOW-GRP-HH, WS_TIME_NOW_GRP_HH
NOW,WS-TIME-NOW-GRP-MM, WS_TIME_NOW_GRP_MM
OF,END-OF-SESSION-MESSAGE, END_OF_SESSION_MESSAGE
ORIG,WS-ORIG-DATE, WS_ORIG_DATE
PCB,INQCUST-PCB-POINTER, INQCUST_PCB_POINTER
PGM,WS-ABEND-PGM, WS_ABEND_PGM
POINTER,INQCUST-PCB-POINTER, INQCUST_PCB_POINTER
PROGRAM,ABND-PROGRAM, ABND_PROGRAM
REC,ABNDINFO-REC, ABNDINFO_REC
RESP,WS-CICS-RESP, WS_CICS_RESP
RESP,WS-CICS-RESP-DISP, WS_CICS_RESP_DISP
RESP2,WS-CICS-RESP2, WS_CICS_RESP2
RESP2,WS-CICS-RESP2-DISP, WS_CICS_RESP2_DISP
RESP2CODE,ABND-RESP2CODE, ABND_RESP2CODE
RESPCODE,ABND-RESPCODE, ABND_RESPCODE
REVIEW,COMM-CS-REVIEW-DATE, COMM_CS_REVIEW_DATE
REVIEW,COMM-CS-REVIEW-UPD-9, COMM_CS_REVIEW_UPD_9
REVIEW,INQCUST-CS-REVIEW-DD, INQCUST_CS_REVIEW_DD
REVIEW,INQCUST-CS-REVIEW-MM, INQCUST_CS_REVIEW_MM
REVIEW,INQCUST-CS-REVIEW-YYYY, INQCUST_CS_REVIEW_YYYY
REVIEW,WS-COMM-CS-REVIEW-DATE, WS_COMM_CS_REVIEW_DATE
REVIEWX,COMM-CS-REVIEWX-DD, COMM_CS_REVIEWX_DD
REVIEWX,COMM-CS-REVIEWX-MM, COMM_CS_REVIEWX_MM
REVIEWX,COMM-CS-REVIEWX-YYYY, COMM_CS_REVIEWX_YYYY
SCODE,COMM-SCODE, COMM_SCODE
SCODE,INQCUST-SCODE, INQCUST_SCODE
SCODE,WS-COMM-SCODE, WS_COMM_SCODE
SCORE,COMM-CREDIT-SCORE, COMM_CREDIT_SCORE
SCORE,CREDIT-SCORE-9, CREDIT_SCORE_9
SCORE,CREDIT-SCORE-X, CREDIT_SCORE_X
SCORE,INQCUST-CREDIT-SCORE, INQCUST_CREDIT_SCORE
SCORE,WS-COMM-CREDIT-SCORE, WS_COMM_CREDIT_SCORE
SEND,SEND-DATAONLY, SEND_DATAONLY
SEND,SEND-DATAONLY-ALARM, SEND_DATAONLY_ALARM
SEND,SEND-ERASE, SEND_ERASE
SESSION,END-OF-SESSION-MESSAGE, END_OF_SESSION_MESSAGE
SPLIT,COMM-ADDR-SPLIT, COMM_ADDR_SPLIT
SPLIT,COMM-ADDR-UPD-SPLIT, COMM_ADDR_UPD_SPLIT
SPLIT,COMM-DOB-SPLIT, COMM_DOB_SPLIT
SPLIT,COMM-DOB-SPLIT-DD, COMM_DOB_SPLIT_DD
SPLIT,COMM-DOB-SPLIT-MM, COMM_DOB_SPLIT_MM
SPLIT,COMM-DOB-SPLIT-YYYY, COMM_DOB_SPLIT_YYYY
SPLIT1,COMM-ADDR-SPLIT1, COMM_ADDR_SPLIT1
SPLIT2,COMM-ADDR-SPLIT2, COMM_ADDR_SPLIT2
SPLIT3,COMM-ADDR-SPLIT3, COMM_ADDR_SPLIT3
SQLCODE,ABND-SQLCODE, ABND_SQLCODE
STORED,STORED-UCTRANS, STORED_UCTRANS
SUCCESS,COMM-DEL-SUCCESS, COMM_DEL_SUCCESS
SUCCESS,COMM-UPD-SUCCESS, COMM_UPD_SUCCESS
SW,VALID-DATA-SW, VALID_DATA_SW
TASKNO,ABND-TASKNO-KEY, ABND_TASKNO_KEY
TERM,COMM-TERM, COMM_TERM
TERM,WS-COMM-TERM, WS_COMM_TERM
TIME,ABND-TIME, ABND_TIME
TIME,WS-TIME-NOW, WS_TIME_NOW
TIME,WS-TIME-NOW-GRP-HH, WS_TIME_NOW_GRP_HH
TIME,WS-TIME-NOW-GRP-MM, WS_TIME_NOW_GRP_MM
TIME,WS-U-TIME, WS_U_TIME
TITLE,WS-TITLE-VALID, WS_TITLE_VALID
TITLE,WS-UNSTR-TITLE, WS_UNSTR_TITLE
TRANID,ABND-TRANID, ABND_TRANID
UCTRANS,STORED-UCTRANS, STORED_UCTRANS
UCTRANS,WS-UCTRANS, WS_UCTRANS
UNSTR,WS-UNSTR-TITLE, WS_UNSTR_TITLE
UPD,COMM-ADDR-UPD-SPLIT, COMM_ADDR_UPD_SPLIT
UPD,COMM-CS-REVIEW-UPD-9, COMM_CS_REVIEW_UPD_9
UPD,COMM-DOB-UPD-9, COMM_DOB_UPD_9
UPD,COMM-UPD, COMM_UPD
UPD,COMM-UPD-FAIL-CD, COMM_UPD_FAIL_CD
UPD,COMM-UPD-SUCCESS, COMM_UPD_SUCCESS
UPD1,COMM-ADDR-UPD1, COMM_ADDR_UPD1
UPD2,COMM-ADDR-UPD2, COMM_ADDR_UPD2
UPD3,COMM-ADDR-UPD3, COMM_ADDR_UPD3
UPDATE,WS-COMM-UPDATE, WS_COMM_UPDATE
UPDCUST,UPDCUST-COMMAREA, UPDCUST_COMMAREA
UTIME,ABND-UTIME-KEY, ABND_UTIME_KEY
VALID,VALID-DATA, VALID_DATA
VALID,VALID-DATA-SW, VALID_DATA_SW
VALID,WS-TITLE-VALID, WS_TITLE_VALID
VALIDATE,WS-VALIDATE-NAME, WS_VALIDATE_NAME
WS,WS-ABEND-PGM, WS_ABEND_PGM
WS,WS-CICS-FAIL-MSG, WS_CICS_FAIL_MSG
WS,WS-CICS-RESP, WS_CICS_RESP
WS,WS-CICS-RESP-DISP, WS_CICS_RESP_DISP
WS,WS-CICS-RESP2, WS_CICS_RESP2
WS,WS-CICS-RESP2-DISP, WS_CICS_RESP2_DISP
WS,WS-COMM-ADDR, WS_COMM_ADDR
WS,WS-COMM-AREA, WS_COMM_AREA
WS,WS-COMM-CREDIT-SCORE, WS_COMM_CREDIT_SCORE
WS,WS-COMM-CS-REVIEW-DATE, WS_COMM_CS_REVIEW_DATE
WS,WS-COMM-CUSTNO, WS_COMM_CUSTNO
WS,WS-COMM-DOB, WS_COMM_DOB
WS,WS-COMM-EYE, WS_COMM_EYE
WS,WS-COMM-NAME, WS_COMM_NAME
WS,WS-COMM-SCODE, WS_COMM_SCODE
WS,WS-COMM-TERM, WS_COMM_TERM
WS,WS-COMM-UPDATE, WS_COMM_UPDATE
WS,WS-FAIL-INFO, WS_FAIL_INFO
WS,WS-ORIG-DATE, WS_ORIG_DATE
WS,WS-TIME-NOW, WS_TIME_NOW
WS,WS-TIME-NOW-GRP-HH, WS_TIME_NOW_GRP_HH
WS,WS-TIME-NOW-GRP-MM, WS_TIME_NOW_GRP_MM
WS,WS-TITLE-VALID, WS_TITLE_VALID
WS,WS-U-TIME, WS_U_TIME
WS,WS-UCTRANS, WS_UCTRANS
WS,WS-UNSTR-TITLE, WS_UNSTR_TITLE
WS,WS-VALIDATE-NAME, WS_VALIDATE_NAME
YEAR,COMM-CS-YEAR, COMM_CS_YEAR
YYYY,COMM-CS-REVIEWX-YYYY, COMM_CS_REVIEWX_YYYY
YYYY,COMM-DOB-SPLIT-YYYY, COMM_DOB_SPLIT_YYYY
YYYY,COMM-DOBX-YYYY, COMM_DOBX_YYYY
YYYY,INQCUST-CS-REVIEW-YYYY, INQCUST_CS_REVIEW_YYYY
