Abbreviation, Program Term, Business Term
ABEND,WS-ABEND-PGM, WS_ABEND_PGM
ABND,ABND-APPLID, ABND_APPLID
ABND,ABND-CODE, ABND_CODE
ABND,ABND-DATE, ABND_DATE
ABND,ABND-FREEFORM, ABND_FREEFORM
ABND,ABND-PROGRAM, ABND_PROGRAM
ABND,ABND-RESP2CODE, ABND_RESP2CODE
ABND,ABND-RESPCODE, ABND_RESPCODE
ABND,ABND-SQLCODE, ABND_SQLCODE
ABND,ABND-TASKNO-KEY, ABND_TASKNO_KEY
ABND,ABND-TIME, ABND_TIME
ABND,ABND-TRANID, ABND_TRANID
ABND,ABND-UTIME-KEY, ABND_UTIME_KEY
ABNDINFO,ABNDINFO-REC, ABNDINFO_REC
ACC,COMM-ACC-TYPE, COMM_ACC_TYPE
ACC,WS-COMM-ACC-TYPE, WS_COMM_ACC_TYPE
ACCNO,COMM-ACCNO, COMM_ACCNO
ACCNO,WS-COMM-ACCNO, WS_COMM_ACCNO
ACTUAL,ACTUAL-BALANCE-DISPLAY, ACTUAL_BALANCE_DISPLAY
ACTUAL,COMM-ACTUAL-BAL, COMM_ACTUAL_BAL
ACTUAL,WS-COMM-ACTUAL-BAL, WS_COMM_ACTUAL_BAL
ALARM,SEND-DATAONLY-ALARM, SEND_DATAONLY_ALARM
APPLID,ABND-APPLID, ABND_APPLID
AREA,WS-COMM-AREA, WS_COMM_AREA
AVAIL,COMM-AVAIL-BAL, COMM_AVAIL_BAL
AVAIL,WS-COMM-AVAIL-BAL, WS_COMM_AVAIL_BAL
AVAILABLE,AVAILABLE-BALANCE-DISPLAY, AVAILABLE_BALANCE_DISPLAY
BAL,COMM-ACTUAL-BAL, COMM_ACTUAL_BAL
BAL,COMM-AVAIL-BAL, COMM_AVAIL_BAL
BAL,WS-COMM-ACTUAL-BAL, WS_COMM_ACTUAL_BAL
BAL,WS-COMM-AVAIL-BAL, WS_COMM_AVAIL_BAL
BALANCE,ACTUAL-BALANCE-DISPLAY, ACTUAL_BALANCE_DISPLAY
BALANCE,AVAILABLE-BALANCE-DISPLAY, AVAILABLE_BALANCE_DISPLAY
CICS,WS-CICS-FAIL-MSG, WS_CICS_FAIL_MSG
CICS,WS-CICS-RESP, WS_CICS_RESP
CICS,WS-CICS-RESP-DISP, WS_CICS_RESP_DISP
CICS,WS-CICS-RESP2, WS_CICS_RESP2
CICS,WS-CICS-RESP2-DISP, WS_CICS_RESP2_DISP
CODE,ABND-CODE, ABND_CODE
COMM,COMM-ACC-TYPE, COMM_ACC_TYPE
COMM,COMM-ACCNO, COMM_ACCNO
COMM,COMM-ACTUAL-BAL, COMM_ACTUAL_BAL
COMM,COMM-AVAIL-BAL, COMM_AVAIL_BAL
COMM,COMM-CUSTNO, COMM_CUSTNO
COMM,COMM-EYE, COMM_EYE
COMM,COMM-INT-RATE, COMM_INT_RATE
COMM,COMM-LAST-STMT-DT, COMM_LAST_STMT_DT
COMM,COMM-NEXT-STMT-DT, COMM_NEXT_STMT_DT
COMM,COMM-OPENED, COMM_OPENED
COMM,COMM-OVERDRAFT, COMM_OVERDRAFT
COMM,COMM-PCB1-POINTER, COMM_PCB1_POINTER
COMM,COMM-SCODE, COMM_SCODE
COMM,COMM-SUCCESS, COMM_SUCCESS
COMM,WS-COMM-ACC-TYPE, WS_COMM_ACC_TYPE
COMM,WS-COMM-ACCNO, WS_COMM_ACCNO
COMM,WS-COMM-ACTUAL-BAL, WS_COMM_ACTUAL_BAL
COMM,WS-COMM-AREA, WS_COMM_AREA
COMM,WS-COMM-AVAIL-BAL, WS_COMM_AVAIL_BAL
COMM,WS-COMM-CUSTNO, WS_COMM_CUSTNO
COMM,WS-COMM-EYE, WS_COMM_EYE
COMM,WS-COMM-INT-RATE, WS_COMM_INT_RATE
COMM,WS-COMM-LAST-STMT-DT, WS_COMM_LAST_STMT_DT
COMM,WS-COMM-NEXT-STMT-DT, WS_COMM_NEXT_STMT_DT
COMM,WS-COMM-OPENED, WS_COMM_OPENED
COMM,WS-COMM-OVERDRAFT, WS_COMM_OVERDRAFT
COMM,WS-COMM-SCODE, WS_COMM_SCODE
COMP,INTRTI-COMP-1, INTRTI_COMP_1
CONVERT,WS-CONVERT-DEC, WS_CONVERT_DEC
CONVERT,WS-CONVERT-PICX, WS_CONVERT_PICX
CONVERT,WS-CONVERT-REMAIN, WS_CONVERT_REMAIN
CONVERT,WS-CONVERT-SIGN, WS_CONVERT_SIGN
CONVERTED,WS-CONVERTED-VAL1, WS_CONVERTED_VAL1
CONVERTED,WS-CONVERTED-VAL2, WS_CONVERTED_VAL2
CONVERTED,WS-CONVERTED-VAL3, WS_CONVERTED_VAL3
CONVERTED,WS-CONVERTED-VAL4, WS_CONVERTED_VAL4
COUNT,WS-NUM-COUNT-POINT, WS_NUM_COUNT_POINT
COUNT,WS-NUM-COUNT-TOTAL, WS_NUM_COUNT_TOTAL
CUSTNO,COMM-CUSTNO, COMM_CUSTNO
CUSTNO,WS-COMM-CUSTNO, WS_COMM_CUSTNO
DATA,VALID-DATA-SW, VALID_DATA_SW
DATAONLY,SEND-DATAONLY, SEND_DATAONLY
DATAONLY,SEND-DATAONLY-ALARM, SEND_DATAONLY_ALARM
DATE,ABND-DATE, ABND_DATE
DATE,WS-DATE-SPLIT, WS_DATE_SPLIT
DATE,WS-DATE-SPLIT-DD, WS_DATE_SPLIT_DD
DATE,WS-DATE-SPLIT-MM, WS_DATE_SPLIT_MM
DATE,WS-DATE-SPLIT-YY, WS_DATE_SPLIT_YY
DATE,WS-ORIG-DATE, WS_ORIG_DATE
DD,WS-DATE-SPLIT-DD, WS_DATE_SPLIT_DD
DEC,WS-CONVERT-DEC, WS_CONVERT_DEC
DISP,WS-CICS-RESP-DISP, WS_CICS_RESP_DISP
DISP,WS-CICS-RESP2-DISP, WS_CICS_RESP2_DISP
DISPLAY,ACTUAL-BALANCE-DISPLAY, ACTUAL_BALANCE_DISPLAY
DISPLAY,AVAILABLE-BALANCE-DISPLAY, AVAILABLE_BALANCE_DISPLAY
DT,COMM-LAST-STMT-DT, COMM_LAST_STMT_DT
DT,COMM-NEXT-STMT-DT, COMM_NEXT_STMT_DT
DT,WS-COMM-LAST-STMT-DT, WS_COMM_LAST_STMT_DT
DT,WS-COMM-NEXT-STMT-DT, WS_COMM_NEXT_STMT_DT
END,END-OF-SESSION-MESSAGE, END_OF_SESSION_MESSAGE
ERASE,SEND-ERASE, SEND_ERASE
EYE,COMM-EYE, COMM_EYE
EYE,WS-COMM-EYE, WS_COMM_EYE
FAIL,WS-CICS-FAIL-MSG, WS_CICS_FAIL_MSG
FAIL,WS-FAIL-INFO, WS_FAIL_INFO
FREEFORM,ABND-FREEFORM, ABND_FREEFORM
GRP,WS-TIME-NOW-GRP-HH, WS_TIME_NOW_GRP_HH
GRP,WS-TIME-NOW-GRP-MM, WS_TIME_NOW_GRP_MM
HH,WS-TIME-NOW-GRP-HH, WS_TIME_NOW_GRP_HH
INFO,WS-FAIL-INFO, WS_FAIL_INFO
INT,COMM-INT-RATE, COMM_INT_RATE
INT,INT-RT-9, INT_RT_9
INT,WS-COMM-INT-RATE, WS_COMM_INT_RATE
INTRT,INTRT-PIC9, INTRT_PIC9
INTRTI,INTRTI-COMP-1, INTRTI_COMP_1
KEY,ABND-TASKNO-KEY, ABND_TASKNO_KEY
KEY,ABND-UTIME-KEY, ABND_UTIME_KEY
LAST,COMM-LAST-STMT-DT, COMM_LAST_STMT_DT
LAST,WS-COMM-LAST-STMT-DT, WS_COMM_LAST_STMT_DT
LSTMTDDI,WS-LSTMTDDI, WS_LSTMTDDI
LSTMTMMI,WS-LSTMTMMI, WS_LSTMTMMI
LSTMTYYI,WS-LSTMTYYI, WS_LSTMTYYI
MESSAGE,END-OF-SESSION-MESSAGE, END_OF_SESSION_MESSAGE
MM,WS-DATE-SPLIT-MM, WS_DATE_SPLIT_MM
MM,WS-TIME-NOW-GRP-MM, WS_TIME_NOW_GRP_MM
MSG,WS-CICS-FAIL-MSG, WS_CICS_FAIL_MSG
NEXT,COMM-NEXT-STMT-DT, COMM_NEXT_STMT_DT
NEXT,WS-COMM-NEXT-STMT-DT, WS_COMM_NEXT_STMT_DT
NOW,WS-TIME-NOW, WS_TIME_NOW
NOW,WS-TIME-NOW-GRP-HH, WS_TIME_NOW_GRP_HH
NOW,WS-TIME-NOW-GRP-MM, WS_TIME_NOW_GRP_MM
NSTMTDDI,WS-NSTMTDDI, WS_NSTMTDDI
NSTMTMMI,WS-NSTMTMMI, WS_NSTMTMMI
NSTMTYYI,WS-NSTMTYYI, WS_NSTMTYYI
NUM,WS-NUM-COUNT-POINT, WS_NUM_COUNT_POINT
NUM,WS-NUM-COUNT-TOTAL, WS_NUM_COUNT_TOTAL
OF,END-OF-SESSION-MESSAGE, END_OF_SESSION_MESSAGE
OPENED,COMM-OPENED, COMM_OPENED
OPENED,WS-COMM-OPENED, WS_COMM_OPENED
ORIG,WS-ORIG-DATE, WS_ORIG_DATE
OVERDRAFT,COMM-OVERDRAFT, COMM_OVERDRAFT
OVERDRAFT,WS-COMM-OVERDRAFT, WS_COMM_OVERDRAFT
PCB1,COMM-PCB1-POINTER, COMM_PCB1_POINTER
PGM,WS-ABEND-PGM, WS_ABEND_PGM
PIC9,INTRT-PIC9, INTRT_PIC9
PICX,WS-CONVERT-PICX, WS_CONVERT_PICX
POINT,WS-NUM-COUNT-POINT, WS_NUM_COUNT_POINT
POINTER,COMM-PCB1-POINTER, COMM_PCB1_POINTER
PROGRAM,ABND-PROGRAM, ABND_PROGRAM
RATE,COMM-INT-RATE, COMM_INT_RATE
RATE,WS-COMM-INT-RATE, WS_COMM_INT_RATE
REC,ABNDINFO-REC, ABNDINFO_REC
REMAIN,WS-CONVERT-REMAIN, WS_CONVERT_REMAIN
RESP,WS-CICS-RESP, WS_CICS_RESP
RESP,WS-CICS-RESP-DISP, WS_CICS_RESP_DISP
RESP2,WS-CICS-RESP2, WS_CICS_RESP2
RESP2,WS-CICS-RESP2-DISP, WS_CICS_RESP2_DISP
RESP2CODE,ABND-RESP2CODE, ABND_RESP2CODE
RESPCODE,ABND-RESPCODE, ABND_RESPCODE
RT,INT-RT-9, INT_RT_9
SCODE,COMM-SCODE, COMM_SCODE
SCODE,WS-COMM-SCODE, WS_COMM_SCODE
SEND,SEND-DATAONLY, SEND_DATAONLY
SEND,SEND-DATAONLY-ALARM, SEND_DATAONLY_ALARM
SEND,SEND-ERASE, SEND_ERASE
SESSION,END-OF-SESSION-MESSAGE, END_OF_SESSION_MESSAGE
SIGN,WS-CONVERT-SIGN, WS_CONVERT_SIGN
SPLIT,WS-DATE-SPLIT, WS_DATE_SPLIT
SPLIT,WS-DATE-SPLIT-DD, WS_DATE_SPLIT_DD
SPLIT,WS-DATE-SPLIT-MM, WS_DATE_SPLIT_MM
SPLIT,WS-DATE-SPLIT-YY, WS_DATE_SPLIT_YY
SQLCODE,ABND-SQLCODE, ABND_SQLCODE
STMT,COMM-LAST-STMT-DT, COMM_LAST_STMT_DT
STMT,COMM-NEXT-STMT-DT, COMM_NEXT_STMT_DT
STMT,WS-COMM-LAST-STMT-DT, WS_COMM_LAST_STMT_DT
STMT,WS-COMM-NEXT-STMT-DT, WS_COMM_NEXT_STMT_DT
SUCCESS,COMM-SUCCESS, COMM_SUCCESS
SW,VALID-DATA-SW, VALID_DATA_SW
TASKNO,ABND-TASKNO-KEY, ABND_TASKNO_KEY
TIME,ABND-TIME, ABND_TIME
TIME,WS-TIME-NOW, WS_TIME_NOW
TIME,WS-TIME-NOW-GRP-HH, WS_TIME_NOW_GRP_HH
TIME,WS-TIME-NOW-GRP-MM, WS_TIME_NOW_GRP_MM
TIME,WS-U-TIME, WS_U_TIME
TOTAL,WS-NUM-COUNT-TOTAL, WS_NUM_COUNT_TOTAL
TRANID,ABND-TRANID, ABND_TRANID
TYPE,COMM-ACC-TYPE, COMM_ACC_TYPE
TYPE,WS-COMM-ACC-TYPE, WS_COMM_ACC_TYPE
UTIME,ABND-UTIME-KEY, ABND_UTIME_KEY
VAL1,WS-CONVERTED-VAL1, WS_CONVERTED_VAL1
VAL2,WS-CONVERTED-VAL2, WS_CONVERTED_VAL2
VAL3,WS-CONVERTED-VAL3, WS_CONVERTED_VAL3
VAL4,WS-CONVERTED-VAL4, WS_CONVERTED_VAL4
VALID,VALID-DATA-SW, VALID_DATA_SW
WS,WS-ABEND-PGM, WS_ABEND_PGM
WS,WS-CICS-FAIL-MSG, WS_CICS_FAIL_MSG
WS,WS-CICS-RESP, WS_CICS_RESP
WS,WS-CICS-RESP-DISP, WS_CICS_RESP_DISP
WS,WS-CICS-RESP2, WS_CICS_RESP2
WS,WS-CICS-RESP2-DISP, WS_CICS_RESP2_DISP
WS,WS-COMM-ACC-TYPE, WS_COMM_ACC_TYPE
WS,WS-COMM-ACCNO, WS_COMM_ACCNO
WS,WS-COMM-ACTUAL-BAL, WS_COMM_ACTUAL_BAL
WS,WS-COMM-AREA, WS_COMM_AREA
WS,WS-COMM-AVAIL-BAL, WS_COMM_AVAIL_BAL
WS,WS-COMM-CUSTNO, WS_COMM_CUSTNO
WS,WS-COMM-EYE, WS_COMM_EYE
WS,WS-COMM-INT-RATE, WS_COMM_INT_RATE
WS,WS-COMM-LAST-STMT-DT, WS_COMM_LAST_STMT_DT
WS,WS-COMM-NEXT-STMT-DT, WS_COMM_NEXT_STMT_DT
WS,WS-COMM-OPENED, WS_COMM_OPENED
WS,WS-COMM-OVERDRAFT, WS_COMM_OVERDRAFT
WS,WS-COMM-SCODE, WS_COMM_SCODE
WS,WS-CONVERT-DEC, WS_CONVERT_DEC
WS,WS-CONVERT-PICX, WS_CONVERT_PICX
WS,WS-CONVERT-REMAIN, WS_CONVERT_REMAIN
WS,WS-CONVERT-SIGN, WS_CONVERT_SIGN
WS,WS-CONVERTED-VAL1, WS_CONVERTED_VAL1
WS,WS-CONVERTED-VAL2, WS_CONVERTED_VAL2
WS,WS-CONVERTED-VAL3, WS_CONVERTED_VAL3
WS,WS-CONVERTED-VAL4, WS_CONVERTED_VAL4
WS,WS-DATE-SPLIT, WS_DATE_SPLIT
WS,WS-DATE-SPLIT-DD, WS_DATE_SPLIT_DD
WS,WS-DATE-SPLIT-MM, WS_DATE_SPLIT_MM
WS,WS-DATE-SPLIT-YY, WS_DATE_SPLIT_YY
WS,WS-FAIL-INFO, WS_FAIL_INFO
WS,WS-LSTMTDDI, WS_LSTMTDDI
WS,WS-LSTMTMMI, WS_LSTMTMMI
WS,WS-LSTMTYYI, WS_LSTMTYYI
WS,WS-NSTMTDDI, WS_NSTMTDDI
WS,WS-NSTMTMMI, WS_NSTMTMMI
WS,WS-NSTMTYYI, WS_NSTMTYYI
WS,WS-NUM-COUNT-POINT, WS_NUM_COUNT_POINT
WS,WS-NUM-COUNT-TOTAL, WS_NUM_COUNT_TOTAL
WS,WS-ORIG-DATE, WS_ORIG_DATE
WS,WS-TIME-NOW, WS_TIME_NOW
WS,WS-TIME-NOW-GRP-HH, WS_TIME_NOW_GRP_HH
WS,WS-TIME-NOW-GRP-MM, WS_TIME_NOW_GRP_MM
WS,WS-U-TIME, WS_U_TIME
YY,WS-DATE-SPLIT-YY, WS_DATE_SPLIT_YY
