Abbreviation, Program Term, Business Term
ABEND,WS-ABEND-PGM, WS_ABEND_PGM
ABND,ABND-APPLID, ABND_APPLID
ABND,ABND-CODE, ABND_CODE
ABND,ABND-DATE, ABND_DATE
ABND,ABND-FREEFORM, ABND_FREEFORM
ABND,ABND-PROGRAM, ABND_PROGRAM
ABND,ABND-RESP2CODE, ABND_RESP2CODE
ABND,ABND-RESPCODE, ABND_RESPCODE
ABND,ABND-SQLCODE, ABND_SQLCODE
ABND,ABND-TASKNO-KEY, ABND_TASKNO_KEY
ABND,ABND-TIME, ABND_TIME
ABND,ABND-TRANID, ABND_TRANID
ABND,ABND-UTIME-KEY, ABND_UTIME_KEY
ABNDINFO,ABNDINFO-REC, ABNDINFO_REC
ACC,INQACC-ACC-TYPE, INQACC_ACC_TYPE
ACC,WS-COMM-ACC-TYPE, WS_COMM_ACC_TYPE
ACCNO,COMM-ACCNO, COMM_ACCNO
ACCNO,INQACC-ACCNO, INQACC_ACCNO
ACCNO,PARMS-SUBPGM-ACCNO, PARMS_SUBPGM_ACCNO
ACCNO,WS-COMM-ACCNO, WS_COMM_ACCNO
ACTUAL,ACTUAL-BALANCE-DISPLAY, ACTUAL_BALANCE_DISPLAY
ACTUAL,INQACC-ACTUAL-BAL, INQACC_ACTUAL_BAL
ACTUAL,WS-COMM-ACTUAL-BAL, WS_COMM_ACTUAL_BAL
ACTual,ACTual-balance-display, ACTual_balance_display
ALARM,SEND-DATAONLY-ALARM, SEND_DATAONLY_ALARM
APPLID,ABND-APPLID, ABND_APPLID
AREA,WS-COMM-AREA, WS_COMM_AREA
AVAIL,INQACC-AVAIL-BAL, INQACC_AVAIL_BAL
AVAIL,WS-COMM-AVAIL-BAL, WS_COMM_AVAIL_BAL
AVAILABLE,AVAILABLE-BALANCE-DISPLAY, AVAILABLE_BALANCE_DISPLAY
BAL,INQACC-ACTUAL-BAL, INQACC_ACTUAL_BAL
BAL,INQACC-AVAIL-BAL, INQACC_AVAIL_BAL
BAL,WS-COMM-ACTUAL-BAL, WS_COMM_ACTUAL_BAL
BAL,WS-COMM-AVAIL-BAL, WS_COMM_AVAIL_BAL
BALANCE,ACTUAL-BALANCE-DISPLAY, ACTUAL_BALANCE_DISPLAY
BALANCE,AVAILABLE-BALANCE-DISPLAY, AVAILABLE_BALANCE_DISPLAY
CD,PARMS-SUBPGM-DEL-FAIL-CD, PARMS_SUBPGM_DEL_FAIL_CD
CICS,WS-CICS-FAIL-MSG, WS_CICS_FAIL_MSG
CICS,WS-CICS-RESP, WS_CICS_RESP
CICS,WS-CICS-RESP-DISP, WS_CICS_RESP_DISP
CICS,WS-CICS-RESP2, WS_CICS_RESP2
CICS,WS-CICS-RESP2-DISP, WS_CICS_RESP2_DISP
CODE,ABND-CODE, ABND_CODE
COMM,COMM-ACCNO, COMM_ACCNO
COMM,COMM-LAST-ST-DD, COMM_LAST_ST_DD
COMM,COMM-LAST-ST-MM, COMM_LAST_ST_MM
COMM,COMM-LAST-ST-SPLIT, COMM_LAST_ST_SPLIT
COMM,COMM-LAST-ST-YY, COMM_LAST_ST_YY
COMM,COMM-NEXT-ST-DD, COMM_NEXT_ST_DD
COMM,COMM-NEXT-ST-MM, COMM_NEXT_ST_MM
COMM,COMM-NEXT-ST-SPLIT, COMM_NEXT_ST_SPLIT
COMM,COMM-NEXT-ST-YY, COMM_NEXT_ST_YY
COMM,COMM-OPENED-SPLIT, COMM_OPENED_SPLIT
COMM,COMM-OPENED-SPLIT-DD, COMM_OPENED_SPLIT_DD
COMM,COMM-OPENED-SPLIT-MM, COMM_OPENED_SPLIT_MM
COMM,COMM-OPENED-SPLIT-YY, COMM_OPENED_SPLIT_YY
COMM,COMM-SCODE, COMM_SCODE
COMM,WS-COMM-ACC-TYPE, WS_COMM_ACC_TYPE
COMM,WS-COMM-ACCNO, WS_COMM_ACCNO
COMM,WS-COMM-ACTUAL-BAL, WS_COMM_ACTUAL_BAL
COMM,WS-COMM-AREA, WS_COMM_AREA
COMM,WS-COMM-AVAIL-BAL, WS_COMM_AVAIL_BAL
COMM,WS-COMM-CUSTNO, WS_COMM_CUSTNO
COMM,WS-COMM-EYE, WS_COMM_EYE
COMM,WS-COMM-INT-RATE, WS_COMM_INT_RATE
COMM,WS-COMM-LAST-STMT-DT, WS_COMM_LAST_STMT_DT
COMM,WS-COMM-NEXT-STMT-DT, WS_COMM_NEXT_STMT_DT
COMM,WS-COMM-OPENED, WS_COMM_OPENED
COMM,WS-COMM-OVERDRAFT, WS_COMM_OVERDRAFT
COMM,WS-COMM-SCODE, WS_COMM_SCODE
COMM,WS-COMM-SUCCESS, WS_COMM_SUCCESS
COMMAREA,INQACC-COMMAREA, INQACC_COMMAREA
CUSTNO,INQACC-CUSTNO, INQACC_CUSTNO
CUSTNO,WS-COMM-CUSTNO, WS_COMM_CUSTNO
DATA,VALID-DATA, VALID_DATA
DATA,VALID-DATA-SW, VALID_DATA_SW
DATAONLY,SEND-DATAONLY, SEND_DATAONLY
DATAONLY,SEND-DATAONLY-ALARM, SEND_DATAONLY_ALARM
DATE,ABND-DATE, ABND_DATE
DATE,WS-ORIG-DATE, WS_ORIG_DATE
DD,COMM-LAST-ST-DD, COMM_LAST_ST_DD
DD,COMM-NEXT-ST-DD, COMM_NEXT_ST_DD
DD,COMM-OPENED-SPLIT-DD, COMM_OPENED_SPLIT_DD
DEL,PARMS-SUBPGM-DEL-FAIL-CD, PARMS_SUBPGM_DEL_FAIL_CD
DEL,PARMS-SUBPGM-DEL-PCB1, PARMS_SUBPGM_DEL_PCB1
DEL,PARMS-SUBPGM-DEL-PCB2, PARMS_SUBPGM_DEL_PCB2
DEL,PARMS-SUBPGM-DEL-PCB3, PARMS_SUBPGM_DEL_PCB3
DEL,PARMS-SUBPGM-DEL-SUCCESS, PARMS_SUBPGM_DEL_SUCCESS
DISP,WS-CICS-RESP-DISP, WS_CICS_RESP_DISP
DISP,WS-CICS-RESP2-DISP, WS_CICS_RESP2_DISP
DISPLAY,ACTUAL-BALANCE-DISPLAY, ACTUAL_BALANCE_DISPLAY
DISPLAY,AVAILABLE-BALANCE-DISPLAY, AVAILABLE_BALANCE_DISPLAY
DT,INQACC-LAST-STMT-DT, INQACC_LAST_STMT_DT
DT,INQACC-NEXT-STMT-DT, INQACC_NEXT_STMT_DT
DT,WS-COMM-LAST-STMT-DT, WS_COMM_LAST_STMT_DT
DT,WS-COMM-NEXT-STMT-DT, WS_COMM_NEXT_STMT_DT
END,END-OF-SESSION-MESSAGE, END_OF_SESSION_MESSAGE
ERASE,SEND-ERASE, SEND_ERASE
EYE,INQACC-EYE, INQACC_EYE
EYE,WS-COMM-EYE, WS_COMM_EYE
FAIL,PARMS-SUBPGM-DEL-FAIL-CD, PARMS_SUBPGM_DEL_FAIL_CD
FAIL,WS-CICS-FAIL-MSG, WS_CICS_FAIL_MSG
FAIL,WS-FAIL-INFO, WS_FAIL_INFO
FREEFORM,ABND-FREEFORM, ABND_FREEFORM
GRP,WS-TIME-NOW-GRP-HH, WS_TIME_NOW_GRP_HH
GRP,WS-TIME-NOW-GRP-MM, WS_TIME_NOW_GRP_MM
HH,WS-TIME-NOW-GRP-HH, WS_TIME_NOW_GRP_HH
INFO,WS-FAIL-INFO, WS_FAIL_INFO
INQACC,INQACC-ACC-TYPE, INQACC_ACC_TYPE
INQACC,INQACC-ACCNO, INQACC_ACCNO
INQACC,INQACC-ACTUAL-BAL, INQACC_ACTUAL_BAL
INQACC,INQACC-AVAIL-BAL, INQACC_AVAIL_BAL
INQACC,INQACC-COMMAREA, INQACC_COMMAREA
INQACC,INQACC-CUSTNO, INQACC_CUSTNO
INQACC,INQACC-EYE, INQACC_EYE
INQACC,INQACC-INT-RATE, INQACC_INT_RATE
INQACC,INQACC-LAST-STMT-DT, INQACC_LAST_STMT_DT
INQACC,INQACC-NEXT-STMT-DT, INQACC_NEXT_STMT_DT
INQACC,INQACC-OPENED, INQACC_OPENED
INQACC,INQACC-OVERDRAFT, INQACC_OVERDRAFT
INQACC,INQACC-PCB1-POINTER, INQACC_PCB1_POINTER
INQACC,INQACC-SCODE, INQACC_SCODE
INQACC,INQACC-SUCCESS, INQACC_SUCCESS
INT,INQACC-INT-RATE, INQACC_INT_RATE
INT,WS-COMM-INT-RATE, WS_COMM_INT_RATE
KEY,ABND-TASKNO-KEY, ABND_TASKNO_KEY
KEY,ABND-UTIME-KEY, ABND_UTIME_KEY
LAST,COMM-LAST-ST-DD, COMM_LAST_ST_DD
LAST,COMM-LAST-ST-MM, COMM_LAST_ST_MM
LAST,COMM-LAST-ST-SPLIT, COMM_LAST_ST_SPLIT
LAST,COMM-LAST-ST-YY, COMM_LAST_ST_YY
LAST,INQACC-LAST-STMT-DT, INQACC_LAST_STMT_DT
LAST,WS-COMM-LAST-STMT-DT, WS_COMM_LAST_STMT_DT
MESSAGE,END-OF-SESSION-MESSAGE, END_OF_SESSION_MESSAGE
MM,COMM-LAST-ST-MM, COMM_LAST_ST_MM
MM,COMM-NEXT-ST-MM, COMM_NEXT_ST_MM
MM,COMM-OPENED-SPLIT-MM, COMM_OPENED_SPLIT_MM
MM,WS-TIME-NOW-GRP-MM, WS_TIME_NOW_GRP_MM
MSG,WS-CICS-FAIL-MSG, WS_CICS_FAIL_MSG
NEXT,COMM-NEXT-ST-DD, COMM_NEXT_ST_DD
NEXT,COMM-NEXT-ST-MM, COMM_NEXT_ST_MM
NEXT,COMM-NEXT-ST-SPLIT, COMM_NEXT_ST_SPLIT
NEXT,COMM-NEXT-ST-YY, COMM_NEXT_ST_YY
NEXT,INQACC-NEXT-STMT-DT, INQACC_NEXT_STMT_DT
NEXT,WS-COMM-NEXT-STMT-DT, WS_COMM_NEXT_STMT_DT
NOW,WS-TIME-NOW, WS_TIME_NOW
NOW,WS-TIME-NOW-GRP-HH, WS_TIME_NOW_GRP_HH
NOW,WS-TIME-NOW-GRP-MM, WS_TIME_NOW_GRP_MM
OF,END-OF-SESSION-MESSAGE, END_OF_SESSION_MESSAGE
OPENED,COMM-OPENED-SPLIT, COMM_OPENED_SPLIT
OPENED,COMM-OPENED-SPLIT-DD, COMM_OPENED_SPLIT_DD
OPENED,COMM-OPENED-SPLIT-MM, COMM_OPENED_SPLIT_MM
OPENED,COMM-OPENED-SPLIT-YY, COMM_OPENED_SPLIT_YY
OPENED,INQACC-OPENED, INQACC_OPENED
OPENED,WS-COMM-OPENED, WS_COMM_OPENED
ORIG,WS-ORIG-DATE, WS_ORIG_DATE
OVERDRAFT,INQACC-OVERDRAFT, INQACC_OVERDRAFT
OVERDRAFT,WS-COMM-OVERDRAFT, WS_COMM_OVERDRAFT
PARMS,PARMS-SUBPGM, PARMS_SUBPGM
PARMS,PARMS-SUBPGM-ACCNO, PARMS_SUBPGM_ACCNO
PARMS,PARMS-SUBPGM-DEL-FAIL-CD, PARMS_SUBPGM_DEL_FAIL_CD
PARMS,PARMS-SUBPGM-DEL-PCB1, PARMS_SUBPGM_DEL_PCB1
PARMS,PARMS-SUBPGM-DEL-PCB2, PARMS_SUBPGM_DEL_PCB2
PARMS,PARMS-SUBPGM-DEL-PCB3, PARMS_SUBPGM_DEL_PCB3
PARMS,PARMS-SUBPGM-DEL-SUCCESS, PARMS_SUBPGM_DEL_SUCCESS
PARMS,PARMS-SUBPGM-SCODE, PARMS_SUBPGM_SCODE
PCB1,INQACC-PCB1-POINTER, INQACC_PCB1_POINTER
PCB1,PARMS-SUBPGM-DEL-PCB1, PARMS_SUBPGM_DEL_PCB1
PCB2,PARMS-SUBPGM-DEL-PCB2, PARMS_SUBPGM_DEL_PCB2
PCB3,PARMS-SUBPGM-DEL-PCB3, PARMS_SUBPGM_DEL_PCB3
PGM,WS-ABEND-PGM, WS_ABEND_PGM
POINTER,INQACC-PCB1-POINTER, INQACC_PCB1_POINTER
PROGRAM,ABND-PROGRAM, ABND_PROGRAM
RATE,INQACC-INT-RATE, INQACC_INT_RATE
RATE,WS-COMM-INT-RATE, WS_COMM_INT_RATE
REC,ABNDINFO-REC, ABNDINFO_REC
RESP,WS-CICS-RESP, WS_CICS_RESP
RESP,WS-CICS-RESP-DISP, WS_CICS_RESP_DISP
RESP2,WS-CICS-RESP2, WS_CICS_RESP2
RESP2,WS-CICS-RESP2-DISP, WS_CICS_RESP2_DISP
RESP2CODE,ABND-RESP2CODE, ABND_RESP2CODE
RESPCODE,ABND-RESPCODE, ABND_RESPCODE
SCODE,COMM-SCODE, COMM_SCODE
SCODE,INQACC-SCODE, INQACC_SCODE
SCODE,PARMS-SUBPGM-SCODE, PARMS_SUBPGM_SCODE
SCODE,WS-COMM-SCODE, WS_COMM_SCODE
SEND,SEND-DATAONLY, SEND_DATAONLY
SEND,SEND-DATAONLY-ALARM, SEND_DATAONLY_ALARM
SEND,SEND-ERASE, SEND_ERASE
SESSION,END-OF-SESSION-MESSAGE, END_OF_SESSION_MESSAGE
SPLIT,COMM-LAST-ST-SPLIT, COMM_LAST_ST_SPLIT
SPLIT,COMM-NEXT-ST-SPLIT, COMM_NEXT_ST_SPLIT
SPLIT,COMM-OPENED-SPLIT, COMM_OPENED_SPLIT
SPLIT,COMM-OPENED-SPLIT-DD, COMM_OPENED_SPLIT_DD
SPLIT,COMM-OPENED-SPLIT-MM, COMM_OPENED_SPLIT_MM
SPLIT,COMM-OPENED-SPLIT-YY, COMM_OPENED_SPLIT_YY
SQLCODE,ABND-SQLCODE, ABND_SQLCODE
ST,COMM-LAST-ST-DD, COMM_LAST_ST_DD
ST,COMM-LAST-ST-MM, COMM_LAST_ST_MM
ST,COMM-LAST-ST-SPLIT, COMM_LAST_ST_SPLIT
ST,COMM-LAST-ST-YY, COMM_LAST_ST_YY
ST,COMM-NEXT-ST-DD, COMM_NEXT_ST_DD
ST,COMM-NEXT-ST-MM, COMM_NEXT_ST_MM
ST,COMM-NEXT-ST-SPLIT, COMM_NEXT_ST_SPLIT
ST,COMM-NEXT-ST-YY, COMM_NEXT_ST_YY
STMT,INQACC-LAST-STMT-DT, INQACC_LAST_STMT_DT
STMT,INQACC-NEXT-STMT-DT, INQACC_NEXT_STMT_DT
STMT,WS-COMM-LAST-STMT-DT, WS_COMM_LAST_STMT_DT
STMT,WS-COMM-NEXT-STMT-DT, WS_COMM_NEXT_STMT_DT
SUBPGM,PARMS-SUBPGM, PARMS_SUBPGM
SUBPGM,PARMS-SUBPGM-ACCNO, PARMS_SUBPGM_ACCNO
SUBPGM,PARMS-SUBPGM-DEL-FAIL-CD, PARMS_SUBPGM_DEL_FAIL_CD
SUBPGM,PARMS-SUBPGM-DEL-PCB1, PARMS_SUBPGM_DEL_PCB1
SUBPGM,PARMS-SUBPGM-DEL-PCB2, PARMS_SUBPGM_DEL_PCB2
SUBPGM,PARMS-SUBPGM-DEL-PCB3, PARMS_SUBPGM_DEL_PCB3
SUBPGM,PARMS-SUBPGM-DEL-SUCCESS, PARMS_SUBPGM_DEL_SUCCESS
SUBPGM,PARMS-SUBPGM-SCODE, PARMS_SUBPGM_SCODE
SUCCESS,INQACC-SUCCESS, INQACC_SUCCESS
SUCCESS,PARMS-SUBPGM-DEL-SUCCESS, PARMS_SUBPGM_DEL_SUCCESS
SUCCESS,WS-COMM-SUCCESS, WS_COMM_SUCCESS
SW,VALID-DATA-SW, VALID_DATA_SW
TASKNO,ABND-TASKNO-KEY, ABND_TASKNO_KEY
TIME,ABND-TIME, ABND_TIME
TIME,WS-TIME-NOW, WS_TIME_NOW
TIME,WS-TIME-NOW-GRP-HH, WS_TIME_NOW_GRP_HH
TIME,WS-TIME-NOW-GRP-MM, WS_TIME_NOW_GRP_MM
TIME,WS-U-TIME, WS_U_TIME
TRANID,ABND-TRANID, ABND_TRANID
TYPE,INQACC-ACC-TYPE, INQACC_ACC_TYPE
TYPE,WS-COMM-ACC-TYPE, WS_COMM_ACC_TYPE
UTIME,ABND-UTIME-KEY, ABND_UTIME_KEY
VALID,VALID-DATA, VALID_DATA
VALID,VALID-DATA-SW, VALID_DATA_SW
WS,WS-ABEND-PGM, WS_ABEND_PGM
WS,WS-CICS-FAIL-MSG, WS_CICS_FAIL_MSG
WS,WS-CICS-RESP, WS_CICS_RESP
WS,WS-CICS-RESP-DISP, WS_CICS_RESP_DISP
WS,WS-CICS-RESP2, WS_CICS_RESP2
WS,WS-CICS-RESP2-DISP, WS_CICS_RESP2_DISP
WS,WS-COMM-ACC-TYPE, WS_COMM_ACC_TYPE
WS,WS-COMM-ACCNO, WS_COMM_ACCNO
WS,WS-COMM-ACTUAL-BAL, WS_COMM_ACTUAL_BAL
WS,WS-COMM-AREA, WS_COMM_AREA
WS,WS-COMM-AVAIL-BAL, WS_COMM_AVAIL_BAL
WS,WS-COMM-CUSTNO, WS_COMM_CUSTNO
WS,WS-COMM-EYE, WS_COMM_EYE
WS,WS-COMM-INT-RATE, WS_COMM_INT_RATE
WS,WS-COMM-LAST-STMT-DT, WS_COMM_LAST_STMT_DT
WS,WS-COMM-NEXT-STMT-DT, WS_COMM_NEXT_STMT_DT
WS,WS-COMM-OPENED, WS_COMM_OPENED
WS,WS-COMM-OVERDRAFT, WS_COMM_OVERDRAFT
WS,WS-COMM-SCODE, WS_COMM_SCODE
WS,WS-COMM-SUCCESS, WS_COMM_SUCCESS
WS,WS-FAIL-INFO, WS_FAIL_INFO
WS,WS-ORIG-DATE, WS_ORIG_DATE
WS,WS-TIME-NOW, WS_TIME_NOW
WS,WS-TIME-NOW-GRP-HH, WS_TIME_NOW_GRP_HH
WS,WS-TIME-NOW-GRP-MM, WS_TIME_NOW_GRP_MM
WS,WS-U-TIME, WS_U_TIME
YY,COMM-LAST-ST-YY, COMM_LAST_ST_YY
YY,COMM-NEXT-ST-YY, COMM_NEXT_ST_YY
YY,COMM-OPENED-SPLIT-YY, COMM_OPENED_SPLIT_YY
actual,actual-balance-display, actual_balance_display
available,available-balance-display, available_balance_display
balance,ACTual-balance-display, ACTual_balance_display
balance,actual-balance-display, actual_balance_display
balance,available-balance-display, available_balance_display
display,ACTual-balance-display, ACTual_balance_display
display,actual-balance-display, actual_balance_display
display,available-balance-display, available_balance_display
