Abbreviation, Program Term, Business Term
ABEND,WS-ABEND-PGM, WS_ABEND_PGM
ABND,ABND-APPLID, ABND_APPLID
ABND,ABND-CODE, ABND_CODE
ABND,ABND-DATE, ABND_DATE
ABND,ABND-FREEFORM, ABND_FREEFORM
ABND,ABND-PROGRAM, ABND_PROGRAM
ABND,ABND-RESP2CODE, ABND_RESP2CODE
ABND,ABND-RESPCODE, ABND_RESPCODE
ABND,ABND-SQLCODE, ABND_SQLCODE
ABND,ABND-TASKNO-KEY, ABND_TASKNO_KEY
ABND,ABND-TIME, ABND_TIME
ABND,ABND-TRANID, ABND_TRANID
ABND,ABND-UTIME-KEY, ABND_UTIME_KEY
ABNDINFO,ABNDINFO-REC, ABNDINFO_REC
ACTION,ACTION-ALPHA, ACTION_ALPHA
ALARM,SEND-DATAONLY-ALARM, SEND_DATAONLY_ALARM
ALPHA,ACTION-ALPHA, ACTION_ALPHA
APPLID,ABND-APPLID, ABND_APPLID
AREA,COMMUNICATION-AREA, COMMUNICATION_AREA
CICS,WS-CICS-FAIL-MSG, WS_CICS_FAIL_MSG
CICS,WS-CICS-RESP, WS_CICS_RESP
CICS,WS-CICS-RESP-DISP, WS_CICS_RESP_DISP
CICS,WS-CICS-RESP2, WS_CICS_RESP2
CICS,WS-CICS-RESP2-DISP, WS_CICS_RESP2_DISP
CODE,ABND-CODE, ABND_CODE
COMMUNICATION,COMMUNICATION-AREA, COMMUNICATION_AREA
DATA,VALID-DATA, VALID_DATA
DATA,VALID-DATA-SW, VALID_DATA_SW
DATAONLY,SEND-DATAONLY, SEND_DATAONLY
DATAONLY,SEND-DATAONLY-ALARM, SEND_DATAONLY_ALARM
DATE,ABND-DATE, ABND_DATE
DATE,WS-ORIG-DATE, WS_ORIG_DATE
DISP,WS-CICS-RESP-DISP, WS_CICS_RESP_DISP
DISP,WS-CICS-RESP2-DISP, WS_CICS_RESP2_DISP
END,END-OF-SESSION-MESSAGE, END_OF_SESSION_MESSAGE
ERASE,SEND-ERASE, SEND_ERASE
FAIL,WS-CICS-FAIL-MSG, WS_CICS_FAIL_MSG
FAIL,WS-FAIL-INFO, WS_FAIL_INFO
FREEFORM,ABND-FREEFORM, ABND_FREEFORM
GRP,WS-TIME-NOW-GRP-HH, WS_TIME_NOW_GRP_HH
GRP,WS-TIME-NOW-GRP-MM, WS_TIME_NOW_GRP_MM
HH,WS-TIME-NOW-GRP-HH, WS_TIME_NOW_GRP_HH
INFO,WS-FAIL-INFO, WS_FAIL_INFO
KEY,ABND-TASKNO-KEY, ABND_TASKNO_KEY
KEY,ABND-UTIME-KEY, ABND_UTIME_KEY
MESSAGE,END-OF-SESSION-MESSAGE, END_OF_SESSION_MESSAGE
MM,WS-TIME-NOW-GRP-MM, WS_TIME_NOW_GRP_MM
MSG,WS-CICS-FAIL-MSG, WS_CICS_FAIL_MSG
NOW,WS-TIME-NOW, WS_TIME_NOW
NOW,WS-TIME-NOW-GRP-HH, WS_TIME_NOW_GRP_HH
NOW,WS-TIME-NOW-GRP-MM, WS_TIME_NOW_GRP_MM
OF,END-OF-SESSION-MESSAGE, END_OF_SESSION_MESSAGE
ORIG,WS-ORIG-DATE, WS_ORIG_DATE
PGM,WS-ABEND-PGM, WS_ABEND_PGM
PROGRAM,ABND-PROGRAM, ABND_PROGRAM
REC,ABNDINFO-REC, ABNDINFO_REC
RESP,WS-CICS-RESP, WS_CICS_RESP
RESP,WS-CICS-RESP-DISP, WS_CICS_RESP_DISP
RESP2,WS-CICS-RESP2, WS_CICS_RESP2
RESP2,WS-CICS-RESP2-DISP, WS_CICS_RESP2_DISP
RESP2CODE,ABND-RESP2CODE, ABND_RESP2CODE
RESPCODE,ABND-RESPCODE, ABND_RESPCODE
SEND,SEND-DATAONLY, SEND_DATAONLY
SEND,SEND-DATAONLY-ALARM, SEND_DATAONLY_ALARM
SEND,SEND-ERASE, SEND_ERASE
SESSION,END-OF-SESSION-MESSAGE, END_OF_SESSION_MESSAGE
SQLCODE,ABND-SQLCODE, ABND_SQLCODE
SW,VALID-DATA-SW, VALID_DATA_SW
TASKNO,ABND-TASKNO-KEY, ABND_TASKNO_KEY
TIME,ABND-TIME, ABND_TIME
TIME,WS-TIME-NOW, WS_TIME_NOW
TIME,WS-TIME-NOW-GRP-HH, WS_TIME_NOW_GRP_HH
TIME,WS-TIME-NOW-GRP-MM, WS_TIME_NOW_GRP_MM
TIME,WS-U-TIME, WS_U_TIME
TRANID,ABND-TRANID, ABND_TRANID
UTIME,ABND-UTIME-KEY, ABND_UTIME_KEY
VALID,VALID-DATA, VALID_DATA
VALID,VALID-DATA-SW, VALID_DATA_SW
WS,WS-ABEND-PGM, WS_ABEND_PGM
WS,WS-CICS-FAIL-MSG, WS_CICS_FAIL_MSG
WS,WS-CICS-RESP, WS_CICS_RESP
WS,WS-CICS-RESP-DISP, WS_CICS_RESP_DISP
WS,WS-CICS-RESP2, WS_CICS_RESP2
WS,WS-CICS-RESP2-DISP, WS_CICS_RESP2_DISP
WS,WS-FAIL-INFO, WS_FAIL_INFO
WS,WS-ORIG-DATE, WS_ORIG_DATE
WS,WS-TIME-NOW, WS_TIME_NOW
WS,WS-TIME-NOW-GRP-HH, WS_TIME_NOW_GRP_HH
WS,WS-TIME-NOW-GRP-MM, WS_TIME_NOW_GRP_MM
WS,WS-U-TIME, WS_U_TIME
