Abbreviation, Program Term, Business Term
ABEND,WS-ABEND-PGM, WS_ABEND_PGM
ABND,ABND-APPLID, ABND_APPLID
ABND,ABND-CODE, ABND_CODE
ABND,ABND-DATE, ABND_DATE
ABND,ABND-FREEFORM, ABND_FREEFORM
ABND,ABND-PROGRAM, ABND_PROGRAM
ABND,ABND-RESP2CODE, ABND_RESP2CODE
ABND,ABND-RESPCODE, ABND_RESPCODE
ABND,ABND-SQLCODE, ABND_SQLCODE
ABND,ABND-TASKNO-KEY, ABND_TASKNO_KEY
ABND,ABND-TIME, ABND_TIME
ABND,ABND-TRANID, ABND_TRANID
ABND,ABND-UTIME-KEY, ABND_UTIME_KEY
ABNDINFO,ABNDINFO-REC, ABNDINFO_REC
AMT,WS-DELAY-AMT, WS_DELAY_AMT
APPLID,ABND-APPLID, ABND_APPLID
CHANNEL,WS-CHANNEL-NAME, WS_CHANNEL_NAME
CICS,WS-CICS-RESP, WS_CICS_RESP
CICS,WS-CICS-RESP2, WS_CICS_RESP2
CODE,ABND-CODE, ABND_CODE
CONT,WS-CONT-IN, WS_CONT_IN
CONT,WS-CONT-IN-CREDIT-SCORE, WS_CONT_IN_CREDIT_SCORE
CONTAINER,WS-CONTAINER-LEN, WS_CONTAINER_LEN
CONTAINER,WS-CONTAINER-NAME, WS_CONTAINER_NAME
CREDIT,WS-CONT-IN-CREDIT-SCORE, WS_CONT_IN_CREDIT_SCORE
CREDSCORE,WS-NEW-CREDSCORE, WS_NEW_CREDSCORE
DATE,ABND-DATE, ABND_DATE
DATE,WS-ORIG-DATE, WS_ORIG_DATE
DELAY,WS-DELAY-AMT, WS_DELAY_AMT
FREEFORM,ABND-FREEFORM, ABND_FREEFORM
GRP,WS-TIME-NOW-GRP-HH, WS_TIME_NOW_GRP_HH
GRP,WS-TIME-NOW-GRP-MM, WS_TIME_NOW_GRP_MM
HH,WS-TIME-NOW-GRP-HH, WS_TIME_NOW_GRP_HH
IN,WS-CONT-IN, WS_CONT_IN
IN,WS-CONT-IN-CREDIT-SCORE, WS_CONT_IN_CREDIT_SCORE
KEY,ABND-TASKNO-KEY, ABND_TASKNO_KEY
KEY,ABND-UTIME-KEY, ABND_UTIME_KEY
LEN,WS-CONTAINER-LEN, WS_CONTAINER_LEN
MM,WS-TIME-NOW-GRP-MM, WS_TIME_NOW_GRP_MM
NAME,WS-CHANNEL-NAME, WS_CHANNEL_NAME
NAME,WS-CONTAINER-NAME, WS_CONTAINER_NAME
NEW,WS-NEW-CREDSCORE, WS_NEW_CREDSCORE
NOW,WS-TIME-NOW, WS_TIME_NOW
NOW,WS-TIME-NOW-GRP-HH, WS_TIME_NOW_GRP_HH
NOW,WS-TIME-NOW-GRP-MM, WS_TIME_NOW_GRP_MM
ORIG,WS-ORIG-DATE, WS_ORIG_DATE
PGM,WS-ABEND-PGM, WS_ABEND_PGM
PROGRAM,ABND-PROGRAM, ABND_PROGRAM
REC,ABNDINFO-REC, ABNDINFO_REC
RESP,WS-CICS-RESP, WS_CICS_RESP
RESP2,WS-CICS-RESP2, WS_CICS_RESP2
RESP2CODE,ABND-RESP2CODE, ABND_RESP2CODE
RESPCODE,ABND-RESPCODE, ABND_RESPCODE
SCORE,WS-CONT-IN-CREDIT-SCORE, WS_CONT_IN_CREDIT_SCORE
SEED,WS-SEED, WS_SEED
SQLCODE,ABND-SQLCODE, ABND_SQLCODE
TASKNO,ABND-TASKNO-KEY, ABND_TASKNO_KEY
TIME,ABND-TIME, ABND_TIME
TIME,WS-TIME-NOW, WS_TIME_NOW
TIME,WS-TIME-NOW-GRP-HH, WS_TIME_NOW_GRP_HH
TIME,WS-TIME-NOW-GRP-MM, WS_TIME_NOW_GRP_MM
TIME,WS-U-TIME, WS_U_TIME
TRANID,ABND-TRANID, ABND_TRANID
UTIME,ABND-UTIME-KEY, ABND_UTIME_KEY
WS,WS-ABEND-PGM, WS_ABEND_PGM
WS,WS-CHANNEL-NAME, WS_CHANNEL_NAME
WS,WS-CICS-RESP, WS_CICS_RESP
WS,WS-CICS-RESP2, WS_CICS_RESP2
WS,WS-CONT-IN, WS_CONT_IN
WS,WS-CONT-IN-CREDIT-SCORE, WS_CONT_IN_CREDIT_SCORE
WS,WS-CONTAINER-LEN, WS_CONTAINER_LEN
WS,WS-CONTAINER-NAME, WS_CONTAINER_NAME
WS,WS-DELAY-AMT, WS_DELAY_AMT
WS,WS-NEW-CREDSCORE, WS_NEW_CREDSCORE
WS,WS-ORIG-DATE, WS_ORIG_DATE
WS,WS-SEED, WS_SEED
WS,WS-TIME-NOW, WS_TIME_NOW
WS,WS-TIME-NOW-GRP-HH, WS_TIME_NOW_GRP_HH
WS,WS-TIME-NOW-GRP-MM, WS_TIME_NOW_GRP_MM
WS,WS-U-TIME, WS_U_TIME
