Abbreviation, Program Term, Business Term
ABEND,WS-ABEND-PGM, WS_ABEND_PGM
ABND,ABND-APPLID, ABND_APPLID
ABND,ABND-CODE, ABND_CODE
ABND,ABND-DATE, ABND_DATE
ABND,ABND-FREEFORM, ABND_FREEFORM
ABND,ABND-PROGRAM, ABND_PROGRAM
ABND,ABND-RESP2CODE, ABND_RESP2CODE
ABND,ABND-RESPCODE, ABND_RESPCODE
ABND,ABND-SQLCODE, ABND_SQLCODE
ABND,ABND-TASKNO-KEY, ABND_TASKNO_KEY
ABND,ABND-TIME, ABND_TIME
ABND,ABND-TRANID, ABND_TRANID
ABND,ABND-UTIME-KEY, ABND_UTIME_KEY
ABNDINFO,ABNDINFO-REC, ABNDINFO_REC
ACC,COMM-ACC-TYPE, COMM_ACC_TYPE
ACC,HV-ACCOUNT-ACC-NO, HV_ACCOUNT_ACC_NO
ACC,HV-ACCOUNT-ACC-TYPE, HV_ACCOUNT_ACC_TYPE
ACC,HV-PROCTRAN-ACC-NUMBER, HV_PROCTRAN_ACC_NUMBER
ACC,NCS-ACC-NO-DISP, NCS_ACC_NO_DISP
ACC,NCS-ACC-NO-INC, NCS_ACC_NO_INC
ACC,NCS-ACC-NO-NAME, NCS_ACC_NO_NAME
ACC,NCS-ACC-NO-TEST-SORT, NCS_ACC_NO_TEST_SORT
ACC,NCS-ACC-NO-VALUE, NCS_ACC_NO_VALUE
ACCNO,STORED-ACCNO, STORED_ACCNO
ACCOUNT,ACCOUNT-LAST-STMT-DATE, ACCOUNT_LAST_STMT_DATE
ACCOUNT,ACCOUNT-NEXT-STMT-DATE, ACCOUNT_NEXT_STMT_DATE
ACCOUNT,ACCOUNT-NUMBER, ACCOUNT_NUMBER
ACCOUNT,ACCOUNT-OPENED, ACCOUNT_OPENED
ACCOUNT,HOST-ACCOUNT-ROW, HOST_ACCOUNT_ROW
ACCOUNT,HV-ACCOUNT-ACC-NO, HV_ACCOUNT_ACC_NO
ACCOUNT,HV-ACCOUNT-ACC-TYPE, HV_ACCOUNT_ACC_TYPE
ACCOUNT,HV-ACCOUNT-ACTUAL-BAL, HV_ACCOUNT_ACTUAL_BAL
ACCOUNT,HV-ACCOUNT-AVAIL-BAL, HV_ACCOUNT_AVAIL_BAL
ACCOUNT,HV-ACCOUNT-CUST-NO, HV_ACCOUNT_CUST_NO
ACCOUNT,HV-ACCOUNT-EYECATCHER, HV_ACCOUNT_EYECATCHER
ACCOUNT,HV-ACCOUNT-INT-RATE, HV_ACCOUNT_INT_RATE
ACCOUNT,HV-ACCOUNT-LAST-STMT, HV_ACCOUNT_LAST_STMT
ACCOUNT,HV-ACCOUNT-LAST-STMT-DAY, HV_ACCOUNT_LAST_STMT_DAY
ACCOUNT,HV-ACCOUNT-LAST-STMT-DELIM1, HV_ACCOUNT_LAST_STMT_DELIM1
ACCOUNT,HV-ACCOUNT-LAST-STMT-DELIM2, HV_ACCOUNT_LAST_STMT_DELIM2
ACCOUNT,HV-ACCOUNT-LAST-STMT-MONTH, HV_ACCOUNT_LAST_STMT_MONTH
ACCOUNT,HV-ACCOUNT-LAST-STMT-YEAR, HV_ACCOUNT_LAST_STMT_YEAR
ACCOUNT,HV-ACCOUNT-NEXT-STMT, HV_ACCOUNT_NEXT_STMT
ACCOUNT,HV-ACCOUNT-NEXT-STMT-DAY, HV_ACCOUNT_NEXT_STMT_DAY
ACCOUNT,HV-ACCOUNT-NEXT-STMT-DELIM1, HV_ACCOUNT_NEXT_STMT_DELIM1
ACCOUNT,HV-ACCOUNT-NEXT-STMT-DELIM2, HV_ACCOUNT_NEXT_STMT_DELIM2
ACCOUNT,HV-ACCOUNT-NEXT-STMT-MONTH, HV_ACCOUNT_NEXT_STMT_MONTH
ACCOUNT,HV-ACCOUNT-NEXT-STMT-YEAR, HV_ACCOUNT_NEXT_STMT_YEAR
ACCOUNT,HV-ACCOUNT-OPENED, HV_ACCOUNT_OPENED
ACCOUNT,HV-ACCOUNT-OPENED-DAY, HV_ACCOUNT_OPENED_DAY
ACCOUNT,HV-ACCOUNT-OPENED-DELIM1, HV_ACCOUNT_OPENED_DELIM1
ACCOUNT,HV-ACCOUNT-OPENED-DELIM2, HV_ACCOUNT_OPENED_DELIM2
ACCOUNT,HV-ACCOUNT-OPENED-MONTH, HV_ACCOUNT_OPENED_MONTH
ACCOUNT,HV-ACCOUNT-OPENED-YEAR, HV_ACCOUNT_OPENED_YEAR
ACCOUNT,HV-ACCOUNT-OVERDRAFT-LIM, HV_ACCOUNT_OVERDRAFT_LIM
ACCOUNT,HV-ACCOUNT-SORTCODE, HV_ACCOUNT_SORTCODE
ACCOUNTS,NUMBER-OF-ACCOUNTS, NUMBER_OF_ACCOUNTS
ACCT,REQUIRED-ACCT-NUMBER3, REQUIRED_ACCT_NUMBER3
ACCTYPE,STORED-ACCTYPE, STORED_ACCTYPE
ACT,COMM-ACT-BAL, COMM_ACT_BAL
ACTUAL,HV-ACCOUNT-ACTUAL-BAL, HV_ACCOUNT_ACTUAL_BAL
AMOUNT,HV-PROCTRAN-AMOUNT, HV_PROCTRAN_AMOUNT
APPLID,ABND-APPLID, ABND_APPLID
AVAIL,COMM-AVAIL-BAL, COMM_AVAIL_BAL
AVAIL,HV-ACCOUNT-AVAIL-BAL, HV_ACCOUNT_AVAIL_BAL
BAL,COMM-ACT-BAL, COMM_ACT_BAL
BAL,COMM-AVAIL-BAL, COMM_AVAIL_BAL
BAL,HV-ACCOUNT-ACTUAL-BAL, HV_ACCOUNT_ACTUAL_BAL
BAL,HV-ACCOUNT-AVAIL-BAL, HV_ACCOUNT_AVAIL_BAL
CARE,DONT-CARE, DONT_CARE
CICS,WS-CICS-RESP, WS_CICS_RESP
CICS,WS-CICS-RESP2, WS_CICS_RESP2
CODE,ABND-CODE, ABND_CODE
CODE,COMM-FAIL-CODE, COMM_FAIL_CODE
CODE,HV-PROCTRAN-SORT-CODE, HV_PROCTRAN_SORT_CODE
CODE,REQUIRED-SORT-CODE, REQUIRED_SORT_CODE
CODE2,REQUIRED-SORT-CODE2, REQUIRED_SORT_CODE2
COMM,COMM-ACC-TYPE, COMM_ACC_TYPE
COMM,COMM-ACT-BAL, COMM_ACT_BAL
COMM,COMM-AVAIL-BAL, COMM_AVAIL_BAL
COMM,COMM-CUSTNO, COMM_CUSTNO
COMM,COMM-EYECATCHER, COMM_EYECATCHER
COMM,COMM-FAIL-CODE, COMM_FAIL_CODE
COMM,COMM-INT-RT, COMM_INT_RT
COMM,COMM-LAST-STMT-DT, COMM_LAST_STMT_DT
COMM,COMM-NEXT-STMT-DT, COMM_NEXT_STMT_DT
COMM,COMM-NUMBER, COMM_NUMBER
COMM,COMM-OPENED, COMM_OPENED
COMM,COMM-OVERDR-LIM, COMM_OVERDR_LIM
COMM,COMM-PCB-POINTER, COMM_PCB_POINTER
COMM,COMM-SORTCODE, COMM_SORTCODE
COMM,COMM-SUCCESS, COMM_SUCCESS
COMMAREA,INQACCCU-COMMAREA, INQACCCU_COMMAREA
COMMAREA,INQCUST-COMMAREA, INQCUST_COMMAREA
CONTROL,HV-CONTROL-NAME, HV_CONTROL_NAME
CONTROL,HV-CONTROL-VALUE-NUM, HV_CONTROL_VALUE_NUM
CONTROL,HV-CONTROL-VALUE-STR, HV_CONTROL_VALUE_STR
CUST,HV-ACCOUNT-CUST-NO, HV_ACCOUNT_CUST_NO
CUSTNO,COMM-CUSTNO, COMM_CUSTNO
CUSTNO,INQCUST-CUSTNO, INQCUST_CUSTNO
CUSTNO,STORED-CUSTNO, STORED_CUSTNO
CUSTOMER,CUSTOMER-NUMBER, CUSTOMER_NUMBER
DATA,OUTPUT-DATA, OUTPUT_DATA
DATE,ABND-DATE, ABND_DATE
DATE,ACCOUNT-LAST-STMT-DATE, ACCOUNT_LAST_STMT_DATE
DATE,ACCOUNT-NEXT-STMT-DATE, ACCOUNT_NEXT_STMT_DATE
DATE,HV-PROCTRAN-DATE, HV_PROCTRAN_DATE
DATE,WS-FUTURE-DATE, WS_FUTURE_DATE
DATE,WS-ORIG-DATE, WS_ORIG_DATE
DATE,WS-ORIG-DATE-DD, WS_ORIG_DATE_DD
DATE,WS-ORIG-DATE-GRP-X, WS_ORIG_DATE_GRP_X
DATE,WS-ORIG-DATE-MM, WS_ORIG_DATE_MM
DATE,WS-ORIG-DATE-YYYY, WS_ORIG_DATE_YYYY
DAY,HV-ACCOUNT-LAST-STMT-DAY, HV_ACCOUNT_LAST_STMT_DAY
DAY,HV-ACCOUNT-NEXT-STMT-DAY, HV_ACCOUNT_NEXT_STMT_DAY
DAY,HV-ACCOUNT-OPENED-DAY, HV_ACCOUNT_OPENED_DAY
DD,WS-FUT-X-DD, WS_FUT_X_DD
DD,WS-ORIG-DATE-DD, WS_ORIG_DATE_DD
DELIM1,HV-ACCOUNT-LAST-STMT-DELIM1, HV_ACCOUNT_LAST_STMT_DELIM1
DELIM1,HV-ACCOUNT-NEXT-STMT-DELIM1, HV_ACCOUNT_NEXT_STMT_DELIM1
DELIM1,HV-ACCOUNT-OPENED-DELIM1, HV_ACCOUNT_OPENED_DELIM1
DELIM2,HV-ACCOUNT-LAST-STMT-DELIM2, HV_ACCOUNT_LAST_STMT_DELIM2
DELIM2,HV-ACCOUNT-NEXT-STMT-DELIM2, HV_ACCOUNT_NEXT_STMT_DELIM2
DELIM2,HV-ACCOUNT-OPENED-DELIM2, HV_ACCOUNT_OPENED_DELIM2
DESC,HV-PROCTRAN-DESC, HV_PROCTRAN_DESC
DISP,NCS-ACC-NO-DISP, NCS_ACC_NO_DISP
DISPLAY,SQLCODE-DISPLAY, SQLCODE_DISPLAY
DONT,DONT-CARE, DONT_CARE
DT,COMM-LAST-STMT-DT, COMM_LAST_STMT_DT
DT,COMM-NEXT-STMT-DT, COMM_NEXT_STMT_DT
EIBTASKN12,WS-EIBTASKN12, WS_EIBTASKN12
EYECATCHER,COMM-EYECATCHER, COMM_EYECATCHER
EYECATCHER,HV-ACCOUNT-EYECATCHER, HV_ACCOUNT_EYECATCHER
EYECATCHER,HV-PROCTRAN-EYECATCHER, HV_PROCTRAN_EYECATCHER
FAIL,COMM-FAIL-CODE, COMM_FAIL_CODE
FREEFORM,ABND-FREEFORM, ABND_FREEFORM
FUT,WS-FUT-9, WS_FUT_9
FUT,WS-FUT-X-DD, WS_FUT_X_DD
FUT,WS-FUT-X-MM, WS_FUT_X_MM
FUT,WS-FUT-X-YY, WS_FUT_X_YY
FUTURE,WS-FUTURE-DATE, WS_FUTURE_DATE
GRP,WS-ORIG-DATE-GRP-X, WS_ORIG_DATE_GRP_X
GRP,WS-TIME-NOW-GRP-HH, WS_TIME_NOW_GRP_HH
GRP,WS-TIME-NOW-GRP-MM, WS_TIME_NOW_GRP_MM
HH,WS-TIME-NOW-GRP-HH, WS_TIME_NOW_GRP_HH
HOST,HOST-ACCOUNT-ROW, HOST_ACCOUNT_ROW
HOST,HOST-PROCTRAN-ROW, HOST_PROCTRAN_ROW
HV,HV-ACCOUNT-ACC-NO, HV_ACCOUNT_ACC_NO
HV,HV-ACCOUNT-ACC-TYPE, HV_ACCOUNT_ACC_TYPE
HV,HV-ACCOUNT-ACTUAL-BAL, HV_ACCOUNT_ACTUAL_BAL
HV,HV-ACCOUNT-AVAIL-BAL, HV_ACCOUNT_AVAIL_BAL
HV,HV-ACCOUNT-CUST-NO, HV_ACCOUNT_CUST_NO
HV,HV-ACCOUNT-EYECATCHER, HV_ACCOUNT_EYECATCHER
HV,HV-ACCOUNT-INT-RATE, HV_ACCOUNT_INT_RATE
HV,HV-ACCOUNT-LAST-STMT, HV_ACCOUNT_LAST_STMT
HV,HV-ACCOUNT-LAST-STMT-DAY, HV_ACCOUNT_LAST_STMT_DAY
HV,HV-ACCOUNT-LAST-STMT-DELIM1, HV_ACCOUNT_LAST_STMT_DELIM1
HV,HV-ACCOUNT-LAST-STMT-DELIM2, HV_ACCOUNT_LAST_STMT_DELIM2
HV,HV-ACCOUNT-LAST-STMT-MONTH, HV_ACCOUNT_LAST_STMT_MONTH
HV,HV-ACCOUNT-LAST-STMT-YEAR, HV_ACCOUNT_LAST_STMT_YEAR
HV,HV-ACCOUNT-NEXT-STMT, HV_ACCOUNT_NEXT_STMT
HV,HV-ACCOUNT-NEXT-STMT-DAY, HV_ACCOUNT_NEXT_STMT_DAY
HV,HV-ACCOUNT-NEXT-STMT-DELIM1, HV_ACCOUNT_NEXT_STMT_DELIM1
HV,HV-ACCOUNT-NEXT-STMT-DELIM2, HV_ACCOUNT_NEXT_STMT_DELIM2
HV,HV-ACCOUNT-NEXT-STMT-MONTH, HV_ACCOUNT_NEXT_STMT_MONTH
HV,HV-ACCOUNT-NEXT-STMT-YEAR, HV_ACCOUNT_NEXT_STMT_YEAR
HV,HV-ACCOUNT-OPENED, HV_ACCOUNT_OPENED
HV,HV-ACCOUNT-OPENED-DAY, HV_ACCOUNT_OPENED_DAY
HV,HV-ACCOUNT-OPENED-DELIM1, HV_ACCOUNT_OPENED_DELIM1
HV,HV-ACCOUNT-OPENED-DELIM2, HV_ACCOUNT_OPENED_DELIM2
HV,HV-ACCOUNT-OPENED-MONTH, HV_ACCOUNT_OPENED_MONTH
HV,HV-ACCOUNT-OPENED-YEAR, HV_ACCOUNT_OPENED_YEAR
HV,HV-ACCOUNT-OVERDRAFT-LIM, HV_ACCOUNT_OVERDRAFT_LIM
HV,HV-ACCOUNT-SORTCODE, HV_ACCOUNT_SORTCODE
HV,HV-CONTROL-NAME, HV_CONTROL_NAME
HV,HV-CONTROL-VALUE-NUM, HV_CONTROL_VALUE_NUM
HV,HV-CONTROL-VALUE-STR, HV_CONTROL_VALUE_STR
HV,HV-PROCTRAN-ACC-NUMBER, HV_PROCTRAN_ACC_NUMBER
HV,HV-PROCTRAN-AMOUNT, HV_PROCTRAN_AMOUNT
HV,HV-PROCTRAN-DATE, HV_PROCTRAN_DATE
HV,HV-PROCTRAN-DESC, HV_PROCTRAN_DESC
HV,HV-PROCTRAN-EYECATCHER, HV_PROCTRAN_EYECATCHER
HV,HV-PROCTRAN-REF, HV_PROCTRAN_REF
HV,HV-PROCTRAN-SORT-CODE, HV_PROCTRAN_SORT_CODE
HV,HV-PROCTRAN-TIME, HV_PROCTRAN_TIME
HV,HV-PROCTRAN-TYPE, HV_PROCTRAN_TYPE
INC,NCS-ACC-NO-INC, NCS_ACC_NO_INC
INQ,INQCUST-INQ-SUCCESS, INQCUST_INQ_SUCCESS
INQACCCU,INQACCCU-COMMAREA, INQACCCU_COMMAREA
INQCUST,INQCUST-COMMAREA, INQCUST_COMMAREA
INQCUST,INQCUST-CUSTNO, INQCUST_CUSTNO
INQCUST,INQCUST-INQ-SUCCESS, INQCUST_INQ_SUCCESS
INT,COMM-INT-RT, COMM_INT_RT
INT,HV-ACCOUNT-INT-RATE, HV_ACCOUNT_INT_RATE
INTEGER,WS-INTEGER, WS_INTEGER
KEY,ABND-TASKNO-KEY, ABND_TASKNO_KEY
KEY,ABND-UTIME-KEY, ABND_UTIME_KEY
LAST,ACCOUNT-LAST-STMT-DATE, ACCOUNT_LAST_STMT_DATE
LAST,COMM-LAST-STMT-DT, COMM_LAST_STMT_DT
LAST,HV-ACCOUNT-LAST-STMT, HV_ACCOUNT_LAST_STMT
LAST,HV-ACCOUNT-LAST-STMT-DAY, HV_ACCOUNT_LAST_STMT_DAY
LAST,HV-ACCOUNT-LAST-STMT-DELIM1, HV_ACCOUNT_LAST_STMT_DELIM1
LAST,HV-ACCOUNT-LAST-STMT-DELIM2, HV_ACCOUNT_LAST_STMT_DELIM2
LAST,HV-ACCOUNT-LAST-STMT-MONTH, HV_ACCOUNT_LAST_STMT_MONTH
LAST,HV-ACCOUNT-LAST-STMT-YEAR, HV_ACCOUNT_LAST_STMT_YEAR
LEAP,LEAP-YEAR, LEAP_YEAR
LIM,COMM-OVERDR-LIM, COMM_OVERDR_LIM
LIM,HV-ACCOUNT-OVERDRAFT-LIM, HV_ACCOUNT_OVERDRAFT_LIM
LST,STORED-LST-STMT, STORED_LST_STMT
MM,WS-FUT-X-MM, WS_FUT_X_MM
MM,WS-ORIG-DATE-MM, WS_ORIG_DATE_MM
MM,WS-TIME-NOW-GRP-MM, WS_TIME_NOW_GRP_MM
MONTH,HV-ACCOUNT-LAST-STMT-MONTH, HV_ACCOUNT_LAST_STMT_MONTH
MONTH,HV-ACCOUNT-NEXT-STMT-MONTH, HV_ACCOUNT_NEXT_STMT_MONTH
MONTH,HV-ACCOUNT-OPENED-MONTH, HV_ACCOUNT_OPENED_MONTH
NAME,HV-CONTROL-NAME, HV_CONTROL_NAME
NAME,NCS-ACC-NO-NAME, NCS_ACC_NO_NAME
NCS,NCS-ACC-NO-DISP, NCS_ACC_NO_DISP
NCS,NCS-ACC-NO-INC, NCS_ACC_NO_INC
NCS,NCS-ACC-NO-NAME, NCS_ACC_NO_NAME
NCS,NCS-ACC-NO-TEST-SORT, NCS_ACC_NO_TEST_SORT
NCS,NCS-ACC-NO-VALUE, NCS_ACC_NO_VALUE
NEXT,ACCOUNT-NEXT-STMT-DATE, ACCOUNT_NEXT_STMT_DATE
NEXT,COMM-NEXT-STMT-DT, COMM_NEXT_STMT_DT
NEXT,HV-ACCOUNT-NEXT-STMT, HV_ACCOUNT_NEXT_STMT
NEXT,HV-ACCOUNT-NEXT-STMT-DAY, HV_ACCOUNT_NEXT_STMT_DAY
NEXT,HV-ACCOUNT-NEXT-STMT-DELIM1, HV_ACCOUNT_NEXT_STMT_DELIM1
NEXT,HV-ACCOUNT-NEXT-STMT-DELIM2, HV_ACCOUNT_NEXT_STMT_DELIM2
NEXT,HV-ACCOUNT-NEXT-STMT-MONTH, HV_ACCOUNT_NEXT_STMT_MONTH
NEXT,HV-ACCOUNT-NEXT-STMT-YEAR, HV_ACCOUNT_NEXT_STMT_YEAR
NO,HV-ACCOUNT-ACC-NO, HV_ACCOUNT_ACC_NO
NO,HV-ACCOUNT-CUST-NO, HV_ACCOUNT_CUST_NO
NO,NCS-ACC-NO-DISP, NCS_ACC_NO_DISP
NO,NCS-ACC-NO-INC, NCS_ACC_NO_INC
NO,NCS-ACC-NO-NAME, NCS_ACC_NO_NAME
NO,NCS-ACC-NO-TEST-SORT, NCS_ACC_NO_TEST_SORT
NO,NCS-ACC-NO-VALUE, NCS_ACC_NO_VALUE
NOW,WS-TIME-NOW, WS_TIME_NOW
NOW,WS-TIME-NOW-GRP-HH, WS_TIME_NOW_GRP_HH
NOW,WS-TIME-NOW-GRP-MM, WS_TIME_NOW_GRP_MM
NUM,HV-CONTROL-VALUE-NUM, HV_CONTROL_VALUE_NUM
NUM,WS-STDT-9-NUM, WS_STDT_9_NUM
NUMBER,ACCOUNT-NUMBER, ACCOUNT_NUMBER
NUMBER,COMM-NUMBER, COMM_NUMBER
NUMBER,CUSTOMER-NUMBER, CUSTOMER_NUMBER
NUMBER,HV-PROCTRAN-ACC-NUMBER, HV_PROCTRAN_ACC_NUMBER
NUMBER,NUMBER-OF-ACCOUNTS, NUMBER_OF_ACCOUNTS
NUMBER3,REQUIRED-ACCT-NUMBER3, REQUIRED_ACCT_NUMBER3
NUMERIC,WS-STDT-9-NUMERIC, WS_STDT_9_NUMERIC
NXT,STORED-NXT-STMT, STORED_NXT_STMT
OF,NUMBER-OF-ACCOUNTS, NUMBER_OF_ACCOUNTS
OPENED,ACCOUNT-OPENED, ACCOUNT_OPENED
OPENED,COMM-OPENED, COMM_OPENED
OPENED,HV-ACCOUNT-OPENED, HV_ACCOUNT_OPENED
OPENED,HV-ACCOUNT-OPENED-DAY, HV_ACCOUNT_OPENED_DAY
OPENED,HV-ACCOUNT-OPENED-DELIM1, HV_ACCOUNT_OPENED_DELIM1
OPENED,HV-ACCOUNT-OPENED-DELIM2, HV_ACCOUNT_OPENED_DELIM2
OPENED,HV-ACCOUNT-OPENED-MONTH, HV_ACCOUNT_OPENED_MONTH
OPENED,HV-ACCOUNT-OPENED-YEAR, HV_ACCOUNT_OPENED_YEAR
ORIG,WS-ORIG-DATE, WS_ORIG_DATE
ORIG,WS-ORIG-DATE-DD, WS_ORIG_DATE_DD
ORIG,WS-ORIG-DATE-GRP-X, WS_ORIG_DATE_GRP_X
ORIG,WS-ORIG-DATE-MM, WS_ORIG_DATE_MM
ORIG,WS-ORIG-DATE-YYYY, WS_ORIG_DATE_YYYY
OUTPUT,OUTPUT-DATA, OUTPUT_DATA
OVERDR,COMM-OVERDR-LIM, COMM_OVERDR_LIM
OVERDRAFT,HV-ACCOUNT-OVERDRAFT-LIM, HV_ACCOUNT_OVERDRAFT_LIM
PCB,COMM-PCB-POINTER, COMM_PCB_POINTER
PGM,WS-ABEND-PGM, WS_ABEND_PGM
POINTER,COMM-PCB-POINTER, COMM_PCB_POINTER
PROC,PROC-TRAN-TIME, PROC_TRAN_TIME
PROCTRAN,HOST-PROCTRAN-ROW, HOST_PROCTRAN_ROW
PROCTRAN,HV-PROCTRAN-ACC-NUMBER, HV_PROCTRAN_ACC_NUMBER
PROCTRAN,HV-PROCTRAN-AMOUNT, HV_PROCTRAN_AMOUNT
PROCTRAN,HV-PROCTRAN-DATE, HV_PROCTRAN_DATE
PROCTRAN,HV-PROCTRAN-DESC, HV_PROCTRAN_DESC
PROCTRAN,HV-PROCTRAN-EYECATCHER, HV_PROCTRAN_EYECATCHER
PROCTRAN,HV-PROCTRAN-REF, HV_PROCTRAN_REF
PROCTRAN,HV-PROCTRAN-SORT-CODE, HV_PROCTRAN_SORT_CODE
PROCTRAN,HV-PROCTRAN-TIME, HV_PROCTRAN_TIME
PROCTRAN,HV-PROCTRAN-TYPE, HV_PROCTRAN_TYPE
PROGRAM,ABND-PROGRAM, ABND_PROGRAM
RATE,HV-ACCOUNT-INT-RATE, HV_ACCOUNT_INT_RATE
REC,ABNDINFO-REC, ABNDINFO_REC
REF,HV-PROCTRAN-REF, HV_PROCTRAN_REF
REQUIRED,REQUIRED-ACCT-NUMBER3, REQUIRED_ACCT_NUMBER3
REQUIRED,REQUIRED-SORT-CODE, REQUIRED_SORT_CODE
REQUIRED,REQUIRED-SORT-CODE2, REQUIRED_SORT_CODE2
RESP,WS-CICS-RESP, WS_CICS_RESP
RESP2,WS-CICS-RESP2, WS_CICS_RESP2
RESP2CODE,ABND-RESP2CODE, ABND_RESP2CODE
RESPCODE,ABND-RESPCODE, ABND_RESPCODE
ROW,HOST-ACCOUNT-ROW, HOST_ACCOUNT_ROW
ROW,HOST-PROCTRAN-ROW, HOST_PROCTRAN_ROW
RT,COMM-INT-RT, COMM_INT_RT
SORT,HV-PROCTRAN-SORT-CODE, HV_PROCTRAN_SORT_CODE
SORT,NCS-ACC-NO-TEST-SORT, NCS_ACC_NO_TEST_SORT
SORT,REQUIRED-SORT-CODE, REQUIRED_SORT_CODE
SORT,REQUIRED-SORT-CODE2, REQUIRED_SORT_CODE2
SORTCODE,COMM-SORTCODE, COMM_SORTCODE
SORTCODE,HV-ACCOUNT-SORTCODE, HV_ACCOUNT_SORTCODE
SORTCODE,STORED-SORTCODE, STORED_SORTCODE
SQLCODE,ABND-SQLCODE, ABND_SQLCODE
SQLCODE,SQLCODE-DISPLAY, SQLCODE_DISPLAY
STDT,WS-STDT-9-NUM, WS_STDT_9_NUM
STDT,WS-STDT-9-NUMERIC, WS_STDT_9_NUMERIC
STDT,WS-STDT-X, WS_STDT_X
STMT,ACCOUNT-LAST-STMT-DATE, ACCOUNT_LAST_STMT_DATE
STMT,ACCOUNT-NEXT-STMT-DATE, ACCOUNT_NEXT_STMT_DATE
STMT,COMM-LAST-STMT-DT, COMM_LAST_STMT_DT
STMT,COMM-NEXT-STMT-DT, COMM_NEXT_STMT_DT
STMT,HV-ACCOUNT-LAST-STMT, HV_ACCOUNT_LAST_STMT
STMT,HV-ACCOUNT-LAST-STMT-DAY, HV_ACCOUNT_LAST_STMT_DAY
STMT,HV-ACCOUNT-LAST-STMT-DELIM1, HV_ACCOUNT_LAST_STMT_DELIM1
STMT,HV-ACCOUNT-LAST-STMT-DELIM2, HV_ACCOUNT_LAST_STMT_DELIM2
STMT,HV-ACCOUNT-LAST-STMT-MONTH, HV_ACCOUNT_LAST_STMT_MONTH
STMT,HV-ACCOUNT-LAST-STMT-YEAR, HV_ACCOUNT_LAST_STMT_YEAR
STMT,HV-ACCOUNT-NEXT-STMT, HV_ACCOUNT_NEXT_STMT
STMT,HV-ACCOUNT-NEXT-STMT-DAY, HV_ACCOUNT_NEXT_STMT_DAY
STMT,HV-ACCOUNT-NEXT-STMT-DELIM1, HV_ACCOUNT_NEXT_STMT_DELIM1
STMT,HV-ACCOUNT-NEXT-STMT-DELIM2, HV_ACCOUNT_NEXT_STMT_DELIM2
STMT,HV-ACCOUNT-NEXT-STMT-MONTH, HV_ACCOUNT_NEXT_STMT_MONTH
STMT,HV-ACCOUNT-NEXT-STMT-YEAR, HV_ACCOUNT_NEXT_STMT_YEAR
STMT,STORED-LST-STMT, STORED_LST_STMT
STMT,STORED-NXT-STMT, STORED_NXT_STMT
STORED,STORED-ACCNO, STORED_ACCNO
STORED,STORED-ACCTYPE, STORED_ACCTYPE
STORED,STORED-CUSTNO, STORED_CUSTNO
STORED,STORED-LST-STMT, STORED_LST_STMT
STORED,STORED-NXT-STMT, STORED_NXT_STMT
STORED,STORED-SORTCODE, STORED_SORTCODE
STR,HV-CONTROL-VALUE-STR, HV_CONTROL_VALUE_STR
SUCCESS,COMM-SUCCESS, COMM_SUCCESS
SUCCESS,INQCUST-INQ-SUCCESS, INQCUST_INQ_SUCCESS
TASKNO,ABND-TASKNO-KEY, ABND_TASKNO_KEY
TEST,NCS-ACC-NO-TEST-SORT, NCS_ACC_NO_TEST_SORT
TIME,ABND-TIME, ABND_TIME
TIME,HV-PROCTRAN-TIME, HV_PROCTRAN_TIME
TIME,PROC-TRAN-TIME, PROC_TRAN_TIME
TIME,WS-TIME-NOW, WS_TIME_NOW
TIME,WS-TIME-NOW-GRP-HH, WS_TIME_NOW_GRP_HH
TIME,WS-TIME-NOW-GRP-MM, WS_TIME_NOW_GRP_MM
TIME,WS-U-TIME, WS_U_TIME
TRAN,PROC-TRAN-TIME, PROC_TRAN_TIME
TRANID,ABND-TRANID, ABND_TRANID
TYPE,COMM-ACC-TYPE, COMM_ACC_TYPE
TYPE,HV-ACCOUNT-ACC-TYPE, HV_ACCOUNT_ACC_TYPE
TYPE,HV-PROCTRAN-TYPE, HV_PROCTRAN_TYPE
UTIME,ABND-UTIME-KEY, ABND_UTIME_KEY
VALUE,HV-CONTROL-VALUE-NUM, HV_CONTROL_VALUE_NUM
VALUE,HV-CONTROL-VALUE-STR, HV_CONTROL_VALUE_STR
VALUE,NCS-ACC-NO-VALUE, NCS_ACC_NO_VALUE
WS,WS-ABEND-PGM, WS_ABEND_PGM
WS,WS-CICS-RESP, WS_CICS_RESP
WS,WS-CICS-RESP2, WS_CICS_RESP2
WS,WS-EIBTASKN12, WS_EIBTASKN12
WS,WS-FUT-9, WS_FUT_9
WS,WS-FUT-X-DD, WS_FUT_X_DD
WS,WS-FUT-X-MM, WS_FUT_X_MM
WS,WS-FUT-X-YY, WS_FUT_X_YY
WS,WS-FUTURE-DATE, WS_FUTURE_DATE
WS,WS-INTEGER, WS_INTEGER
WS,WS-ORIG-DATE, WS_ORIG_DATE
WS,WS-ORIG-DATE-DD, WS_ORIG_DATE_DD
WS,WS-ORIG-DATE-GRP-X, WS_ORIG_DATE_GRP_X
WS,WS-ORIG-DATE-MM, WS_ORIG_DATE_MM
WS,WS-ORIG-DATE-YYYY, WS_ORIG_DATE_YYYY
WS,WS-STDT-9-NUM, WS_STDT_9_NUM
WS,WS-STDT-9-NUMERIC, WS_STDT_9_NUMERIC
WS,WS-STDT-X, WS_STDT_X
WS,WS-TIME-NOW, WS_TIME_NOW
WS,WS-TIME-NOW-GRP-HH, WS_TIME_NOW_GRP_HH
WS,WS-TIME-NOW-GRP-MM, WS_TIME_NOW_GRP_MM
WS,WS-U-TIME, WS_U_TIME
YEAR,HV-ACCOUNT-LAST-STMT-YEAR, HV_ACCOUNT_LAST_STMT_YEAR
YEAR,HV-ACCOUNT-NEXT-STMT-YEAR, HV_ACCOUNT_NEXT_STMT_YEAR
YEAR,HV-ACCOUNT-OPENED-YEAR, HV_ACCOUNT_OPENED_YEAR
YEAR,LEAP-YEAR, LEAP_YEAR
YY,WS-FUT-X-YY, WS_FUT_X_YY
YYYY,WS-ORIG-DATE-YYYY, WS_ORIG_DATE_YYYY
