Abbreviation, Program Term, Business Term
ABCODE,WS-ANY-CHILD-FETCH-ABCODE, WS_ANY_CHILD_FETCH_ABCODE
ABEND,WS-ABEND-PGM, WS_ABEND_PGM
ABND,ABND-APPLID, ABND_APPLID
ABND,ABND-CODE, ABND_CODE
ABND,ABND-DATE, ABND_DATE
ABND,ABND-FREEFORM, ABND_FREEFORM
ABND,ABND-PROGRAM, ABND_PROGRAM
ABND,ABND-RESP2CODE, ABND_RESP2CODE
ABND,ABND-RESPCODE, ABND_RESPCODE
ABND,ABND-SQLCODE, ABND_SQLCODE
ABND,ABND-TASKNO-KEY, ABND_TASKNO_KEY
ABND,ABND-TIME, ABND_TIME
ABND,ABND-TRANID, ABND_TRANID
ABND,ABND-UTIME-KEY, ABND_UTIME_KEY
ABNDINFO,ABNDINFO-REC, ABNDINFO_REC
ACC,HV-PROCTRAN-ACC-NUMBER, HV_PROCTRAN_ACC_NUMBER
ACTUAL,WS-ACTUAL-CS-SCR, WS_ACTUAL_CS_SCR
ADD,WS-REVIEW-DATE-ADD, WS_REVIEW_DATE_ADD
ADDRESS,COMM-ADDRESS, COMM_ADDRESS
ADDRESS,CUSTOMER-ADDRESS, CUSTOMER_ADDRESS
AGE,WS-CUSTOMER-AGE, WS_CUSTOMER_AGE
AMOUNT,HV-PROCTRAN-AMOUNT, HV_PROCTRAN_AMOUNT
ANY,WS-ANY-CHILD-FETCH-ABCODE, WS_ANY_CHILD_FETCH_ABCODE
ANY,WS-ANY-CHILD-FETCH-CHAN, WS_ANY_CHILD_FETCH_CHAN
ANY,WS-ANY-CHILD-FETCH-TKN, WS_ANY_CHILD_FETCH_TKN
ANY,WS-ANY-CHILD-TKN, WS_ANY_CHILD_TKN
APPLID,ABND-APPLID, ABND_APPLID
BIRTH,COMM-BIRTH-DAY, COMM_BIRTH_DAY
BIRTH,COMM-BIRTH-MONTH, COMM_BIRTH_MONTH
BIRTH,COMM-BIRTH-YEAR, COMM_BIRTH_YEAR
BIRTH,COMM-DATE-OF-BIRTH, COMM_DATE_OF_BIRTH
BIRTH,CUSTOMER-DATE-OF-BIRTH, CUSTOMER_DATE_OF_BIRTH
BIRTH,DATE-OF-BIRTH-FOR-CEEDAYS, DATE_OF_BIRTH_FOR_CEEDAYS
BIRTH,DATE-OF-BIRTH-FORMAT, DATE_OF_BIRTH_FORMAT
BIRTH,WS-DATE-OF-BIRTH-ERROR, WS_DATE_OF_BIRTH_ERROR
BIRTH,WS-DATE-OF-BIRTH-LILLIAN, WS_DATE_OF_BIRTH_LILLIAN
CC,WS-CC-CNT, WS_CC_CNT
CEEDAYS,CEEDAYS-DAY, CEEDAYS_DAY
CEEDAYS,CEEDAYS-MONTH, CEEDAYS_MONTH
CEEDAYS,CEEDAYS-YEAR, CEEDAYS_YEAR
CEEDAYS,DATE-OF-BIRTH-FOR-CEEDAYS, DATE_OF_BIRTH_FOR_CEEDAYS
CHAN,WS-ANY-CHILD-FETCH-CHAN, WS_ANY_CHILD_FETCH_CHAN
CHAN,WS-CHILD-CHAN, WS_CHILD_CHAN
CHANNEL,WS-CHANNEL-NAME, WS_CHANNEL_NAME
CHECK,WS-CREDIT-CHECK-ERROR, WS_CREDIT_CHECK_ERROR
CHILD,WS-ANY-CHILD-FETCH-ABCODE, WS_ANY_CHILD_FETCH_ABCODE
CHILD,WS-ANY-CHILD-FETCH-CHAN, WS_ANY_CHILD_FETCH_CHAN
CHILD,WS-ANY-CHILD-FETCH-TKN, WS_ANY_CHILD_FETCH_TKN
CHILD,WS-ANY-CHILD-TKN, WS_ANY_CHILD_TKN
CHILD,WS-CHILD-CHAN, WS_CHILD_CHAN
CHILD,WS-CHILD-CONTAINER-LEN, WS_CHILD_CONTAINER_LEN
CHILD,WS-CHILD-DATA, WS_CHILD_DATA
CHILD,WS-CHILD-DATA-CREDIT-SCORE, WS_CHILD_DATA_CREDIT_SCORE
CHILD,WS-CHILD-FETCH-COMPST, WS_CHILD_FETCH_COMPST
CHILD,WS-CHILD-ISSUED-CNT, WS_CHILD_ISSUED_CNT
CHILD,WS-CHILD-TKN, WS_CHILD_TKN
CICS,WS-CICS-RESP, WS_CICS_RESP
CICS,WS-CICS-RESP2, WS_CICS_RESP2
CNT,WS-CC-CNT, WS_CC_CNT
CNT,WS-CHILD-ISSUED-CNT, WS_CHILD_ISSUED_CNT
CNT,WS-RETRIEVED-CNT, WS_RETRIEVED_CNT
CODE,ABND-CODE, ABND_CODE
CODE,COMM-FAIL-CODE, COMM_FAIL_CODE
CODE,HV-PROCTRAN-SORT-CODE, HV_PROCTRAN_SORT_CODE
CODE,REQUIRED-SORT-CODE, REQUIRED_SORT_CODE
COMM,COMM-ADDRESS, COMM_ADDRESS
COMM,COMM-BIRTH-DAY, COMM_BIRTH_DAY
COMM,COMM-BIRTH-MONTH, COMM_BIRTH_MONTH
COMM,COMM-BIRTH-YEAR, COMM_BIRTH_YEAR
COMM,COMM-CREDIT-SCORE, COMM_CREDIT_SCORE
COMM,COMM-CS-REVIEW-DATE, COMM_CS_REVIEW_DATE
COMM,COMM-DATE-OF-BIRTH, COMM_DATE_OF_BIRTH
COMM,COMM-EYECATCHER, COMM_EYECATCHER
COMM,COMM-FAIL-CODE, COMM_FAIL_CODE
COMM,COMM-NAME, COMM_NAME
COMM,COMM-NUMBER, COMM_NUMBER
COMM,COMM-SORTCODE, COMM_SORTCODE
COMM,COMM-SUCCESS, COMM_SUCCESS
COMPST,WS-CHILD-FETCH-COMPST, WS_CHILD_FETCH_COMPST
CONT,WS-PUT-CONT-LEN, WS_PUT_CONT_LEN
CONT,WS-PUT-CONT-NAME, WS_PUT_CONT_NAME
CONTAINER,WS-CHILD-CONTAINER-LEN, WS_CHILD_CONTAINER_LEN
CONTAINER,WS-CONTAINER-NAME, WS_CONTAINER_NAME
CONTROL,CUSTOMER-CONTROL, CUSTOMER_CONTROL
CONTROL,CUSTOMER-CONTROL-KEY, CUSTOMER_CONTROL_KEY
CONTROL,CUSTOMER-CONTROL-NUMBER, CUSTOMER_CONTROL_NUMBER
CONTROL,CUSTOMER-CONTROL-RECORD, CUSTOMER_CONTROL_RECORD
CONTROL,CUSTOMER-CONTROL-SORTCODE, CUSTOMER_CONTROL_SORTCODE
CREDIT,COMM-CREDIT-SCORE, COMM_CREDIT_SCORE
CREDIT,CUSTOMER-CREDIT-SCORE, CUSTOMER_CREDIT_SCORE
CREDIT,WS-CHILD-DATA-CREDIT-SCORE, WS_CHILD_DATA_CREDIT_SCORE
CREDIT,WS-CREDIT-CHECK-ERROR, WS_CREDIT_CHECK_ERROR
CS,COMM-CS-REVIEW-DATE, COMM_CS_REVIEW_DATE
CS,CUSTOMER-CS-REVIEW-DATE, CUSTOMER_CS_REVIEW_DATE
CS,WS-ACTUAL-CS-SCR, WS_ACTUAL_CS_SCR
CS,WS-TOTAL-CS-SCR, WS_TOTAL_CS_SCR
CURRENT,WS-CURRENT-DATE-9, WS_CURRENT_DATE_9
CURRENT,WS-CURRENT-DATE-DATA, WS_CURRENT_DATE_DATA
CUST,NCS-CUST-NO-INC, NCS_CUST_NO_INC
CUST,NCS-CUST-NO-NAME, NCS_CUST_NO_NAME
CUST,NCS-CUST-NO-TEST-SORT, NCS_CUST_NO_TEST_SORT
CUST,NCS-CUST-NO-VALUE, NCS_CUST_NO_VALUE
CUST,REQUIRED-CUST-NUMBER2, REQUIRED_CUST_NUMBER2
CUST,WS-CUST-REC-LEN, WS_CUST_REC_LEN
CUSTNO,STORED-CUSTNO, STORED_CUSTNO
CUSTOMER,CUSTOMER-ADDRESS, CUSTOMER_ADDRESS
CUSTOMER,CUSTOMER-CONTROL, CUSTOMER_CONTROL
CUSTOMER,CUSTOMER-CONTROL-KEY, CUSTOMER_CONTROL_KEY
CUSTOMER,CUSTOMER-CONTROL-NUMBER, CUSTOMER_CONTROL_NUMBER
CUSTOMER,CUSTOMER-CONTROL-RECORD, CUSTOMER_CONTROL_RECORD
CUSTOMER,CUSTOMER-CONTROL-SORTCODE, CUSTOMER_CONTROL_SORTCODE
CUSTOMER,CUSTOMER-CREDIT-SCORE, CUSTOMER_CREDIT_SCORE
CUSTOMER,CUSTOMER-CS-REVIEW-DATE, CUSTOMER_CS_REVIEW_DATE
CUSTOMER,CUSTOMER-DATE-OF-BIRTH, CUSTOMER_DATE_OF_BIRTH
CUSTOMER,CUSTOMER-EYECATCHER, CUSTOMER_EYECATCHER
CUSTOMER,CUSTOMER-KEY, CUSTOMER_KEY
CUSTOMER,CUSTOMER-NAME, CUSTOMER_NAME
CUSTOMER,CUSTOMER-NUMBER, CUSTOMER_NUMBER
CUSTOMER,CUSTOMER-SORTCODE, CUSTOMER_SORTCODE
CUSTOMER,LAST-CUSTOMER-NUMBER, LAST_CUSTOMER_NUMBER
CUSTOMER,WS-CUSTOMER-AGE, WS_CUSTOMER_AGE
CUSTOMERS,NUMBER-OF-CUSTOMERS, NUMBER_OF_CUSTOMERS
DATA,OUTPUT-DATA, OUTPUT_DATA
DATA,WS-CHILD-DATA, WS_CHILD_DATA
DATA,WS-CHILD-DATA-CREDIT-SCORE, WS_CHILD_DATA_CREDIT_SCORE
DATA,WS-CURRENT-DATE-DATA, WS_CURRENT_DATE_DATA
DATE,ABND-DATE, ABND_DATE
DATE,COMM-CS-REVIEW-DATE, COMM_CS_REVIEW_DATE
DATE,COMM-DATE-OF-BIRTH, COMM_DATE_OF_BIRTH
DATE,CUSTOMER-CS-REVIEW-DATE, CUSTOMER_CS_REVIEW_DATE
DATE,CUSTOMER-DATE-OF-BIRTH, CUSTOMER_DATE_OF_BIRTH
DATE,DATE-OF-BIRTH-FOR-CEEDAYS, DATE_OF_BIRTH_FOR_CEEDAYS
DATE,DATE-OF-BIRTH-FORMAT, DATE_OF_BIRTH_FORMAT
DATE,HV-PROCTRAN-DATE, HV_PROCTRAN_DATE
DATE,WS-CURRENT-DATE-9, WS_CURRENT_DATE_9
DATE,WS-CURRENT-DATE-DATA, WS_CURRENT_DATE_DATA
DATE,WS-DATE-OF-BIRTH-ERROR, WS_DATE_OF_BIRTH_ERROR
DATE,WS-DATE-OF-BIRTH-LILLIAN, WS_DATE_OF_BIRTH_LILLIAN
DATE,WS-NEW-REVIEW-DATE-INT, WS_NEW_REVIEW_DATE_INT
DATE,WS-ORIG-DATE, WS_ORIG_DATE
DATE,WS-ORIG-DATE-DD, WS_ORIG_DATE_DD
DATE,WS-ORIG-DATE-GRP-X, WS_ORIG_DATE_GRP_X
DATE,WS-ORIG-DATE-MM, WS_ORIG_DATE_MM
DATE,WS-ORIG-DATE-YYYY, WS_ORIG_DATE_YYYY
DATE,WS-REVIEW-DATE-ADD, WS_REVIEW_DATE_ADD
DAY,CEEDAYS-DAY, CEEDAYS_DAY
DAY,COMM-BIRTH-DAY, COMM_BIRTH_DAY
DD,WS-ORIG-DATE-DD, WS_ORIG_DATE_DD
DESC,HV-PROCTRAN-DESC, HV_PROCTRAN_DESC
DISPLAY,SQLCODE-DISPLAY, SQLCODE_DISPLAY
DOB,STORED-DOB, STORED_DOB
EIBTASKN12,WS-EIBTASKN12, WS_EIBTASKN12
ERROR,WS-CREDIT-CHECK-ERROR, WS_CREDIT_CHECK_ERROR
ERROR,WS-DATE-OF-BIRTH-ERROR, WS_DATE_OF_BIRTH_ERROR
EYECATCHER,COMM-EYECATCHER, COMM_EYECATCHER
EYECATCHER,CUSTOMER-EYECATCHER, CUSTOMER_EYECATCHER
EYECATCHER,HV-PROCTRAN-EYECATCHER, HV_PROCTRAN_EYECATCHER
FAIL,COMM-FAIL-CODE, COMM_FAIL_CODE
FETCH,WS-ANY-CHILD-FETCH-ABCODE, WS_ANY_CHILD_FETCH_ABCODE
FETCH,WS-ANY-CHILD-FETCH-CHAN, WS_ANY_CHILD_FETCH_CHAN
FETCH,WS-ANY-CHILD-FETCH-TKN, WS_ANY_CHILD_FETCH_TKN
FETCH,WS-CHILD-FETCH-COMPST, WS_CHILD_FETCH_COMPST
FETCHING,WS-FINISHED-FETCHING, WS_FINISHED_FETCHING
FINISHED,WS-FINISHED-FETCHING, WS_FINISHED_FETCHING
FOR,DATE-OF-BIRTH-FOR-CEEDAYS, DATE_OF_BIRTH_FOR_CEEDAYS
FORMAT,DATE-OF-BIRTH-FORMAT, DATE_OF_BIRTH_FORMAT
FREEFORM,ABND-FREEFORM, ABND_FREEFORM
GREGORIAN,WS-TODAY-GREGORIAN, WS_TODAY_GREGORIAN
GRP,WS-ORIG-DATE-GRP-X, WS_ORIG_DATE_GRP_X
GRP,WS-TIME-NOW-GRP-HH, WS_TIME_NOW_GRP_HH
GRP,WS-TIME-NOW-GRP-MM, WS_TIME_NOW_GRP_MM
HH,WS-TIME-NOW-GRP-HH, WS_TIME_NOW_GRP_HH
HOST,HOST-PROCTRAN-ROW, HOST_PROCTRAN_ROW
HV,HV-PROCTRAN-ACC-NUMBER, HV_PROCTRAN_ACC_NUMBER
HV,HV-PROCTRAN-AMOUNT, HV_PROCTRAN_AMOUNT
HV,HV-PROCTRAN-DATE, HV_PROCTRAN_DATE
HV,HV-PROCTRAN-DESC, HV_PROCTRAN_DESC
HV,HV-PROCTRAN-EYECATCHER, HV_PROCTRAN_EYECATCHER
HV,HV-PROCTRAN-REF, HV_PROCTRAN_REF
HV,HV-PROCTRAN-SORT-CODE, HV_PROCTRAN_SORT_CODE
HV,HV-PROCTRAN-TIME, HV_PROCTRAN_TIME
HV,HV-PROCTRAN-TYPE, HV_PROCTRAN_TYPE
INC,NCS-CUST-NO-INC, NCS_CUST_NO_INC
INT,WS-NEW-REVIEW-DATE-INT, WS_NEW_REVIEW_DATE_INT
INT,WS-TODAY-INT, WS_TODAY_INT
ISSUED,WS-CHILD-ISSUED-CNT, WS_CHILD_ISSUED_CNT
KEY,ABND-TASKNO-KEY, ABND_TASKNO_KEY
KEY,ABND-UTIME-KEY, ABND_UTIME_KEY
KEY,CUSTOMER-CONTROL-KEY, CUSTOMER_CONTROL_KEY
KEY,CUSTOMER-KEY, CUSTOMER_KEY
LAST,LAST-CUSTOMER-NUMBER, LAST_CUSTOMER_NUMBER
LEN,WS-CHILD-CONTAINER-LEN, WS_CHILD_CONTAINER_LEN
LEN,WS-CUST-REC-LEN, WS_CUST_REC_LEN
LEN,WS-PUT-CONT-LEN, WS_PUT_CONT_LEN
LILLIAN,WS-DATE-OF-BIRTH-LILLIAN, WS_DATE_OF_BIRTH_LILLIAN
LILLIAN,WS-TODAY-LILLIAN, WS_TODAY_LILLIAN
MM,WS-ORIG-DATE-MM, WS_ORIG_DATE_MM
MM,WS-TIME-NOW-GRP-MM, WS_TIME_NOW_GRP_MM
MONTH,CEEDAYS-MONTH, CEEDAYS_MONTH
MONTH,COMM-BIRTH-MONTH, COMM_BIRTH_MONTH
MSG,MSG-NO, MSG_NO
NAME,COMM-NAME, COMM_NAME
NAME,CUSTOMER-NAME, CUSTOMER_NAME
NAME,NCS-CUST-NO-NAME, NCS_CUST_NO_NAME
NAME,STORED-NAME, STORED_NAME
NAME,WS-CHANNEL-NAME, WS_CHANNEL_NAME
NAME,WS-CONTAINER-NAME, WS_CONTAINER_NAME
NAME,WS-PUT-CONT-NAME, WS_PUT_CONT_NAME
NCS,NCS-CUST-NO-INC, NCS_CUST_NO_INC
NCS,NCS-CUST-NO-NAME, NCS_CUST_NO_NAME
NCS,NCS-CUST-NO-TEST-SORT, NCS_CUST_NO_TEST_SORT
NCS,NCS-CUST-NO-VALUE, NCS_CUST_NO_VALUE
NCS,NCS-UPDATED, NCS_UPDATED
NEW,WS-NEW-REVIEW-DATE-INT, WS_NEW_REVIEW_DATE_INT
NEW,WS-NEW-REVIEW-YYYYMMDD, WS_NEW_REVIEW_YYYYMMDD
NO,MSG-NO, MSG_NO
NO,NCS-CUST-NO-INC, NCS_CUST_NO_INC
NO,NCS-CUST-NO-NAME, NCS_CUST_NO_NAME
NO,NCS-CUST-NO-TEST-SORT, NCS_CUST_NO_TEST_SORT
NO,NCS-CUST-NO-VALUE, NCS_CUST_NO_VALUE
NOW,WS-TIME-NOW, WS_TIME_NOW
NOW,WS-TIME-NOW-GRP-HH, WS_TIME_NOW_GRP_HH
NOW,WS-TIME-NOW-GRP-MM, WS_TIME_NOW_GRP_MM
NUMBER,COMM-NUMBER, COMM_NUMBER
NUMBER,CUSTOMER-CONTROL-NUMBER, CUSTOMER_CONTROL_NUMBER
NUMBER,CUSTOMER-NUMBER, CUSTOMER_NUMBER
NUMBER,HV-PROCTRAN-ACC-NUMBER, HV_PROCTRAN_ACC_NUMBER
NUMBER,LAST-CUSTOMER-NUMBER, LAST_CUSTOMER_NUMBER
NUMBER,NUMBER-OF-CUSTOMERS, NUMBER_OF_CUSTOMERS
NUMBER2,REQUIRED-CUST-NUMBER2, REQUIRED_CUST_NUMBER2
OF,COMM-DATE-OF-BIRTH, COMM_DATE_OF_BIRTH
OF,CUSTOMER-DATE-OF-BIRTH, CUSTOMER_DATE_OF_BIRTH
OF,DATE-OF-BIRTH-FOR-CEEDAYS, DATE_OF_BIRTH_FOR_CEEDAYS
OF,DATE-OF-BIRTH-FORMAT, DATE_OF_BIRTH_FORMAT
OF,NUMBER-OF-CUSTOMERS, NUMBER_OF_CUSTOMERS
OF,WS-DATE-OF-BIRTH-ERROR, WS_DATE_OF_BIRTH_ERROR
OF,WS-DATE-OF-BIRTH-LILLIAN, WS_DATE_OF_BIRTH_LILLIAN
ORIG,WS-ORIG-DATE, WS_ORIG_DATE
ORIG,WS-ORIG-DATE-DD, WS_ORIG_DATE_DD
ORIG,WS-ORIG-DATE-GRP-X, WS_ORIG_DATE_GRP_X
ORIG,WS-ORIG-DATE-MM, WS_ORIG_DATE_MM
ORIG,WS-ORIG-DATE-YYYY, WS_ORIG_DATE_YYYY
OUTPUT,OUTPUT-DATA, OUTPUT_DATA
PGM,WS-ABEND-PGM, WS_ABEND_PGM
PROC,PROC-TRAN-TIME, PROC_TRAN_TIME
PROCTRAN,HOST-PROCTRAN-ROW, HOST_PROCTRAN_ROW
PROCTRAN,HV-PROCTRAN-ACC-NUMBER, HV_PROCTRAN_ACC_NUMBER
PROCTRAN,HV-PROCTRAN-AMOUNT, HV_PROCTRAN_AMOUNT
PROCTRAN,HV-PROCTRAN-DATE, HV_PROCTRAN_DATE
PROCTRAN,HV-PROCTRAN-DESC, HV_PROCTRAN_DESC
PROCTRAN,HV-PROCTRAN-EYECATCHER, HV_PROCTRAN_EYECATCHER
PROCTRAN,HV-PROCTRAN-REF, HV_PROCTRAN_REF
PROCTRAN,HV-PROCTRAN-SORT-CODE, HV_PROCTRAN_SORT_CODE
PROCTRAN,HV-PROCTRAN-TIME, HV_PROCTRAN_TIME
PROCTRAN,HV-PROCTRAN-TYPE, HV_PROCTRAN_TYPE
PROGRAM,ABND-PROGRAM, ABND_PROGRAM
PUT,WS-PUT-CONT-LEN, WS_PUT_CONT_LEN
PUT,WS-PUT-CONT-NAME, WS_PUT_CONT_NAME
REC,ABNDINFO-REC, ABNDINFO_REC
REC,WS-CUST-REC-LEN, WS_CUST_REC_LEN
RECORD,CUSTOMER-CONTROL-RECORD, CUSTOMER_CONTROL_RECORD
REF,HV-PROCTRAN-REF, HV_PROCTRAN_REF
REQUIRED,REQUIRED-CUST-NUMBER2, REQUIRED_CUST_NUMBER2
REQUIRED,REQUIRED-SORT-CODE, REQUIRED_SORT_CODE
RESP,WS-CICS-RESP, WS_CICS_RESP
RESP2,WS-CICS-RESP2, WS_CICS_RESP2
RESP2CODE,ABND-RESP2CODE, ABND_RESP2CODE
RESPCODE,ABND-RESPCODE, ABND_RESPCODE
RETRIEVED,WS-RETRIEVED-CNT, WS_RETRIEVED_CNT
RETRY,SYSIDERR-RETRY, SYSIDERR_RETRY
REVIEW,COMM-CS-REVIEW-DATE, COMM_CS_REVIEW_DATE
REVIEW,CUSTOMER-CS-REVIEW-DATE, CUSTOMER_CS_REVIEW_DATE
REVIEW,WS-NEW-REVIEW-DATE-INT, WS_NEW_REVIEW_DATE_INT
REVIEW,WS-NEW-REVIEW-YYYYMMDD, WS_NEW_REVIEW_YYYYMMDD
REVIEW,WS-REVIEW-DATE-ADD, WS_REVIEW_DATE_ADD
ROW,HOST-PROCTRAN-ROW, HOST_PROCTRAN_ROW
RUN,WS-RUN-TRANSID, WS_RUN_TRANSID
SCORE,COMM-CREDIT-SCORE, COMM_CREDIT_SCORE
SCORE,CUSTOMER-CREDIT-SCORE, CUSTOMER_CREDIT_SCORE
SCORE,WS-CHILD-DATA-CREDIT-SCORE, WS_CHILD_DATA_CREDIT_SCORE
SCR,WS-ACTUAL-CS-SCR, WS_ACTUAL_CS_SCR
SCR,WS-TOTAL-CS-SCR, WS_TOTAL_CS_SCR
SECONDS,WS-TODAY-SECONDS, WS_TODAY_SECONDS
SEED,WS-SEED, WS_SEED
SORT,HV-PROCTRAN-SORT-CODE, HV_PROCTRAN_SORT_CODE
SORT,NCS-CUST-NO-TEST-SORT, NCS_CUST_NO_TEST_SORT
SORT,REQUIRED-SORT-CODE, REQUIRED_SORT_CODE
SORTCODE,COMM-SORTCODE, COMM_SORTCODE
SORTCODE,CUSTOMER-CONTROL-SORTCODE, CUSTOMER_CONTROL_SORTCODE
SORTCODE,CUSTOMER-SORTCODE, CUSTOMER_SORTCODE
SORTCODE,STORED-SORTCODE, STORED_SORTCODE
SQLCODE,ABND-SQLCODE, ABND_SQLCODE
SQLCODE,SQLCODE-DISPLAY, SQLCODE_DISPLAY
STORED,STORED-CUSTNO, STORED_CUSTNO
STORED,STORED-DOB, STORED_DOB
STORED,STORED-NAME, STORED_NAME
STORED,STORED-SORTCODE, STORED_SORTCODE
SUCCESS,COMM-SUCCESS, COMM_SUCCESS
SYSIDERR,SYSIDERR-RETRY, SYSIDERR_RETRY
TASKNO,ABND-TASKNO-KEY, ABND_TASKNO_KEY
TEST,NCS-CUST-NO-TEST-SORT, NCS_CUST_NO_TEST_SORT
TIME,ABND-TIME, ABND_TIME
TIME,HV-PROCTRAN-TIME, HV_PROCTRAN_TIME
TIME,PROC-TRAN-TIME, PROC_TRAN_TIME
TIME,WS-TIME-NOW, WS_TIME_NOW
TIME,WS-TIME-NOW-GRP-HH, WS_TIME_NOW_GRP_HH
TIME,WS-TIME-NOW-GRP-MM, WS_TIME_NOW_GRP_MM
TIME,WS-U-TIME, WS_U_TIME
TKN,WS-ANY-CHILD-FETCH-TKN, WS_ANY_CHILD_FETCH_TKN
TKN,WS-ANY-CHILD-TKN, WS_ANY_CHILD_TKN
TKN,WS-CHILD-TKN, WS_CHILD_TKN
TODAY,WS-TODAY-G-YEAR, WS_TODAY_G_YEAR
TODAY,WS-TODAY-GREGORIAN, WS_TODAY_GREGORIAN
TODAY,WS-TODAY-INT, WS_TODAY_INT
TODAY,WS-TODAY-LILLIAN, WS_TODAY_LILLIAN
TODAY,WS-TODAY-SECONDS, WS_TODAY_SECONDS
TOTAL,WS-TOTAL-CS-SCR, WS_TOTAL_CS_SCR
TRAN,PROC-TRAN-TIME, PROC_TRAN_TIME
TRANID,ABND-TRANID, ABND_TRANID
TRANSID,WS-RUN-TRANSID, WS_RUN_TRANSID
TYPE,HV-PROCTRAN-TYPE, HV_PROCTRAN_TYPE
UPDATED,NCS-UPDATED, NCS_UPDATED
UTIME,ABND-UTIME-KEY, ABND_UTIME_KEY
VALUE,NCS-CUST-NO-VALUE, NCS_CUST_NO_VALUE
WS,WS-ABEND-PGM, WS_ABEND_PGM
WS,WS-ACTUAL-CS-SCR, WS_ACTUAL_CS_SCR
WS,WS-ANY-CHILD-FETCH-ABCODE, WS_ANY_CHILD_FETCH_ABCODE
WS,WS-ANY-CHILD-FETCH-CHAN, WS_ANY_CHILD_FETCH_CHAN
WS,WS-ANY-CHILD-FETCH-TKN, WS_ANY_CHILD_FETCH_TKN
WS,WS-ANY-CHILD-TKN, WS_ANY_CHILD_TKN
WS,WS-CC-CNT, WS_CC_CNT
WS,WS-CHANNEL-NAME, WS_CHANNEL_NAME
WS,WS-CHILD-CHAN, WS_CHILD_CHAN
WS,WS-CHILD-CONTAINER-LEN, WS_CHILD_CONTAINER_LEN
WS,WS-CHILD-DATA, WS_CHILD_DATA
WS,WS-CHILD-DATA-CREDIT-SCORE, WS_CHILD_DATA_CREDIT_SCORE
WS,WS-CHILD-FETCH-COMPST, WS_CHILD_FETCH_COMPST
WS,WS-CHILD-ISSUED-CNT, WS_CHILD_ISSUED_CNT
WS,WS-CHILD-TKN, WS_CHILD_TKN
WS,WS-CICS-RESP, WS_CICS_RESP
WS,WS-CICS-RESP2, WS_CICS_RESP2
WS,WS-CONTAINER-NAME, WS_CONTAINER_NAME
WS,WS-CREDIT-CHECK-ERROR, WS_CREDIT_CHECK_ERROR
WS,WS-CURRENT-DATE-9, WS_CURRENT_DATE_9
WS,WS-CURRENT-DATE-DATA, WS_CURRENT_DATE_DATA
WS,WS-CUST-REC-LEN, WS_CUST_REC_LEN
WS,WS-CUSTOMER-AGE, WS_CUSTOMER_AGE
WS,WS-DATE-OF-BIRTH-ERROR, WS_DATE_OF_BIRTH_ERROR
WS,WS-DATE-OF-BIRTH-LILLIAN, WS_DATE_OF_BIRTH_LILLIAN
WS,WS-EIBTASKN12, WS_EIBTASKN12
WS,WS-FINISHED-FETCHING, WS_FINISHED_FETCHING
WS,WS-NEW-REVIEW-DATE-INT, WS_NEW_REVIEW_DATE_INT
WS,WS-NEW-REVIEW-YYYYMMDD, WS_NEW_REVIEW_YYYYMMDD
WS,WS-ORIG-DATE, WS_ORIG_DATE
WS,WS-ORIG-DATE-DD, WS_ORIG_DATE_DD
WS,WS-ORIG-DATE-GRP-X, WS_ORIG_DATE_GRP_X
WS,WS-ORIG-DATE-MM, WS_ORIG_DATE_MM
WS,WS-ORIG-DATE-YYYY, WS_ORIG_DATE_YYYY
WS,WS-PUT-CONT-LEN, WS_PUT_CONT_LEN
WS,WS-PUT-CONT-NAME, WS_PUT_CONT_NAME
WS,WS-RETRIEVED-CNT, WS_RETRIEVED_CNT
WS,WS-REVIEW-DATE-ADD, WS_REVIEW_DATE_ADD
WS,WS-RUN-TRANSID, WS_RUN_TRANSID
WS,WS-SEED, WS_SEED
WS,WS-TIME-NOW, WS_TIME_NOW
WS,WS-TIME-NOW-GRP-HH, WS_TIME_NOW_GRP_HH
WS,WS-TIME-NOW-GRP-MM, WS_TIME_NOW_GRP_MM
WS,WS-TODAY-G-YEAR, WS_TODAY_G_YEAR
WS,WS-TODAY-GREGORIAN, WS_TODAY_GREGORIAN
WS,WS-TODAY-INT, WS_TODAY_INT
WS,WS-TODAY-LILLIAN, WS_TODAY_LILLIAN
WS,WS-TODAY-SECONDS, WS_TODAY_SECONDS
WS,WS-TOTAL-CS-SCR, WS_TOTAL_CS_SCR
WS,WS-U-TIME, WS_U_TIME
YEAR,CEEDAYS-YEAR, CEEDAYS_YEAR
YEAR,COMM-BIRTH-YEAR, COMM_BIRTH_YEAR
YEAR,WS-TODAY-G-YEAR, WS_TODAY_G_YEAR
YYYY,WS-ORIG-DATE-YYYY, WS_ORIG_DATE_YYYY
YYYYMMDD,WS-NEW-REVIEW-YYYYMMDD, WS_NEW_REVIEW_YYYYMMDD
