Abbreviation, Program Term, Business Term
ABEND,ABEND-HANDLING, ABEND_HANDLING
ABEND,MY-ABEND-CODE, MY_ABEND_CODE
ABEND,WS-ABEND-PGM, WS_ABEND_PGM
ABND,ABND-APPLID, ABND_APPLID
ABND,ABND-CODE, ABND_CODE
ABND,ABND-DATE, ABND_DATE
ABND,ABND-FREEFORM, ABND_FREEFORM
ABND,ABND-PROGRAM, ABND_PROGRAM
ABND,ABND-RESP2CODE, ABND_RESP2CODE
ABND,ABND-RESPCODE, ABND_RESPCODE
ABND,ABND-SQLCODE, ABND_SQLCODE
ABND,ABND-TASKNO-KEY, ABND_TASKNO_KEY
ABND,ABND-TIME, ABND_TIME
ABND,ABND-TRANID, ABND_TRANID
ABND,ABND-UTIME-KEY, ABND_UTIME_KEY
ABNDINFO,ABNDINFO-REC, ABNDINFO_REC
ACC,DESIRED-ACC-NO, DESIRED_ACC_NO
ACC,HV-ACCOUNT-ACC-NO, HV_ACCOUNT_ACC_NO
ACC,HV-ACCOUNT-ACC-TYPE, HV_ACCOUNT_ACC_TYPE
ACC,HV-PROCTRAN-ACC-NUMBER, HV_PROCTRAN_ACC_NUMBER
ACCNO,COMM-ACCNO, COMM_ACCNO
ACCOUNT,HV-ACCOUNT-ACC-NO, HV_ACCOUNT_ACC_NO
ACCOUNT,HV-ACCOUNT-ACC-TYPE, HV_ACCOUNT_ACC_TYPE
ACCOUNT,HV-ACCOUNT-ACTUAL-BAL, HV_ACCOUNT_ACTUAL_BAL
ACCOUNT,HV-ACCOUNT-AVAIL-BAL, HV_ACCOUNT_AVAIL_BAL
ACCOUNT,HV-ACCOUNT-CUST-NO, HV_ACCOUNT_CUST_NO
ACCOUNT,HV-ACCOUNT-EYECATCHER, HV_ACCOUNT_EYECATCHER
ACCOUNT,HV-ACCOUNT-INT-RATE, HV_ACCOUNT_INT_RATE
ACCOUNT,HV-ACCOUNT-LAST-STMT, HV_ACCOUNT_LAST_STMT
ACCOUNT,HV-ACCOUNT-NEXT-STMT, HV_ACCOUNT_NEXT_STMT
ACCOUNT,HV-ACCOUNT-OPENED, HV_ACCOUNT_OPENED
ACCOUNT,HV-ACCOUNT-OVERDRAFT-LIM, HV_ACCOUNT_OVERDRAFT_LIM
ACCOUNT,HV-ACCOUNT-SORTCODE, HV_ACCOUNT_SORTCODE
ACT,COMM-ACT-BAL, COMM_ACT_BAL
ACTUAL,HV-ACCOUNT-ACTUAL-BAL, HV_ACCOUNT_ACTUAL_BAL
AMOUNT,HV-PROCTRAN-AMOUNT, HV_PROCTRAN_AMOUNT
AMT,COMM-AMT, COMM_AMT
APPLID,ABND-APPLID, ABND_APPLID
AV,COMM-AV-BAL, COMM_AV_BAL
AVAIL,HV-ACCOUNT-AVAIL-BAL, HV_ACCOUNT_AVAIL_BAL
BAL,COMM-ACT-BAL, COMM_ACT_BAL
BAL,COMM-AV-BAL, COMM_AV_BAL
BAL,HV-ACCOUNT-ACTUAL-BAL, HV_ACCOUNT_ACTUAL_BAL
BAL,HV-ACCOUNT-AVAIL-BAL, HV_ACCOUNT_AVAIL_BAL
CICS,WS-CICS-RESP, WS_CICS_RESP
CICS,WS-CICS-RESP2, WS_CICS_RESP2
CODE,ABND-CODE, ABND_CODE
CODE,COMM-FAIL-CODE, COMM_FAIL_CODE
CODE,DESIRED-SORT-CODE, DESIRED_SORT_CODE
CODE,HV-PROCTRAN-SORT-CODE, HV_PROCTRAN_SORT_CODE
CODE,MY-ABEND-CODE, MY_ABEND_CODE
COMM,COMM-ACCNO, COMM_ACCNO
COMM,COMM-ACT-BAL, COMM_ACT_BAL
COMM,COMM-AMT, COMM_AMT
COMM,COMM-AV-BAL, COMM_AV_BAL
COMM,COMM-FACILTYPE, COMM_FACILTYPE
COMM,COMM-FAIL-CODE, COMM_FAIL_CODE
COMM,COMM-ORIGIN, COMM_ORIGIN
COMM,COMM-SORTC, COMM_SORTC
COMM,COMM-SUCCESS, COMM_SUCCESS
CONDITION,STORM-DRAIN-CONDITION, STORM_DRAIN_CONDITION
CUST,HV-ACCOUNT-CUST-NO, HV_ACCOUNT_CUST_NO
DATE,ABND-DATE, ABND_DATE
DATE,HV-PROCTRAN-DATE, HV_PROCTRAN_DATE
DATE,WS-ORIG-DATE, WS_ORIG_DATE
DATE,WS-ORIG-DATE-GRP-X, WS_ORIG_DATE_GRP_X
DESC,HV-PROCTRAN-DESC, HV_PROCTRAN_DESC
DESIRED,DESIRED-ACC-NO, DESIRED_ACC_NO
DESIRED,DESIRED-SORT-CODE, DESIRED_SORT_CODE
DIFFERENCE,WS-DIFFERENCE, WS_DIFFERENCE
DISPLAY,SQLCODE-DISPLAY, SQLCODE_DISPLAY
DRAIN,STORM-DRAIN-CONDITION, STORM_DRAIN_CONDITION
DRAIN,WS-STORM-DRAIN, WS_STORM_DRAIN
EIBTASKN12,WS-EIBTASKN12, WS_EIBTASKN12
EYECATCHER,HV-ACCOUNT-EYECATCHER, HV_ACCOUNT_EYECATCHER
EYECATCHER,HV-PROCTRAN-EYECATCHER, HV_PROCTRAN_EYECATCHER
FACILTYPE,COMM-FACILTYPE, COMM_FACILTYPE
FAIL,COMM-FAIL-CODE, COMM_FAIL_CODE
FREEFORM,ABND-FREEFORM, ABND_FREEFORM
GRP,WS-ORIG-DATE-GRP-X, WS_ORIG_DATE_GRP_X
GRP,WS-TIME-NOW-GRP-HH, WS_TIME_NOW_GRP_HH
GRP,WS-TIME-NOW-GRP-MM, WS_TIME_NOW_GRP_MM
HANDLING,ABEND-HANDLING, ABEND_HANDLING
HH,WS-TIME-NOW-GRP-HH, WS_TIME_NOW_GRP_HH
HOST,HOST-PROCTRAN-ROW, HOST_PROCTRAN_ROW
HV,HV-ACCOUNT-ACC-NO, HV_ACCOUNT_ACC_NO
HV,HV-ACCOUNT-ACC-TYPE, HV_ACCOUNT_ACC_TYPE
HV,HV-ACCOUNT-ACTUAL-BAL, HV_ACCOUNT_ACTUAL_BAL
HV,HV-ACCOUNT-AVAIL-BAL, HV_ACCOUNT_AVAIL_BAL
HV,HV-ACCOUNT-CUST-NO, HV_ACCOUNT_CUST_NO
HV,HV-ACCOUNT-EYECATCHER, HV_ACCOUNT_EYECATCHER
HV,HV-ACCOUNT-INT-RATE, HV_ACCOUNT_INT_RATE
HV,HV-ACCOUNT-LAST-STMT, HV_ACCOUNT_LAST_STMT
HV,HV-ACCOUNT-NEXT-STMT, HV_ACCOUNT_NEXT_STMT
HV,HV-ACCOUNT-OPENED, HV_ACCOUNT_OPENED
HV,HV-ACCOUNT-OVERDRAFT-LIM, HV_ACCOUNT_OVERDRAFT_LIM
HV,HV-ACCOUNT-SORTCODE, HV_ACCOUNT_SORTCODE
HV,HV-PROCTRAN-ACC-NUMBER, HV_PROCTRAN_ACC_NUMBER
HV,HV-PROCTRAN-AMOUNT, HV_PROCTRAN_AMOUNT
HV,HV-PROCTRAN-DATE, HV_PROCTRAN_DATE
HV,HV-PROCTRAN-DESC, HV_PROCTRAN_DESC
HV,HV-PROCTRAN-EYECATCHER, HV_PROCTRAN_EYECATCHER
HV,HV-PROCTRAN-REF, HV_PROCTRAN_REF
HV,HV-PROCTRAN-SORT-CODE, HV_PROCTRAN_SORT_CODE
HV,HV-PROCTRAN-TIME, HV_PROCTRAN_TIME
HV,HV-PROCTRAN-TYPE, HV_PROCTRAN_TYPE
INT,HV-ACCOUNT-INT-RATE, HV_ACCOUNT_INT_RATE
KEY,ABND-TASKNO-KEY, ABND_TASKNO_KEY
KEY,ABND-UTIME-KEY, ABND_UTIME_KEY
LAST,HV-ACCOUNT-LAST-STMT, HV_ACCOUNT_LAST_STMT
LIM,HV-ACCOUNT-OVERDRAFT-LIM, HV_ACCOUNT_OVERDRAFT_LIM
MM,WS-TIME-NOW-GRP-MM, WS_TIME_NOW_GRP_MM
MY,MY-ABEND-CODE, MY_ABEND_CODE
NEXT,HV-ACCOUNT-NEXT-STMT, HV_ACCOUNT_NEXT_STMT
NO,DESIRED-ACC-NO, DESIRED_ACC_NO
NO,HV-ACCOUNT-ACC-NO, HV_ACCOUNT_ACC_NO
NO,HV-ACCOUNT-CUST-NO, HV_ACCOUNT_CUST_NO
NOW,WS-TIME-NOW, WS_TIME_NOW
NOW,WS-TIME-NOW-GRP-HH, WS_TIME_NOW_GRP_HH
NOW,WS-TIME-NOW-GRP-MM, WS_TIME_NOW_GRP_MM
NUMBER,HV-PROCTRAN-ACC-NUMBER, HV_PROCTRAN_ACC_NUMBER
OPENED,HV-ACCOUNT-OPENED, HV_ACCOUNT_OPENED
ORIG,WS-ORIG-DATE, WS_ORIG_DATE
ORIG,WS-ORIG-DATE-GRP-X, WS_ORIG_DATE_GRP_X
ORIGIN,COMM-ORIGIN, COMM_ORIGIN
OVERDRAFT,HV-ACCOUNT-OVERDRAFT-LIM, HV_ACCOUNT_OVERDRAFT_LIM
PGM,WS-ABEND-PGM, WS_ABEND_PGM
PROCTRAN,HOST-PROCTRAN-ROW, HOST_PROCTRAN_ROW
PROCTRAN,HV-PROCTRAN-ACC-NUMBER, HV_PROCTRAN_ACC_NUMBER
PROCTRAN,HV-PROCTRAN-AMOUNT, HV_PROCTRAN_AMOUNT
PROCTRAN,HV-PROCTRAN-DATE, HV_PROCTRAN_DATE
PROCTRAN,HV-PROCTRAN-DESC, HV_PROCTRAN_DESC
PROCTRAN,HV-PROCTRAN-EYECATCHER, HV_PROCTRAN_EYECATCHER
PROCTRAN,HV-PROCTRAN-REF, HV_PROCTRAN_REF
PROCTRAN,HV-PROCTRAN-SORT-CODE, HV_PROCTRAN_SORT_CODE
PROCTRAN,HV-PROCTRAN-TIME, HV_PROCTRAN_TIME
PROCTRAN,HV-PROCTRAN-TYPE, HV_PROCTRAN_TYPE
PROGRAM,ABND-PROGRAM, ABND_PROGRAM
RATE,HV-ACCOUNT-INT-RATE, HV_ACCOUNT_INT_RATE
REC,ABNDINFO-REC, ABNDINFO_REC
REF,HV-PROCTRAN-REF, HV_PROCTRAN_REF
RESP,WS-CICS-RESP, WS_CICS_RESP
RESP2,WS-CICS-RESP2, WS_CICS_RESP2
RESP2CODE,ABND-RESP2CODE, ABND_RESP2CODE
RESPCODE,ABND-RESPCODE, ABND_RESPCODE
ROW,HOST-PROCTRAN-ROW, HOST_PROCTRAN_ROW
SORT,DESIRED-SORT-CODE, DESIRED_SORT_CODE
SORT,HV-PROCTRAN-SORT-CODE, HV_PROCTRAN_SORT_CODE
SORTC,COMM-SORTC, COMM_SORTC
SORTCODE,HV-ACCOUNT-SORTCODE, HV_ACCOUNT_SORTCODE
SQLCODE,ABND-SQLCODE, ABND_SQLCODE
SQLCODE,SQLCODE-DISPLAY, SQLCODE_DISPLAY
STMT,HV-ACCOUNT-LAST-STMT, HV_ACCOUNT_LAST_STMT
STMT,HV-ACCOUNT-NEXT-STMT, HV_ACCOUNT_NEXT_STMT
STORM,STORM-DRAIN-CONDITION, STORM_DRAIN_CONDITION
STORM,WS-STORM-DRAIN, WS_STORM_DRAIN
SUCCESS,COMM-SUCCESS, COMM_SUCCESS
TASKNO,ABND-TASKNO-KEY, ABND_TASKNO_KEY
TIME,ABND-TIME, ABND_TIME
TIME,HV-PROCTRAN-TIME, HV_PROCTRAN_TIME
TIME,WS-TIME-NOW, WS_TIME_NOW
TIME,WS-TIME-NOW-GRP-HH, WS_TIME_NOW_GRP_HH
TIME,WS-TIME-NOW-GRP-MM, WS_TIME_NOW_GRP_MM
TIME,WS-U-TIME, WS_U_TIME
TRANID,ABND-TRANID, ABND_TRANID
TYPE,HV-ACCOUNT-ACC-TYPE, HV_ACCOUNT_ACC_TYPE
TYPE,HV-PROCTRAN-TYPE, HV_PROCTRAN_TYPE
UTIME,ABND-UTIME-KEY, ABND_UTIME_KEY
WS,WS-ABEND-PGM, WS_ABEND_PGM
WS,WS-CICS-RESP, WS_CICS_RESP
WS,WS-CICS-RESP2, WS_CICS_RESP2
WS,WS-DIFFERENCE, WS_DIFFERENCE
WS,WS-EIBTASKN12, WS_EIBTASKN12
WS,WS-ORIG-DATE, WS_ORIG_DATE
WS,WS-ORIG-DATE-GRP-X, WS_ORIG_DATE_GRP_X
WS,WS-STORM-DRAIN, WS_STORM_DRAIN
WS,WS-TIME-NOW, WS_TIME_NOW
WS,WS-TIME-NOW-GRP-HH, WS_TIME_NOW_GRP_HH
WS,WS-TIME-NOW-GRP-MM, WS_TIME_NOW_GRP_MM
WS,WS-U-TIME, WS_U_TIME
