Abbreviation, Program Term, Business Term
ABEND,WS-ABEND-PGM, WS_ABEND_PGM
ABND,ABND-APPLID, ABND_APPLID
ABND,ABND-CODE, ABND_CODE
ABND,ABND-DATE, ABND_DATE
ABND,ABND-FREEFORM, ABND_FREEFORM
ABND,ABND-PROGRAM, ABND_PROGRAM
ABND,ABND-RESP2CODE, ABND_RESP2CODE
ABND,ABND-RESPCODE, ABND_RESPCODE
ABND,ABND-SQLCODE, ABND_SQLCODE
ABND,ABND-TASKNO-KEY, ABND_TASKNO_KEY
ABND,ABND-TIME, ABND_TIME
ABND,ABND-TRANID, ABND_TRANID
ABND,ABND-UTIME-KEY, ABND_UTIME_KEY
ABNDINFO,ABNDINFO-REC, ABNDINFO_REC
ACC,DELACC-ACC-TYPE, DELACC_ACC_TYPE
ACC,HV-ACCOUNT-ACC-NO, HV_ACCOUNT_ACC_NO
ACC,HV-ACCOUNT-ACC-TYPE, HV_ACCOUNT_ACC_TYPE
ACC,HV-PROCTRAN-ACC-NUMBER, HV_PROCTRAN_ACC_NUMBER
ACCNO,DELACC-ACCNO, DELACC_ACCNO
ACCOUNT,ACCOUNT-ACT-BAL-STORE, ACCOUNT_ACT_BAL_STORE
ACCOUNT,ACCOUNT-ACTUAL-BALANCE, ACCOUNT_ACTUAL_BALANCE
ACCOUNT,ACCOUNT-AVAILABLE-BALANCE, ACCOUNT_AVAILABLE_BALANCE
ACCOUNT,ACCOUNT-CUST-NO, ACCOUNT_CUST_NO
ACCOUNT,ACCOUNT-EYE-CATCHER, ACCOUNT_EYE_CATCHER
ACCOUNT,ACCOUNT-INTEREST-RATE, ACCOUNT_INTEREST_RATE
ACCOUNT,ACCOUNT-LAST-STMT-DATE, ACCOUNT_LAST_STMT_DATE
ACCOUNT,ACCOUNT-LAST-STMT-DAY, ACCOUNT_LAST_STMT_DAY
ACCOUNT,ACCOUNT-LAST-STMT-MONTH, ACCOUNT_LAST_STMT_MONTH
ACCOUNT,ACCOUNT-LAST-STMT-YEAR, ACCOUNT_LAST_STMT_YEAR
ACCOUNT,ACCOUNT-NEXT-STMT-DATE, ACCOUNT_NEXT_STMT_DATE
ACCOUNT,ACCOUNT-NEXT-STMT-DAY, ACCOUNT_NEXT_STMT_DAY
ACCOUNT,ACCOUNT-NEXT-STMT-MONTH, ACCOUNT_NEXT_STMT_MONTH
ACCOUNT,ACCOUNT-NEXT-STMT-YEAR, ACCOUNT_NEXT_STMT_YEAR
ACCOUNT,ACCOUNT-NUMBER, ACCOUNT_NUMBER
ACCOUNT,ACCOUNT-OPENED, ACCOUNT_OPENED
ACCOUNT,ACCOUNT-OPENED-DAY, ACCOUNT_OPENED_DAY
ACCOUNT,ACCOUNT-OPENED-MONTH, ACCOUNT_OPENED_MONTH
ACCOUNT,ACCOUNT-OPENED-YEAR, ACCOUNT_OPENED_YEAR
ACCOUNT,ACCOUNT-OVERDRAFT-LIMIT, ACCOUNT_OVERDRAFT_LIMIT
ACCOUNT,ACCOUNT-SORT-CODE, ACCOUNT_SORT_CODE
ACCOUNT,ACCOUNT-TYPE, ACCOUNT_TYPE
ACCOUNT,HV-ACCOUNT-ACC-NO, HV_ACCOUNT_ACC_NO
ACCOUNT,HV-ACCOUNT-ACC-TYPE, HV_ACCOUNT_ACC_TYPE
ACCOUNT,HV-ACCOUNT-ACTUAL-BAL, HV_ACCOUNT_ACTUAL_BAL
ACCOUNT,HV-ACCOUNT-AVAIL-BAL, HV_ACCOUNT_AVAIL_BAL
ACCOUNT,HV-ACCOUNT-CUST-NO, HV_ACCOUNT_CUST_NO
ACCOUNT,HV-ACCOUNT-EYECATCHER, HV_ACCOUNT_EYECATCHER
ACCOUNT,HV-ACCOUNT-INT-RATE, HV_ACCOUNT_INT_RATE
ACCOUNT,HV-ACCOUNT-LAST-STMT, HV_ACCOUNT_LAST_STMT
ACCOUNT,HV-ACCOUNT-NEXT-STMT, HV_ACCOUNT_NEXT_STMT
ACCOUNT,HV-ACCOUNT-OPENED, HV_ACCOUNT_OPENED
ACCOUNT,HV-ACCOUNT-OVERDRAFT-LIM, HV_ACCOUNT_OVERDRAFT_LIM
ACCOUNT,HV-ACCOUNT-SORTCODE, HV_ACCOUNT_SORTCODE
ACCOUNT,PROC-TY-BRANCH-DELETE-ACCOUNT, PROC_TY_BRANCH_DELETE_ACCOUNT
ACCTYPE,PROC-DESC-DELACC-ACCTYPE, PROC_DESC_DELACC_ACCTYPE
ACT,ACCOUNT-ACT-BAL-STORE, ACCOUNT_ACT_BAL_STORE
ACTUAL,ACCOUNT-ACTUAL-BALANCE, ACCOUNT_ACTUAL_BALANCE
ACTUAL,DELACC-ACTUAL-BAL, DELACC_ACTUAL_BAL
ACTUAL,HV-ACCOUNT-ACTUAL-BAL, HV_ACCOUNT_ACTUAL_BAL
AMOUNT,HV-PROCTRAN-AMOUNT, HV_PROCTRAN_AMOUNT
APPLID,ABND-APPLID, ABND_APPLID
AVAIL,DELACC-AVAIL-BAL, DELACC_AVAIL_BAL
AVAIL,HV-ACCOUNT-AVAIL-BAL, HV_ACCOUNT_AVAIL_BAL
AVAILABLE,ACCOUNT-AVAILABLE-BALANCE, ACCOUNT_AVAILABLE_BALANCE
BAL,ACCOUNT-ACT-BAL-STORE, ACCOUNT_ACT_BAL_STORE
BAL,DELACC-ACTUAL-BAL, DELACC_ACTUAL_BAL
BAL,DELACC-AVAIL-BAL, DELACC_AVAIL_BAL
BAL,HV-ACCOUNT-ACTUAL-BAL, HV_ACCOUNT_ACTUAL_BAL
BAL,HV-ACCOUNT-AVAIL-BAL, HV_ACCOUNT_AVAIL_BAL
BALANCE,ACCOUNT-ACTUAL-BALANCE, ACCOUNT_ACTUAL_BALANCE
BALANCE,ACCOUNT-AVAILABLE-BALANCE, ACCOUNT_AVAILABLE_BALANCE
BRANCH,PROC-TY-BRANCH-DELETE-ACCOUNT, PROC_TY_BRANCH_DELETE_ACCOUNT
CATCHER,ACCOUNT-EYE-CATCHER, ACCOUNT_EYE_CATCHER
CD,DELACC-DEL-FAIL-CD, DELACC_DEL_FAIL_CD
CODE,ABND-CODE, ABND_CODE
CODE,ACCOUNT-SORT-CODE, ACCOUNT_SORT_CODE
CODE,HV-PROCTRAN-SORT-CODE, HV_PROCTRAN_SORT_CODE
CODE,REQUIRED-SORT-CODE, REQUIRED_SORT_CODE
CUST,ACCOUNT-CUST-NO, ACCOUNT_CUST_NO
CUST,HV-ACCOUNT-CUST-NO, HV_ACCOUNT_CUST_NO
CUSTNO,DELACC-CUSTNO, DELACC_CUSTNO
CUSTOMER,PROC-DESC-DELACC-CUSTOMER, PROC_DESC_DELACC_CUSTOMER
DATA,OUTPUT-DATA, OUTPUT_DATA
DATE,ABND-DATE, ABND_DATE
DATE,ACCOUNT-LAST-STMT-DATE, ACCOUNT_LAST_STMT_DATE
DATE,ACCOUNT-NEXT-STMT-DATE, ACCOUNT_NEXT_STMT_DATE
DATE,DB2-DATE-REF-DAY, DB2_DATE_REF_DAY
DATE,DB2-DATE-REF-MNTH, DB2_DATE_REF_MNTH
DATE,DB2-DATE-REF-YR, DB2_DATE_REF_YR
DATE,DB2-DATE-REFORMAT, DB2_DATE_REFORMAT
DATE,HV-PROCTRAN-DATE, HV_PROCTRAN_DATE
DATE,WS-ORIG-DATE, WS_ORIG_DATE
DATE,WS-ORIG-DATE-GRP-X, WS_ORIG_DATE_GRP_X
DAY,ACCOUNT-LAST-STMT-DAY, ACCOUNT_LAST_STMT_DAY
DAY,ACCOUNT-NEXT-STMT-DAY, ACCOUNT_NEXT_STMT_DAY
DAY,ACCOUNT-OPENED-DAY, ACCOUNT_OPENED_DAY
DAY,DB2-DATE-REF-DAY, DB2_DATE_REF_DAY
DB2,DB2-DATE-REF-DAY, DB2_DATE_REF_DAY
DB2,DB2-DATE-REF-MNTH, DB2_DATE_REF_MNTH
DB2,DB2-DATE-REF-YR, DB2_DATE_REF_YR
DB2,DB2-DATE-REFORMAT, DB2_DATE_REFORMAT
DD,PROC-DESC-DELACC-LAST-DD, PROC_DESC_DELACC_LAST_DD
DD,PROC-DESC-DELACC-NEXT-DD, PROC_DESC_DELACC_NEXT_DD
DEL,DELACC-DEL-FAIL-CD, DELACC_DEL_FAIL_CD
DEL,DELACC-DEL-SUCCESS, DELACC_DEL_SUCCESS
DELACC,DELACC-ACC-TYPE, DELACC_ACC_TYPE
DELACC,DELACC-ACCNO, DELACC_ACCNO
DELACC,DELACC-ACTUAL-BAL, DELACC_ACTUAL_BAL
DELACC,DELACC-AVAIL-BAL, DELACC_AVAIL_BAL
DELACC,DELACC-CUSTNO, DELACC_CUSTNO
DELACC,DELACC-DEL-FAIL-CD, DELACC_DEL_FAIL_CD
DELACC,DELACC-DEL-SUCCESS, DELACC_DEL_SUCCESS
DELACC,DELACC-EYE, DELACC_EYE
DELACC,DELACC-INT-RATE, DELACC_INT_RATE
DELACC,DELACC-LAST-STMT-DT, DELACC_LAST_STMT_DT
DELACC,DELACC-NEXT-STMT-DT, DELACC_NEXT_STMT_DT
DELACC,DELACC-OPENED, DELACC_OPENED
DELACC,DELACC-OVERDRAFT, DELACC_OVERDRAFT
DELACC,DELACC-SCODE, DELACC_SCODE
DELACC,DELACC-SUCCESS, DELACC_SUCCESS
DELACC,PROC-DESC-DELACC-ACCTYPE, PROC_DESC_DELACC_ACCTYPE
DELACC,PROC-DESC-DELACC-CUSTOMER, PROC_DESC_DELACC_CUSTOMER
DELACC,PROC-DESC-DELACC-FLAG, PROC_DESC_DELACC_FLAG
DELACC,PROC-DESC-DELACC-LAST-DD, PROC_DESC_DELACC_LAST_DD
DELACC,PROC-DESC-DELACC-LAST-MM, PROC_DESC_DELACC_LAST_MM
DELACC,PROC-DESC-DELACC-LAST-YYYY, PROC_DESC_DELACC_LAST_YYYY
DELACC,PROC-DESC-DELACC-NEXT-DD, PROC_DESC_DELACC_NEXT_DD
DELACC,PROC-DESC-DELACC-NEXT-MM, PROC_DESC_DELACC_NEXT_MM
DELACC,PROC-DESC-DELACC-NEXT-YYYY, PROC_DESC_DELACC_NEXT_YYYY
DELETE,PROC-TY-BRANCH-DELETE-ACCOUNT, PROC_TY_BRANCH_DELETE_ACCOUNT
DESC,HV-PROCTRAN-DESC, HV_PROCTRAN_DESC
DESC,PROC-DESC-DELACC-ACCTYPE, PROC_DESC_DELACC_ACCTYPE
DESC,PROC-DESC-DELACC-CUSTOMER, PROC_DESC_DELACC_CUSTOMER
DESC,PROC-DESC-DELACC-FLAG, PROC_DESC_DELACC_FLAG
DESC,PROC-DESC-DELACC-LAST-DD, PROC_DESC_DELACC_LAST_DD
DESC,PROC-DESC-DELACC-LAST-MM, PROC_DESC_DELACC_LAST_MM
DESC,PROC-DESC-DELACC-LAST-YYYY, PROC_DESC_DELACC_LAST_YYYY
DESC,PROC-DESC-DELACC-NEXT-DD, PROC_DESC_DELACC_NEXT_DD
DESC,PROC-DESC-DELACC-NEXT-MM, PROC_DESC_DELACC_NEXT_MM
DESC,PROC-DESC-DELACC-NEXT-YYYY, PROC_DESC_DELACC_NEXT_YYYY
DESC,PROC-TRAN-DESC, PROC_TRAN_DESC
DISPLAY,SQLCODE-DISPLAY, SQLCODE_DISPLAY
DT,DELACC-LAST-STMT-DT, DELACC_LAST_STMT_DT
DT,DELACC-NEXT-STMT-DT, DELACC_NEXT_STMT_DT
EIBTASKN12,WS-EIBTASKN12, WS_EIBTASKN12
EYE,ACCOUNT-EYE-CATCHER, ACCOUNT_EYE_CATCHER
EYE,DELACC-EYE, DELACC_EYE
EYECATCHER,HV-ACCOUNT-EYECATCHER, HV_ACCOUNT_EYECATCHER
EYECATCHER,HV-PROCTRAN-EYECATCHER, HV_PROCTRAN_EYECATCHER
FAIL,DELACC-DEL-FAIL-CD, DELACC_DEL_FAIL_CD
FLAG,PROC-DESC-DELACC-FLAG, PROC_DESC_DELACC_FLAG
FREEFORM,ABND-FREEFORM, ABND_FREEFORM
GRP,WS-ORIG-DATE-GRP-X, WS_ORIG_DATE_GRP_X
GRP,WS-TIME-NOW-GRP-HH, WS_TIME_NOW_GRP_HH
GRP,WS-TIME-NOW-GRP-MM, WS_TIME_NOW_GRP_MM
HH,WS-TIME-NOW-GRP-HH, WS_TIME_NOW_GRP_HH
HOST,HOST-PROCTRAN-ROW, HOST_PROCTRAN_ROW
HV,HV-ACCOUNT-ACC-NO, HV_ACCOUNT_ACC_NO
HV,HV-ACCOUNT-ACC-TYPE, HV_ACCOUNT_ACC_TYPE
HV,HV-ACCOUNT-ACTUAL-BAL, HV_ACCOUNT_ACTUAL_BAL
HV,HV-ACCOUNT-AVAIL-BAL, HV_ACCOUNT_AVAIL_BAL
HV,HV-ACCOUNT-CUST-NO, HV_ACCOUNT_CUST_NO
HV,HV-ACCOUNT-EYECATCHER, HV_ACCOUNT_EYECATCHER
HV,HV-ACCOUNT-INT-RATE, HV_ACCOUNT_INT_RATE
HV,HV-ACCOUNT-LAST-STMT, HV_ACCOUNT_LAST_STMT
HV,HV-ACCOUNT-NEXT-STMT, HV_ACCOUNT_NEXT_STMT
HV,HV-ACCOUNT-OPENED, HV_ACCOUNT_OPENED
HV,HV-ACCOUNT-OVERDRAFT-LIM, HV_ACCOUNT_OVERDRAFT_LIM
HV,HV-ACCOUNT-SORTCODE, HV_ACCOUNT_SORTCODE
HV,HV-PROCTRAN-ACC-NUMBER, HV_PROCTRAN_ACC_NUMBER
HV,HV-PROCTRAN-AMOUNT, HV_PROCTRAN_AMOUNT
HV,HV-PROCTRAN-DATE, HV_PROCTRAN_DATE
HV,HV-PROCTRAN-DESC, HV_PROCTRAN_DESC
HV,HV-PROCTRAN-EYECATCHER, HV_PROCTRAN_EYECATCHER
HV,HV-PROCTRAN-REF, HV_PROCTRAN_REF
HV,HV-PROCTRAN-SORT-CODE, HV_PROCTRAN_SORT_CODE
HV,HV-PROCTRAN-TIME, HV_PROCTRAN_TIME
HV,HV-PROCTRAN-TYPE, HV_PROCTRAN_TYPE
INT,DELACC-INT-RATE, DELACC_INT_RATE
INT,HV-ACCOUNT-INT-RATE, HV_ACCOUNT_INT_RATE
INTEREST,ACCOUNT-INTEREST-RATE, ACCOUNT_INTEREST_RATE
KEY,ABND-TASKNO-KEY, ABND_TASKNO_KEY
KEY,ABND-UTIME-KEY, ABND_UTIME_KEY
LAST,ACCOUNT-LAST-STMT-DATE, ACCOUNT_LAST_STMT_DATE
LAST,ACCOUNT-LAST-STMT-DAY, ACCOUNT_LAST_STMT_DAY
LAST,ACCOUNT-LAST-STMT-MONTH, ACCOUNT_LAST_STMT_MONTH
LAST,ACCOUNT-LAST-STMT-YEAR, ACCOUNT_LAST_STMT_YEAR
LAST,DELACC-LAST-STMT-DT, DELACC_LAST_STMT_DT
LAST,HV-ACCOUNT-LAST-STMT, HV_ACCOUNT_LAST_STMT
LAST,PROC-DESC-DELACC-LAST-DD, PROC_DESC_DELACC_LAST_DD
LAST,PROC-DESC-DELACC-LAST-MM, PROC_DESC_DELACC_LAST_MM
LAST,PROC-DESC-DELACC-LAST-YYYY, PROC_DESC_DELACC_LAST_YYYY
LIM,HV-ACCOUNT-OVERDRAFT-LIM, HV_ACCOUNT_OVERDRAFT_LIM
LIMIT,ACCOUNT-OVERDRAFT-LIMIT, ACCOUNT_OVERDRAFT_LIMIT
MM,PROC-DESC-DELACC-LAST-MM, PROC_DESC_DELACC_LAST_MM
MM,PROC-DESC-DELACC-NEXT-MM, PROC_DESC_DELACC_NEXT_MM
MM,WS-TIME-NOW-GRP-MM, WS_TIME_NOW_GRP_MM
MNTH,DB2-DATE-REF-MNTH, DB2_DATE_REF_MNTH
MONTH,ACCOUNT-LAST-STMT-MONTH, ACCOUNT_LAST_STMT_MONTH
MONTH,ACCOUNT-NEXT-STMT-MONTH, ACCOUNT_NEXT_STMT_MONTH
MONTH,ACCOUNT-OPENED-MONTH, ACCOUNT_OPENED_MONTH
NEXT,ACCOUNT-NEXT-STMT-DATE, ACCOUNT_NEXT_STMT_DATE
NEXT,ACCOUNT-NEXT-STMT-DAY, ACCOUNT_NEXT_STMT_DAY
NEXT,ACCOUNT-NEXT-STMT-MONTH, ACCOUNT_NEXT_STMT_MONTH
NEXT,ACCOUNT-NEXT-STMT-YEAR, ACCOUNT_NEXT_STMT_YEAR
NEXT,DELACC-NEXT-STMT-DT, DELACC_NEXT_STMT_DT
NEXT,HV-ACCOUNT-NEXT-STMT, HV_ACCOUNT_NEXT_STMT
NEXT,PROC-DESC-DELACC-NEXT-DD, PROC_DESC_DELACC_NEXT_DD
NEXT,PROC-DESC-DELACC-NEXT-MM, PROC_DESC_DELACC_NEXT_MM
NEXT,PROC-DESC-DELACC-NEXT-YYYY, PROC_DESC_DELACC_NEXT_YYYY
NO,ACCOUNT-CUST-NO, ACCOUNT_CUST_NO
NO,HV-ACCOUNT-ACC-NO, HV_ACCOUNT_ACC_NO
NO,HV-ACCOUNT-CUST-NO, HV_ACCOUNT_CUST_NO
NOW,WS-TIME-NOW, WS_TIME_NOW
NOW,WS-TIME-NOW-GRP-HH, WS_TIME_NOW_GRP_HH
NOW,WS-TIME-NOW-GRP-MM, WS_TIME_NOW_GRP_MM
NUMBER,ACCOUNT-NUMBER, ACCOUNT_NUMBER
NUMBER,HV-PROCTRAN-ACC-NUMBER, HV_PROCTRAN_ACC_NUMBER
OPENED,ACCOUNT-OPENED, ACCOUNT_OPENED
OPENED,ACCOUNT-OPENED-DAY, ACCOUNT_OPENED_DAY
OPENED,ACCOUNT-OPENED-MONTH, ACCOUNT_OPENED_MONTH
OPENED,ACCOUNT-OPENED-YEAR, ACCOUNT_OPENED_YEAR
OPENED,DELACC-OPENED, DELACC_OPENED
OPENED,HV-ACCOUNT-OPENED, HV_ACCOUNT_OPENED
ORIG,WS-ORIG-DATE, WS_ORIG_DATE
ORIG,WS-ORIG-DATE-GRP-X, WS_ORIG_DATE_GRP_X
OUTPUT,OUTPUT-DATA, OUTPUT_DATA
OVERDRAFT,ACCOUNT-OVERDRAFT-LIMIT, ACCOUNT_OVERDRAFT_LIMIT
OVERDRAFT,DELACC-OVERDRAFT, DELACC_OVERDRAFT
OVERDRAFT,HV-ACCOUNT-OVERDRAFT-LIM, HV_ACCOUNT_OVERDRAFT_LIM
PGM,WS-ABEND-PGM, WS_ABEND_PGM
PROC,PROC-DESC-DELACC-ACCTYPE, PROC_DESC_DELACC_ACCTYPE
PROC,PROC-DESC-DELACC-CUSTOMER, PROC_DESC_DELACC_CUSTOMER
PROC,PROC-DESC-DELACC-FLAG, PROC_DESC_DELACC_FLAG
PROC,PROC-DESC-DELACC-LAST-DD, PROC_DESC_DELACC_LAST_DD
PROC,PROC-DESC-DELACC-LAST-MM, PROC_DESC_DELACC_LAST_MM
PROC,PROC-DESC-DELACC-LAST-YYYY, PROC_DESC_DELACC_LAST_YYYY
PROC,PROC-DESC-DELACC-NEXT-DD, PROC_DESC_DELACC_NEXT_DD
PROC,PROC-DESC-DELACC-NEXT-MM, PROC_DESC_DELACC_NEXT_MM
PROC,PROC-DESC-DELACC-NEXT-YYYY, PROC_DESC_DELACC_NEXT_YYYY
PROC,PROC-TRAN-DESC, PROC_TRAN_DESC
PROC,PROC-TRAN-TYPE, PROC_TRAN_TYPE
PROC,PROC-TY-BRANCH-DELETE-ACCOUNT, PROC_TY_BRANCH_DELETE_ACCOUNT
PROCTRAN,HOST-PROCTRAN-ROW, HOST_PROCTRAN_ROW
PROCTRAN,HV-PROCTRAN-ACC-NUMBER, HV_PROCTRAN_ACC_NUMBER
PROCTRAN,HV-PROCTRAN-AMOUNT, HV_PROCTRAN_AMOUNT
PROCTRAN,HV-PROCTRAN-DATE, HV_PROCTRAN_DATE
PROCTRAN,HV-PROCTRAN-DESC, HV_PROCTRAN_DESC
PROCTRAN,HV-PROCTRAN-EYECATCHER, HV_PROCTRAN_EYECATCHER
PROCTRAN,HV-PROCTRAN-REF, HV_PROCTRAN_REF
PROCTRAN,HV-PROCTRAN-SORT-CODE, HV_PROCTRAN_SORT_CODE
PROCTRAN,HV-PROCTRAN-TIME, HV_PROCTRAN_TIME
PROCTRAN,HV-PROCTRAN-TYPE, HV_PROCTRAN_TYPE
PROGRAM,ABND-PROGRAM, ABND_PROGRAM
RATE,ACCOUNT-INTEREST-RATE, ACCOUNT_INTEREST_RATE
RATE,DELACC-INT-RATE, DELACC_INT_RATE
RATE,HV-ACCOUNT-INT-RATE, HV_ACCOUNT_INT_RATE
REC,ABNDINFO-REC, ABNDINFO_REC
REF,DB2-DATE-REF-DAY, DB2_DATE_REF_DAY
REF,DB2-DATE-REF-MNTH, DB2_DATE_REF_MNTH
REF,DB2-DATE-REF-YR, DB2_DATE_REF_YR
REF,HV-PROCTRAN-REF, HV_PROCTRAN_REF
REFORMAT,DB2-DATE-REFORMAT, DB2_DATE_REFORMAT
REQUIRED,REQUIRED-SORT-CODE, REQUIRED_SORT_CODE
RESP2CODE,ABND-RESP2CODE, ABND_RESP2CODE
RESPCODE,ABND-RESPCODE, ABND_RESPCODE
ROW,HOST-PROCTRAN-ROW, HOST_PROCTRAN_ROW
SCODE,DELACC-SCODE, DELACC_SCODE
SORT,ACCOUNT-SORT-CODE, ACCOUNT_SORT_CODE
SORT,HV-PROCTRAN-SORT-CODE, HV_PROCTRAN_SORT_CODE
SORT,REQUIRED-SORT-CODE, REQUIRED_SORT_CODE
SORTCODE,HV-ACCOUNT-SORTCODE, HV_ACCOUNT_SORTCODE
SQLCODE,ABND-SQLCODE, ABND_SQLCODE
SQLCODE,SQLCODE-DISPLAY, SQLCODE_DISPLAY
STMT,ACCOUNT-LAST-STMT-DATE, ACCOUNT_LAST_STMT_DATE
STMT,ACCOUNT-LAST-STMT-DAY, ACCOUNT_LAST_STMT_DAY
STMT,ACCOUNT-LAST-STMT-MONTH, ACCOUNT_LAST_STMT_MONTH
STMT,ACCOUNT-LAST-STMT-YEAR, ACCOUNT_LAST_STMT_YEAR
STMT,ACCOUNT-NEXT-STMT-DATE, ACCOUNT_NEXT_STMT_DATE
STMT,ACCOUNT-NEXT-STMT-DAY, ACCOUNT_NEXT_STMT_DAY
STMT,ACCOUNT-NEXT-STMT-MONTH, ACCOUNT_NEXT_STMT_MONTH
STMT,ACCOUNT-NEXT-STMT-YEAR, ACCOUNT_NEXT_STMT_YEAR
STMT,DELACC-LAST-STMT-DT, DELACC_LAST_STMT_DT
STMT,DELACC-NEXT-STMT-DT, DELACC_NEXT_STMT_DT
STMT,HV-ACCOUNT-LAST-STMT, HV_ACCOUNT_LAST_STMT
STMT,HV-ACCOUNT-NEXT-STMT, HV_ACCOUNT_NEXT_STMT
STORE,ACCOUNT-ACT-BAL-STORE, ACCOUNT_ACT_BAL_STORE
SUCCESS,DELACC-DEL-SUCCESS, DELACC_DEL_SUCCESS
SUCCESS,DELACC-SUCCESS, DELACC_SUCCESS
TASKNO,ABND-TASKNO-KEY, ABND_TASKNO_KEY
TIME,ABND-TIME, ABND_TIME
TIME,HV-PROCTRAN-TIME, HV_PROCTRAN_TIME
TIME,WS-TIME-NOW, WS_TIME_NOW
TIME,WS-TIME-NOW-GRP-HH, WS_TIME_NOW_GRP_HH
TIME,WS-TIME-NOW-GRP-MM, WS_TIME_NOW_GRP_MM
TIME,WS-U-TIME, WS_U_TIME
TRAN,PROC-TRAN-DESC, PROC_TRAN_DESC
TRAN,PROC-TRAN-TYPE, PROC_TRAN_TYPE
TRANID,ABND-TRANID, ABND_TRANID
TY,PROC-TY-BRANCH-DELETE-ACCOUNT, PROC_TY_BRANCH_DELETE_ACCOUNT
TYPE,ACCOUNT-TYPE, ACCOUNT_TYPE
TYPE,DELACC-ACC-TYPE, DELACC_ACC_TYPE
TYPE,HV-ACCOUNT-ACC-TYPE, HV_ACCOUNT_ACC_TYPE
TYPE,HV-PROCTRAN-TYPE, HV_PROCTRAN_TYPE
TYPE,PROC-TRAN-TYPE, PROC_TRAN_TYPE
UTIME,ABND-UTIME-KEY, ABND_UTIME_KEY
WS,WS-ABEND-PGM, WS_ABEND_PGM
WS,WS-EIBTASKN12, WS_EIBTASKN12
WS,WS-ORIG-DATE, WS_ORIG_DATE
WS,WS-ORIG-DATE-GRP-X, WS_ORIG_DATE_GRP_X
WS,WS-TIME-NOW, WS_TIME_NOW
WS,WS-TIME-NOW-GRP-HH, WS_TIME_NOW_GRP_HH
WS,WS-TIME-NOW-GRP-MM, WS_TIME_NOW_GRP_MM
WS,WS-U-TIME, WS_U_TIME
YEAR,ACCOUNT-LAST-STMT-YEAR, ACCOUNT_LAST_STMT_YEAR
YEAR,ACCOUNT-NEXT-STMT-YEAR, ACCOUNT_NEXT_STMT_YEAR
YEAR,ACCOUNT-OPENED-YEAR, ACCOUNT_OPENED_YEAR
YR,DB2-DATE-REF-YR, DB2_DATE_REF_YR
YYYY,PROC-DESC-DELACC-LAST-YYYY, PROC_DESC_DELACC_LAST_YYYY
YYYY,PROC-DESC-DELACC-NEXT-YYYY, PROC_DESC_DELACC_NEXT_YYYY
