Abbreviation, Program Term, Business Term
ABEND,WS-ABEND-PGM, WS_ABEND_PGM
ABND,ABND-APPLID, ABND_APPLID
ABND,ABND-CODE, ABND_CODE
ABND,ABND-DATE, ABND_DATE
ABND,ABND-FREEFORM, ABND_FREEFORM
ABND,ABND-PROGRAM, ABND_PROGRAM
ABND,ABND-RESP2CODE, ABND_RESP2CODE
ABND,ABND-RESPCODE, ABND_RESPCODE
ABND,ABND-SQLCODE, ABND_SQLCODE
ABND,ABND-TASKNO-KEY, ABND_TASKNO_KEY
ABND,ABND-TIME, ABND_TIME
ABND,ABND-TRANID, ABND_TRANID
ABND,ABND-UTIME-KEY, ABND_UTIME_KEY
ABNDINFO,ABNDINFO-REC, ABNDINFO_REC
ACC,HV-PROCTRAN-ACC-NUMBER, HV_PROCTRAN_ACC_NUMBER
ACCNO,COMM-ACCNO, COMM_ACCNO
ACCNO,DELACC-COMM-ACCNO, DELACC_COMM_ACCNO
ACCOUNTS,NUMBER-OF-ACCOUNTS, NUMBER_OF_ACCOUNTS
ADDR,COMM-ADDR, COMM_ADDR
ADDRESS,CUSTOMER-ADDRESS, CUSTOMER_ADDRESS
ADDRESS,WS-STOREDC-ADDRESS, WS_STOREDC_ADDRESS
AMOUNT,HV-PROCTRAN-AMOUNT, HV_PROCTRAN_AMOUNT
APPLID,ABND-APPLID, ABND_APPLID
APPLID,DELACC-COMM-APPLID, DELACC_COMM_APPLID
APPLID,WS-APPLID, WS_APPLID
BIRTH,COMM-BIRTH-DAY, COMM_BIRTH_DAY
BIRTH,COMM-BIRTH-MONTH, COMM_BIRTH_MONTH
BIRTH,COMM-BIRTH-YEAR, COMM_BIRTH_YEAR
BIRTH,CUSTOMER-DATE-OF-BIRTH, CUSTOMER_DATE_OF_BIRTH
BIRTH,WS-STOREDC-DATE-OF-BIRTH, WS_STOREDC_DATE_OF_BIRTH
CD,COMM-DEL-FAIL-CD, COMM_DEL_FAIL_CD
CD,INQCUST-INQ-FAIL-CD, INQCUST_INQ_FAIL_CD
CICS,WS-CICS-RESP, WS_CICS_RESP
CICS,WS-CICS-RESP2, WS_CICS_RESP2
CODE,ABND-CODE, ABND_CODE
CODE,HV-PROCTRAN-SORT-CODE, HV_PROCTRAN_SORT_CODE
CODE,REQUIRED-SORT-CODE, REQUIRED_SORT_CODE
COMM,COMM-ACCNO, COMM_ACCNO
COMM,COMM-ADDR, COMM_ADDR
COMM,COMM-BIRTH-DAY, COMM_BIRTH_DAY
COMM,COMM-BIRTH-MONTH, COMM_BIRTH_MONTH
COMM,COMM-BIRTH-YEAR, COMM_BIRTH_YEAR
COMM,COMM-CREDIT-SCORE, COMM_CREDIT_SCORE
COMM,COMM-CS-REVIEW-DD, COMM_CS_REVIEW_DD
COMM,COMM-CS-REVIEW-MM, COMM_CS_REVIEW_MM
COMM,COMM-CS-REVIEW-YYYY, COMM_CS_REVIEW_YYYY
COMM,COMM-CUSTNO, COMM_CUSTNO
COMM,COMM-DEL-FAIL-CD, COMM_DEL_FAIL_CD
COMM,COMM-DEL-SUCCESS, COMM_DEL_SUCCESS
COMM,COMM-EYE, COMM_EYE
COMM,COMM-NAME, COMM_NAME
COMM,COMM-PCB-POINTER, COMM_PCB_POINTER
COMM,COMM-SCODE, COMM_SCODE
COMM,DELACC-COMM-ACCNO, DELACC_COMM_ACCNO
COMM,DELACC-COMM-APPLID, DELACC_COMM_APPLID
COMM,DELACC-COMM-PCB1, DELACC_COMM_PCB1
COMMAREA,DELACC-COMMAREA, DELACC_COMMAREA
COMMAREA,INQACCCU-COMMAREA, INQACCCU_COMMAREA
COMMAREA,INQCUST-COMMAREA, INQCUST_COMMAREA
CREDIT,COMM-CREDIT-SCORE, COMM_CREDIT_SCORE
CREDIT,CUSTOMER-CREDIT-SCORE, CUSTOMER_CREDIT_SCORE
CREDIT,WS-STOREDC-CREDIT-SCORE, WS_STOREDC_CREDIT_SCORE
CS,COMM-CS-REVIEW-DD, COMM_CS_REVIEW_DD
CS,COMM-CS-REVIEW-MM, COMM_CS_REVIEW_MM
CS,COMM-CS-REVIEW-YYYY, COMM_CS_REVIEW_YYYY
CS,CUSTOMER-CS-REVIEW-DATE, CUSTOMER_CS_REVIEW_DATE
CS,WS-STOREDC-CS-REVIEW-DATE, WS_STOREDC_CS_REVIEW_DATE
CUST,OUTPUT-CUST-DATA, OUTPUT_CUST_DATA
CUSTNO,COMM-CUSTNO, COMM_CUSTNO
CUSTNO,INQCUST-CUSTNO, INQCUST_CUSTNO
CUSTOMER,CUSTOMER-ADDRESS, CUSTOMER_ADDRESS
CUSTOMER,CUSTOMER-CREDIT-SCORE, CUSTOMER_CREDIT_SCORE
CUSTOMER,CUSTOMER-CS-REVIEW-DATE, CUSTOMER_CS_REVIEW_DATE
CUSTOMER,CUSTOMER-DATE-OF-BIRTH, CUSTOMER_DATE_OF_BIRTH
CUSTOMER,CUSTOMER-EYECATCHER, CUSTOMER_EYECATCHER
CUSTOMER,CUSTOMER-NAME, CUSTOMER_NAME
CUSTOMER,CUSTOMER-NUMBER, CUSTOMER_NUMBER
CUSTOMER,CUSTOMER-SORTCODE, CUSTOMER_SORTCODE
CUSTOMER,DESIRED-KEY-CUSTOMER, DESIRED_KEY_CUSTOMER
DATA,OUTPUT-CUST-DATA, OUTPUT_CUST_DATA
DATE,ABND-DATE, ABND_DATE
DATE,CUSTOMER-CS-REVIEW-DATE, CUSTOMER_CS_REVIEW_DATE
DATE,CUSTOMER-DATE-OF-BIRTH, CUSTOMER_DATE_OF_BIRTH
DATE,HV-PROCTRAN-DATE, HV_PROCTRAN_DATE
DATE,WS-ORIG-DATE, WS_ORIG_DATE
DATE,WS-ORIG-DATE-GRP-X, WS_ORIG_DATE_GRP_X
DATE,WS-STOREDC-CS-REVIEW-DATE, WS_STOREDC_CS_REVIEW_DATE
DATE,WS-STOREDC-DATE-OF-BIRTH, WS_STOREDC_DATE_OF_BIRTH
DAY,COMM-BIRTH-DAY, COMM_BIRTH_DAY
DD,COMM-CS-REVIEW-DD, COMM_CS_REVIEW_DD
DEL,COMM-DEL-FAIL-CD, COMM_DEL_FAIL_CD
DEL,COMM-DEL-SUCCESS, COMM_DEL_SUCCESS
DELACC,DELACC-COMM-ACCNO, DELACC_COMM_ACCNO
DELACC,DELACC-COMM-APPLID, DELACC_COMM_APPLID
DELACC,DELACC-COMM-PCB1, DELACC_COMM_PCB1
DELACC,DELACC-COMMAREA, DELACC_COMMAREA
DESC,HV-PROCTRAN-DESC, HV_PROCTRAN_DESC
DESIRED,DESIRED-KEY, DESIRED_KEY
DESIRED,DESIRED-KEY-CUSTOMER, DESIRED_KEY_CUSTOMER
DESIRED,DESIRED-KEY-SORTCODE, DESIRED_KEY_SORTCODE
DISPLAY,SQLCODE-DISPLAY, SQLCODE_DISPLAY
EIBTASKN12,WS-EIBTASKN12, WS_EIBTASKN12
EYE,COMM-EYE, COMM_EYE
EYECATCHER,CUSTOMER-EYECATCHER, CUSTOMER_EYECATCHER
EYECATCHER,HV-PROCTRAN-EYECATCHER, HV_PROCTRAN_EYECATCHER
EYECATCHER,WS-STOREDC-EYECATCHER, WS_STOREDC_EYECATCHER
FAIL,COMM-DEL-FAIL-CD, COMM_DEL_FAIL_CD
FAIL,INQCUST-INQ-FAIL-CD, INQCUST_INQ_FAIL_CD
FREEFORM,ABND-FREEFORM, ABND_FREEFORM
GRP,WS-ORIG-DATE-GRP-X, WS_ORIG_DATE_GRP_X
GRP,WS-TIME-NOW-GRP-HH, WS_TIME_NOW_GRP_HH
GRP,WS-TIME-NOW-GRP-MM, WS_TIME_NOW_GRP_MM
HH,WS-TIME-NOW-GRP-HH, WS_TIME_NOW_GRP_HH
HOST,HOST-PROCTRAN-ROW, HOST_PROCTRAN_ROW
HV,HV-PROCTRAN-ACC-NUMBER, HV_PROCTRAN_ACC_NUMBER
HV,HV-PROCTRAN-AMOUNT, HV_PROCTRAN_AMOUNT
HV,HV-PROCTRAN-DATE, HV_PROCTRAN_DATE
HV,HV-PROCTRAN-DESC, HV_PROCTRAN_DESC
HV,HV-PROCTRAN-EYECATCHER, HV_PROCTRAN_EYECATCHER
HV,HV-PROCTRAN-REF, HV_PROCTRAN_REF
HV,HV-PROCTRAN-SORT-CODE, HV_PROCTRAN_SORT_CODE
HV,HV-PROCTRAN-TIME, HV_PROCTRAN_TIME
HV,HV-PROCTRAN-TYPE, HV_PROCTRAN_TYPE
INDEX,WS-INDEX, WS_INDEX
INQ,INQCUST-INQ-FAIL-CD, INQCUST_INQ_FAIL_CD
INQ,INQCUST-INQ-SUCCESS, INQCUST_INQ_SUCCESS
INQACCCU,INQACCCU-COMMAREA, INQACCCU_COMMAREA
INQCUST,INQCUST-COMMAREA, INQCUST_COMMAREA
INQCUST,INQCUST-CUSTNO, INQCUST_CUSTNO
INQCUST,INQCUST-INQ-FAIL-CD, INQCUST_INQ_FAIL_CD
INQCUST,INQCUST-INQ-SUCCESS, INQCUST_INQ_SUCCESS
INQCUST,INQCUST-PROGRAM, INQCUST_PROGRAM
KEY,ABND-TASKNO-KEY, ABND_TASKNO_KEY
KEY,ABND-UTIME-KEY, ABND_UTIME_KEY
KEY,DESIRED-KEY, DESIRED_KEY
KEY,DESIRED-KEY-CUSTOMER, DESIRED_KEY_CUSTOMER
KEY,DESIRED-KEY-SORTCODE, DESIRED_KEY_SORTCODE
MM,COMM-CS-REVIEW-MM, COMM_CS_REVIEW_MM
MM,WS-TIME-NOW-GRP-MM, WS_TIME_NOW_GRP_MM
MONTH,COMM-BIRTH-MONTH, COMM_BIRTH_MONTH
NAME,COMM-NAME, COMM_NAME
NAME,CUSTOMER-NAME, CUSTOMER_NAME
NAME,WS-STOREDC-NAME, WS_STOREDC_NAME
NOW,WS-TIME-NOW, WS_TIME_NOW
NOW,WS-TIME-NOW-GRP-HH, WS_TIME_NOW_GRP_HH
NOW,WS-TIME-NOW-GRP-MM, WS_TIME_NOW_GRP_MM
NUMBER,CUSTOMER-NUMBER, CUSTOMER_NUMBER
NUMBER,HV-PROCTRAN-ACC-NUMBER, HV_PROCTRAN_ACC_NUMBER
NUMBER,NUMBER-OF-ACCOUNTS, NUMBER_OF_ACCOUNTS
NUMBER,WS-STOREDC-NUMBER, WS_STOREDC_NUMBER
OF,CUSTOMER-DATE-OF-BIRTH, CUSTOMER_DATE_OF_BIRTH
OF,NUMBER-OF-ACCOUNTS, NUMBER_OF_ACCOUNTS
OF,WS-STOREDC-DATE-OF-BIRTH, WS_STOREDC_DATE_OF_BIRTH
ORIG,WS-ORIG-DATE, WS_ORIG_DATE
ORIG,WS-ORIG-DATE-GRP-X, WS_ORIG_DATE_GRP_X
OUTPUT,OUTPUT-CUST-DATA, OUTPUT_CUST_DATA
PCB,COMM-PCB-POINTER, COMM_PCB_POINTER
PCB1,DELACC-COMM-PCB1, DELACC_COMM_PCB1
PGM,WS-ABEND-PGM, WS_ABEND_PGM
POINTER,COMM-PCB-POINTER, COMM_PCB_POINTER
PROCTRAN,HOST-PROCTRAN-ROW, HOST_PROCTRAN_ROW
PROCTRAN,HV-PROCTRAN-ACC-NUMBER, HV_PROCTRAN_ACC_NUMBER
PROCTRAN,HV-PROCTRAN-AMOUNT, HV_PROCTRAN_AMOUNT
PROCTRAN,HV-PROCTRAN-DATE, HV_PROCTRAN_DATE
PROCTRAN,HV-PROCTRAN-DESC, HV_PROCTRAN_DESC
PROCTRAN,HV-PROCTRAN-EYECATCHER, HV_PROCTRAN_EYECATCHER
PROCTRAN,HV-PROCTRAN-REF, HV_PROCTRAN_REF
PROCTRAN,HV-PROCTRAN-SORT-CODE, HV_PROCTRAN_SORT_CODE
PROCTRAN,HV-PROCTRAN-TIME, HV_PROCTRAN_TIME
PROCTRAN,HV-PROCTRAN-TYPE, HV_PROCTRAN_TYPE
PROGRAM,ABND-PROGRAM, ABND_PROGRAM
PROGRAM,INQCUST-PROGRAM, INQCUST_PROGRAM
REC,ABNDINFO-REC, ABNDINFO_REC
REF,HV-PROCTRAN-REF, HV_PROCTRAN_REF
REQUIRED,REQUIRED-SORT-CODE, REQUIRED_SORT_CODE
RESP,WS-CICS-RESP, WS_CICS_RESP
RESP2,WS-CICS-RESP2, WS_CICS_RESP2
RESP2CODE,ABND-RESP2CODE, ABND_RESP2CODE
RESPCODE,ABND-RESPCODE, ABND_RESPCODE
RETRY,SYSIDERR-RETRY, SYSIDERR_RETRY
REVIEW,COMM-CS-REVIEW-DD, COMM_CS_REVIEW_DD
REVIEW,COMM-CS-REVIEW-MM, COMM_CS_REVIEW_MM
REVIEW,COMM-CS-REVIEW-YYYY, COMM_CS_REVIEW_YYYY
REVIEW,CUSTOMER-CS-REVIEW-DATE, CUSTOMER_CS_REVIEW_DATE
REVIEW,WS-STOREDC-CS-REVIEW-DATE, WS_STOREDC_CS_REVIEW_DATE
ROW,HOST-PROCTRAN-ROW, HOST_PROCTRAN_ROW
SCODE,COMM-SCODE, COMM_SCODE
SCORE,COMM-CREDIT-SCORE, COMM_CREDIT_SCORE
SCORE,CUSTOMER-CREDIT-SCORE, CUSTOMER_CREDIT_SCORE
SCORE,WS-STOREDC-CREDIT-SCORE, WS_STOREDC_CREDIT_SCORE
SORT,HV-PROCTRAN-SORT-CODE, HV_PROCTRAN_SORT_CODE
SORT,REQUIRED-SORT-CODE, REQUIRED_SORT_CODE
SORTCODE,CUSTOMER-SORTCODE, CUSTOMER_SORTCODE
SORTCODE,DESIRED-KEY-SORTCODE, DESIRED_KEY_SORTCODE
SORTCODE,WS-STOREDC-SORTCODE, WS_STOREDC_SORTCODE
SQLCODE,ABND-SQLCODE, ABND_SQLCODE
SQLCODE,SQLCODE-DISPLAY, SQLCODE_DISPLAY
STOREDC,WS-STOREDC-ADDRESS, WS_STOREDC_ADDRESS
STOREDC,WS-STOREDC-CREDIT-SCORE, WS_STOREDC_CREDIT_SCORE
STOREDC,WS-STOREDC-CS-REVIEW-DATE, WS_STOREDC_CS_REVIEW_DATE
STOREDC,WS-STOREDC-DATE-OF-BIRTH, WS_STOREDC_DATE_OF_BIRTH
STOREDC,WS-STOREDC-EYECATCHER, WS_STOREDC_EYECATCHER
STOREDC,WS-STOREDC-NAME, WS_STOREDC_NAME
STOREDC,WS-STOREDC-NUMBER, WS_STOREDC_NUMBER
STOREDC,WS-STOREDC-SORTCODE, WS_STOREDC_SORTCODE
SUCCESS,COMM-DEL-SUCCESS, COMM_DEL_SUCCESS
SUCCESS,INQCUST-INQ-SUCCESS, INQCUST_INQ_SUCCESS
SYSIDERR,SYSIDERR-RETRY, SYSIDERR_RETRY
TASKNO,ABND-TASKNO-KEY, ABND_TASKNO_KEY
TIME,ABND-TIME, ABND_TIME
TIME,HV-PROCTRAN-TIME, HV_PROCTRAN_TIME
TIME,WS-TIME-NOW, WS_TIME_NOW
TIME,WS-TIME-NOW-GRP-HH, WS_TIME_NOW_GRP_HH
TIME,WS-TIME-NOW-GRP-MM, WS_TIME_NOW_GRP_MM
TIME,WS-U-TIME, WS_U_TIME
TOKEN,WS-TOKEN, WS_TOKEN
TRANID,ABND-TRANID, ABND_TRANID
TYPE,HV-PROCTRAN-TYPE, HV_PROCTRAN_TYPE
UTIME,ABND-UTIME-KEY, ABND_UTIME_KEY
WS,WS-ABEND-PGM, WS_ABEND_PGM
WS,WS-APPLID, WS_APPLID
WS,WS-CICS-RESP, WS_CICS_RESP
WS,WS-CICS-RESP2, WS_CICS_RESP2
WS,WS-EIBTASKN12, WS_EIBTASKN12
WS,WS-INDEX, WS_INDEX
WS,WS-ORIG-DATE, WS_ORIG_DATE
WS,WS-ORIG-DATE-GRP-X, WS_ORIG_DATE_GRP_X
WS,WS-STOREDC-ADDRESS, WS_STOREDC_ADDRESS
WS,WS-STOREDC-CREDIT-SCORE, WS_STOREDC_CREDIT_SCORE
WS,WS-STOREDC-CS-REVIEW-DATE, WS_STOREDC_CS_REVIEW_DATE
WS,WS-STOREDC-DATE-OF-BIRTH, WS_STOREDC_DATE_OF_BIRTH
WS,WS-STOREDC-EYECATCHER, WS_STOREDC_EYECATCHER
WS,WS-STOREDC-NAME, WS_STOREDC_NAME
WS,WS-STOREDC-NUMBER, WS_STOREDC_NUMBER
WS,WS-STOREDC-SORTCODE, WS_STOREDC_SORTCODE
WS,WS-TIME-NOW, WS_TIME_NOW
WS,WS-TIME-NOW-GRP-HH, WS_TIME_NOW_GRP_HH
WS,WS-TIME-NOW-GRP-MM, WS_TIME_NOW_GRP_MM
WS,WS-TOKEN, WS_TOKEN
WS,WS-U-TIME, WS_U_TIME
YEAR,COMM-BIRTH-YEAR, COMM_BIRTH_YEAR
YYYY,COMM-CS-REVIEW-YYYY, COMM_CS_REVIEW_YYYY
