Abbreviation, Program Term, Business Term
ABEND,ABEND-HANDLING, ABEND_HANDLING
ABEND,MY-ABEND-CODE, MY_ABEND_CODE
ABEND,WS-ABEND-PGM, WS_ABEND_PGM
ABND,ABND-APPLID, ABND_APPLID
ABND,ABND-CODE, ABND_CODE
ABND,ABND-DATE, ABND_DATE
ABND,ABND-FREEFORM, ABND_FREEFORM
ABND,ABND-PROGRAM, ABND_PROGRAM
ABND,ABND-RESP2CODE, ABND_RESP2CODE
ABND,ABND-RESPCODE, ABND_RESPCODE
ABND,ABND-SQLCODE, ABND_SQLCODE
ABND,ABND-TASKNO-KEY, ABND_TASKNO_KEY
ABND,ABND-TIME, ABND_TIME
ABND,ABND-TRANID, ABND_TRANID
ABND,ABND-UTIME-KEY, ABND_UTIME_KEY
ABNDINFO,ABNDINFO-REC, ABNDINFO_REC
ACC,ACC-CURSOR, ACC_CURSOR
ACC,HV-ACCOUNT-ACC-NO, HV_ACCOUNT_ACC_NO
ACC,HV-ACCOUNT-ACC-TYPE, HV_ACCOUNT_ACC_TYPE
ACC,INQACC-ACC-TYPE, INQACC_ACC_TYPE
ACC,NCS-ACC-NO-NAME, NCS_ACC_NO_NAME
ACC,NCS-ACC-NO-VALUE, NCS_ACC_NO_VALUE
ACC,REQUIRED-ACC-NUMBER2, REQUIRED_ACC_NUMBER2
ACCNO,INQACC-ACCNO, INQACC_ACCNO
ACCOUNT,ACCOUNT-ACTUAL-BALANCE, ACCOUNT_ACTUAL_BALANCE
ACCOUNT,ACCOUNT-AVAILABLE-BALANCE, ACCOUNT_AVAILABLE_BALANCE
ACCOUNT,ACCOUNT-CUST-NO, ACCOUNT_CUST_NO
ACCOUNT,ACCOUNT-EYE-CATCHER, ACCOUNT_EYE_CATCHER
ACCOUNT,ACCOUNT-INTEREST-RATE, ACCOUNT_INTEREST_RATE
ACCOUNT,ACCOUNT-LAST-STMT-DATE, ACCOUNT_LAST_STMT_DATE
ACCOUNT,ACCOUNT-LAST-STMT-DAY, ACCOUNT_LAST_STMT_DAY
ACCOUNT,ACCOUNT-LAST-STMT-MONTH, ACCOUNT_LAST_STMT_MONTH
ACCOUNT,ACCOUNT-LAST-STMT-YEAR, ACCOUNT_LAST_STMT_YEAR
ACCOUNT,ACCOUNT-NEXT-STMT-DATE, ACCOUNT_NEXT_STMT_DATE
ACCOUNT,ACCOUNT-NEXT-STMT-DAY, ACCOUNT_NEXT_STMT_DAY
ACCOUNT,ACCOUNT-NEXT-STMT-MONTH, ACCOUNT_NEXT_STMT_MONTH
ACCOUNT,ACCOUNT-NEXT-STMT-YEAR, ACCOUNT_NEXT_STMT_YEAR
ACCOUNT,ACCOUNT-NUMBER, ACCOUNT_NUMBER
ACCOUNT,ACCOUNT-OPENED, ACCOUNT_OPENED
ACCOUNT,ACCOUNT-OPENED-DAY, ACCOUNT_OPENED_DAY
ACCOUNT,ACCOUNT-OPENED-MONTH, ACCOUNT_OPENED_MONTH
ACCOUNT,ACCOUNT-OPENED-YEAR, ACCOUNT_OPENED_YEAR
ACCOUNT,ACCOUNT-OVERDRAFT-LIMIT, ACCOUNT_OVERDRAFT_LIMIT
ACCOUNT,ACCOUNT-SORT-CODE, ACCOUNT_SORT_CODE
ACCOUNT,ACCOUNT-TYPE, ACCOUNT_TYPE
ACCOUNT,HV-ACCOUNT-ACC-NO, HV_ACCOUNT_ACC_NO
ACCOUNT,HV-ACCOUNT-ACC-TYPE, HV_ACCOUNT_ACC_TYPE
ACCOUNT,HV-ACCOUNT-ACTUAL-BAL, HV_ACCOUNT_ACTUAL_BAL
ACCOUNT,HV-ACCOUNT-AVAIL-BAL, HV_ACCOUNT_AVAIL_BAL
ACCOUNT,HV-ACCOUNT-CUST-NO, HV_ACCOUNT_CUST_NO
ACCOUNT,HV-ACCOUNT-EYECATCHER, HV_ACCOUNT_EYECATCHER
ACCOUNT,HV-ACCOUNT-INT-RATE, HV_ACCOUNT_INT_RATE
ACCOUNT,HV-ACCOUNT-LAST-STMT, HV_ACCOUNT_LAST_STMT
ACCOUNT,HV-ACCOUNT-NEXT-STMT, HV_ACCOUNT_NEXT_STMT
ACCOUNT,HV-ACCOUNT-OPENED, HV_ACCOUNT_OPENED
ACCOUNT,HV-ACCOUNT-OVERDRAFT-LIM, HV_ACCOUNT_OVERDRAFT_LIM
ACCOUNT,HV-ACCOUNT-SORTCODE, HV_ACCOUNT_SORTCODE
ACTUAL,ACCOUNT-ACTUAL-BALANCE, ACCOUNT_ACTUAL_BALANCE
ACTUAL,HV-ACCOUNT-ACTUAL-BAL, HV_ACCOUNT_ACTUAL_BAL
ACTUAL,INQACC-ACTUAL-BAL, INQACC_ACTUAL_BAL
APPLID,ABND-APPLID, ABND_APPLID
AVAIL,HV-ACCOUNT-AVAIL-BAL, HV_ACCOUNT_AVAIL_BAL
AVAIL,INQACC-AVAIL-BAL, INQACC_AVAIL_BAL
AVAILABLE,ACCOUNT-AVAILABLE-BALANCE, ACCOUNT_AVAILABLE_BALANCE
BAL,HV-ACCOUNT-ACTUAL-BAL, HV_ACCOUNT_ACTUAL_BAL
BAL,HV-ACCOUNT-AVAIL-BAL, HV_ACCOUNT_AVAIL_BAL
BAL,INQACC-ACTUAL-BAL, INQACC_ACTUAL_BAL
BAL,INQACC-AVAIL-BAL, INQACC_AVAIL_BAL
BALANCE,ACCOUNT-ACTUAL-BALANCE, ACCOUNT_ACTUAL_BALANCE
BALANCE,ACCOUNT-AVAILABLE-BALANCE, ACCOUNT_AVAILABLE_BALANCE
CATCHER,ACCOUNT-EYE-CATCHER, ACCOUNT_EYE_CATCHER
CICS,WS-CICS-RESP, WS_CICS_RESP
CICS,WS-CICS-RESP2, WS_CICS_RESP2
CODE,ABND-CODE, ABND_CODE
CODE,ACCOUNT-SORT-CODE, ACCOUNT_SORT_CODE
CODE,MY-ABEND-CODE, MY_ABEND_CODE
CODE,REQUIRED-SORT-CODE, REQUIRED_SORT_CODE
CONDITION,STORM-DRAIN-CONDITION, STORM_DRAIN_CONDITION
CURSOR,ACC-CURSOR, ACC_CURSOR
CUST,ACCOUNT-CUST-NO, ACCOUNT_CUST_NO
CUST,HV-ACCOUNT-CUST-NO, HV_ACCOUNT_CUST_NO
CUSTNO,INQACC-CUSTNO, INQACC_CUSTNO
DATA,OUTPUT-DATA, OUTPUT_DATA
DATE,ABND-DATE, ABND_DATE
DATE,ACCOUNT-LAST-STMT-DATE, ACCOUNT_LAST_STMT_DATE
DATE,ACCOUNT-NEXT-STMT-DATE, ACCOUNT_NEXT_STMT_DATE
DATE,DB2-DATE-REF-DAY, DB2_DATE_REF_DAY
DATE,DB2-DATE-REF-MNTH, DB2_DATE_REF_MNTH
DATE,DB2-DATE-REF-YR, DB2_DATE_REF_YR
DATE,DB2-DATE-REFORMAT, DB2_DATE_REFORMAT
DATE,WS-ORIG-DATE, WS_ORIG_DATE
DAY,ACCOUNT-LAST-STMT-DAY, ACCOUNT_LAST_STMT_DAY
DAY,ACCOUNT-NEXT-STMT-DAY, ACCOUNT_NEXT_STMT_DAY
DAY,ACCOUNT-OPENED-DAY, ACCOUNT_OPENED_DAY
DAY,DB2-DATE-REF-DAY, DB2_DATE_REF_DAY
DB2,DB2-DATE-REF-DAY, DB2_DATE_REF_DAY
DB2,DB2-DATE-REF-MNTH, DB2_DATE_REF_MNTH
DB2,DB2-DATE-REF-YR, DB2_DATE_REF_YR
DB2,DB2-DATE-REFORMAT, DB2_DATE_REFORMAT
DISPLAY,SQLCODE-DISPLAY, SQLCODE_DISPLAY
DRAIN,STORM-DRAIN-CONDITION, STORM_DRAIN_CONDITION
DRAIN,WS-STORM-DRAIN, WS_STORM_DRAIN
DT,INQACC-LAST-STMT-DT, INQACC_LAST_STMT_DT
DT,INQACC-NEXT-STMT-DT, INQACC_NEXT_STMT_DT
EYE,ACCOUNT-EYE-CATCHER, ACCOUNT_EYE_CATCHER
EYE,INQACC-EYE, INQACC_EYE
EYECATCHER,HV-ACCOUNT-EYECATCHER, HV_ACCOUNT_EYECATCHER
FREEFORM,ABND-FREEFORM, ABND_FREEFORM
GRP,WS-TIME-NOW-GRP-HH, WS_TIME_NOW_GRP_HH
GRP,WS-TIME-NOW-GRP-MM, WS_TIME_NOW_GRP_MM
HANDLING,ABEND-HANDLING, ABEND_HANDLING
HH,WS-TIME-NOW-GRP-HH, WS_TIME_NOW_GRP_HH
HV,HV-ACCOUNT-ACC-NO, HV_ACCOUNT_ACC_NO
HV,HV-ACCOUNT-ACC-TYPE, HV_ACCOUNT_ACC_TYPE
HV,HV-ACCOUNT-ACTUAL-BAL, HV_ACCOUNT_ACTUAL_BAL
HV,HV-ACCOUNT-AVAIL-BAL, HV_ACCOUNT_AVAIL_BAL
HV,HV-ACCOUNT-CUST-NO, HV_ACCOUNT_CUST_NO
HV,HV-ACCOUNT-EYECATCHER, HV_ACCOUNT_EYECATCHER
HV,HV-ACCOUNT-INT-RATE, HV_ACCOUNT_INT_RATE
HV,HV-ACCOUNT-LAST-STMT, HV_ACCOUNT_LAST_STMT
HV,HV-ACCOUNT-NEXT-STMT, HV_ACCOUNT_NEXT_STMT
HV,HV-ACCOUNT-OPENED, HV_ACCOUNT_OPENED
HV,HV-ACCOUNT-OVERDRAFT-LIM, HV_ACCOUNT_OVERDRAFT_LIM
HV,HV-ACCOUNT-SORTCODE, HV_ACCOUNT_SORTCODE
INQACC,INQACC-ACC-TYPE, INQACC_ACC_TYPE
INQACC,INQACC-ACCNO, INQACC_ACCNO
INQACC,INQACC-ACTUAL-BAL, INQACC_ACTUAL_BAL
INQACC,INQACC-AVAIL-BAL, INQACC_AVAIL_BAL
INQACC,INQACC-CUSTNO, INQACC_CUSTNO
INQACC,INQACC-EYE, INQACC_EYE
INQACC,INQACC-INT-RATE, INQACC_INT_RATE
INQACC,INQACC-LAST-STMT-DT, INQACC_LAST_STMT_DT
INQACC,INQACC-NEXT-STMT-DT, INQACC_NEXT_STMT_DT
INQACC,INQACC-OPENED, INQACC_OPENED
INQACC,INQACC-OVERDRAFT, INQACC_OVERDRAFT
INQACC,INQACC-SCODE, INQACC_SCODE
INQACC,INQACC-SUCCESS, INQACC_SUCCESS
INT,HV-ACCOUNT-INT-RATE, HV_ACCOUNT_INT_RATE
INT,INQACC-INT-RATE, INQACC_INT_RATE
INTEREST,ACCOUNT-INTEREST-RATE, ACCOUNT_INTEREST_RATE
KEY,ABND-TASKNO-KEY, ABND_TASKNO_KEY
KEY,ABND-UTIME-KEY, ABND_UTIME_KEY
LAST,ACCOUNT-LAST-STMT-DATE, ACCOUNT_LAST_STMT_DATE
LAST,ACCOUNT-LAST-STMT-DAY, ACCOUNT_LAST_STMT_DAY
LAST,ACCOUNT-LAST-STMT-MONTH, ACCOUNT_LAST_STMT_MONTH
LAST,ACCOUNT-LAST-STMT-YEAR, ACCOUNT_LAST_STMT_YEAR
LAST,HV-ACCOUNT-LAST-STMT, HV_ACCOUNT_LAST_STMT
LAST,INQACC-LAST-STMT-DT, INQACC_LAST_STMT_DT
LIM,HV-ACCOUNT-OVERDRAFT-LIM, HV_ACCOUNT_OVERDRAFT_LIM
LIMIT,ACCOUNT-OVERDRAFT-LIMIT, ACCOUNT_OVERDRAFT_LIMIT
MM,WS-TIME-NOW-GRP-MM, WS_TIME_NOW_GRP_MM
MNTH,DB2-DATE-REF-MNTH, DB2_DATE_REF_MNTH
MONTH,ACCOUNT-LAST-STMT-MONTH, ACCOUNT_LAST_STMT_MONTH
MONTH,ACCOUNT-NEXT-STMT-MONTH, ACCOUNT_NEXT_STMT_MONTH
MONTH,ACCOUNT-OPENED-MONTH, ACCOUNT_OPENED_MONTH
MY,MY-ABEND-CODE, MY_ABEND_CODE
NAME,NCS-ACC-NO-NAME, NCS_ACC_NO_NAME
NCS,NCS-ACC-NO-NAME, NCS_ACC_NO_NAME
NCS,NCS-ACC-NO-VALUE, NCS_ACC_NO_VALUE
NEXT,ACCOUNT-NEXT-STMT-DATE, ACCOUNT_NEXT_STMT_DATE
NEXT,ACCOUNT-NEXT-STMT-DAY, ACCOUNT_NEXT_STMT_DAY
NEXT,ACCOUNT-NEXT-STMT-MONTH, ACCOUNT_NEXT_STMT_MONTH
NEXT,ACCOUNT-NEXT-STMT-YEAR, ACCOUNT_NEXT_STMT_YEAR
NEXT,HV-ACCOUNT-NEXT-STMT, HV_ACCOUNT_NEXT_STMT
NEXT,INQACC-NEXT-STMT-DT, INQACC_NEXT_STMT_DT
NO,ACCOUNT-CUST-NO, ACCOUNT_CUST_NO
NO,HV-ACCOUNT-ACC-NO, HV_ACCOUNT_ACC_NO
NO,HV-ACCOUNT-CUST-NO, HV_ACCOUNT_CUST_NO
NO,NCS-ACC-NO-NAME, NCS_ACC_NO_NAME
NO,NCS-ACC-NO-VALUE, NCS_ACC_NO_VALUE
NOW,WS-TIME-NOW, WS_TIME_NOW
NOW,WS-TIME-NOW-GRP-HH, WS_TIME_NOW_GRP_HH
NOW,WS-TIME-NOW-GRP-MM, WS_TIME_NOW_GRP_MM
NUMBER,ACCOUNT-NUMBER, ACCOUNT_NUMBER
NUMBER2,REQUIRED-ACC-NUMBER2, REQUIRED_ACC_NUMBER2
OPENED,ACCOUNT-OPENED, ACCOUNT_OPENED
OPENED,ACCOUNT-OPENED-DAY, ACCOUNT_OPENED_DAY
OPENED,ACCOUNT-OPENED-MONTH, ACCOUNT_OPENED_MONTH
OPENED,ACCOUNT-OPENED-YEAR, ACCOUNT_OPENED_YEAR
OPENED,HV-ACCOUNT-OPENED, HV_ACCOUNT_OPENED
OPENED,INQACC-OPENED, INQACC_OPENED
ORIG,WS-ORIG-DATE, WS_ORIG_DATE
OUTPUT,OUTPUT-DATA, OUTPUT_DATA
OVERDRAFT,ACCOUNT-OVERDRAFT-LIMIT, ACCOUNT_OVERDRAFT_LIMIT
OVERDRAFT,HV-ACCOUNT-OVERDRAFT-LIM, HV_ACCOUNT_OVERDRAFT_LIM
OVERDRAFT,INQACC-OVERDRAFT, INQACC_OVERDRAFT
PGM,WS-ABEND-PGM, WS_ABEND_PGM
PROGRAM,ABND-PROGRAM, ABND_PROGRAM
RATE,ACCOUNT-INTEREST-RATE, ACCOUNT_INTEREST_RATE
RATE,HV-ACCOUNT-INT-RATE, HV_ACCOUNT_INT_RATE
RATE,INQACC-INT-RATE, INQACC_INT_RATE
REC,ABNDINFO-REC, ABNDINFO_REC
REF,DB2-DATE-REF-DAY, DB2_DATE_REF_DAY
REF,DB2-DATE-REF-MNTH, DB2_DATE_REF_MNTH
REF,DB2-DATE-REF-YR, DB2_DATE_REF_YR
REFORMAT,DB2-DATE-REFORMAT, DB2_DATE_REFORMAT
REQUIRED,REQUIRED-ACC-NUMBER2, REQUIRED_ACC_NUMBER2
REQUIRED,REQUIRED-SORT-CODE, REQUIRED_SORT_CODE
RESP,WS-CICS-RESP, WS_CICS_RESP
RESP2,WS-CICS-RESP2, WS_CICS_RESP2
RESP2CODE,ABND-RESP2CODE, ABND_RESP2CODE
RESPCODE,ABND-RESPCODE, ABND_RESPCODE
SCODE,INQACC-SCODE, INQACC_SCODE
SORT,ACCOUNT-SORT-CODE, ACCOUNT_SORT_CODE
SORT,REQUIRED-SORT-CODE, REQUIRED_SORT_CODE
SORTCODE,HV-ACCOUNT-SORTCODE, HV_ACCOUNT_SORTCODE
SQLCODE,ABND-SQLCODE, ABND_SQLCODE
SQLCODE,SQLCODE-DISPLAY, SQLCODE_DISPLAY
STMT,ACCOUNT-LAST-STMT-DATE, ACCOUNT_LAST_STMT_DATE
STMT,ACCOUNT-LAST-STMT-DAY, ACCOUNT_LAST_STMT_DAY
STMT,ACCOUNT-LAST-STMT-MONTH, ACCOUNT_LAST_STMT_MONTH
STMT,ACCOUNT-LAST-STMT-YEAR, ACCOUNT_LAST_STMT_YEAR
STMT,ACCOUNT-NEXT-STMT-DATE, ACCOUNT_NEXT_STMT_DATE
STMT,ACCOUNT-NEXT-STMT-DAY, ACCOUNT_NEXT_STMT_DAY
STMT,ACCOUNT-NEXT-STMT-MONTH, ACCOUNT_NEXT_STMT_MONTH
STMT,ACCOUNT-NEXT-STMT-YEAR, ACCOUNT_NEXT_STMT_YEAR
STMT,HV-ACCOUNT-LAST-STMT, HV_ACCOUNT_LAST_STMT
STMT,HV-ACCOUNT-NEXT-STMT, HV_ACCOUNT_NEXT_STMT
STMT,INQACC-LAST-STMT-DT, INQACC_LAST_STMT_DT
STMT,INQACC-NEXT-STMT-DT, INQACC_NEXT_STMT_DT
STORM,STORM-DRAIN-CONDITION, STORM_DRAIN_CONDITION
STORM,WS-STORM-DRAIN, WS_STORM_DRAIN
SUCCESS,INQACC-SUCCESS, INQACC_SUCCESS
TASKNO,ABND-TASKNO-KEY, ABND_TASKNO_KEY
TIME,ABND-TIME, ABND_TIME
TIME,WS-TIME-NOW, WS_TIME_NOW
TIME,WS-TIME-NOW-GRP-HH, WS_TIME_NOW_GRP_HH
TIME,WS-TIME-NOW-GRP-MM, WS_TIME_NOW_GRP_MM
TIME,WS-U-TIME, WS_U_TIME
TRANID,ABND-TRANID, ABND_TRANID
TYPE,ACCOUNT-TYPE, ACCOUNT_TYPE
TYPE,HV-ACCOUNT-ACC-TYPE, HV_ACCOUNT_ACC_TYPE
TYPE,INQACC-ACC-TYPE, INQACC_ACC_TYPE
UTIME,ABND-UTIME-KEY, ABND_UTIME_KEY
VALUE,NCS-ACC-NO-VALUE, NCS_ACC_NO_VALUE
WS,WS-ABEND-PGM, WS_ABEND_PGM
WS,WS-CICS-RESP, WS_CICS_RESP
WS,WS-CICS-RESP2, WS_CICS_RESP2
WS,WS-ORIG-DATE, WS_ORIG_DATE
WS,WS-STORM-DRAIN, WS_STORM_DRAIN
WS,WS-TIME-NOW, WS_TIME_NOW
WS,WS-TIME-NOW-GRP-HH, WS_TIME_NOW_GRP_HH
WS,WS-TIME-NOW-GRP-MM, WS_TIME_NOW_GRP_MM
WS,WS-U-TIME, WS_U_TIME
YEAR,ACCOUNT-LAST-STMT-YEAR, ACCOUNT_LAST_STMT_YEAR
YEAR,ACCOUNT-NEXT-STMT-YEAR, ACCOUNT_NEXT_STMT_YEAR
YEAR,ACCOUNT-OPENED-YEAR, ACCOUNT_OPENED_YEAR
YR,DB2-DATE-REF-YR, DB2_DATE_REF_YR
