Abbreviation, Program Term, Business Term
ABEND,ABEND-HANDLING, ABEND_HANDLING
ABEND,MY-ABEND-CODE, MY_ABEND_CODE
ABEND,WS-ABEND-PGM, WS_ABEND_PGM
ABND,ABND-APPLID, ABND_APPLID
ABND,ABND-CODE, ABND_CODE
ABND,ABND-DATE, ABND_DATE
ABND,ABND-FREEFORM, ABND_FREEFORM
ABND,ABND-PROGRAM, ABND_PROGRAM
ABND,ABND-RESP2CODE, ABND_RESP2CODE
ABND,ABND-RESPCODE, ABND_RESPCODE
ABND,ABND-SQLCODE, ABND_SQLCODE
ABND,ABND-TASKNO-KEY, ABND_TASKNO_KEY
ABND,ABND-TIME, ABND_TIME
ABND,ABND-TRANID, ABND_TRANID
ABND,ABND-UTIME-KEY, ABND_UTIME_KEY
ABNDINFO,ABNDINFO-REC, ABNDINFO_REC
ADDR,INQCUST-ADDR, INQCUST_ADDR
ADDRESS,CUSTOMER-ADDRESS, CUSTOMER_ADDRESS
APPLID,ABND-APPLID, ABND_APPLID
BIRTH,CUSTOMER-DATE-OF-BIRTH, CUSTOMER_DATE_OF_BIRTH
CD,INQCUST-INQ-FAIL-CD, INQCUST_INQ_FAIL_CD
CICS,WS-CICS-RESP, WS_CICS_RESP
CICS,WS-CICS-RESP2, WS_CICS_RESP2
CODE,ABND-CODE, ABND_CODE
CODE,MY-ABEND-CODE, MY_ABEND_CODE
CODE,REQUIRED-SORT-CODE, REQUIRED_SORT_CODE
CREDIT,CUSTOMER-CREDIT-SCORE, CUSTOMER_CREDIT_SCORE
CREDIT,INQCUST-CREDIT-SCORE, INQCUST_CREDIT_SCORE
CS,CUSTOMER-CS-REVIEW-DATE, CUSTOMER_CS_REVIEW_DATE
CS,INQCUST-CS-REVIEW-DT, INQCUST_CS_REVIEW_DT
CUST,NCS-CUST-NO-VALUE, NCS_CUST_NO_VALUE
CUST,REQUIRED-CUST-NUMBER, REQUIRED_CUST_NUMBER
CUST,REQUIRED-CUST-NUMBER2, REQUIRED_CUST_NUMBER2
CUSTNO,INQCUST-CUSTNO, INQCUST_CUSTNO
CUSTOMER,CUSTOMER-ADDRESS, CUSTOMER_ADDRESS
CUSTOMER,CUSTOMER-CREDIT-SCORE, CUSTOMER_CREDIT_SCORE
CUSTOMER,CUSTOMER-CS-REVIEW-DATE, CUSTOMER_CS_REVIEW_DATE
CUSTOMER,CUSTOMER-DATE-OF-BIRTH, CUSTOMER_DATE_OF_BIRTH
CUSTOMER,CUSTOMER-EYECATCHER, CUSTOMER_EYECATCHER
CUSTOMER,CUSTOMER-KY, CUSTOMER_KY
CUSTOMER,CUSTOMER-KY2, CUSTOMER_KY2
CUSTOMER,CUSTOMER-NAME, CUSTOMER_NAME
CUSTOMER,CUSTOMER-NUMBER, CUSTOMER_NUMBER
CUSTOMER,CUSTOMER-SORTCODE, CUSTOMER_SORTCODE
CUSTOMER,RANDOM-CUSTOMER, RANDOM_CUSTOMER
DATA,OUTPUT-DATA, OUTPUT_DATA
DATE,ABND-DATE, ABND_DATE
DATE,CUSTOMER-CS-REVIEW-DATE, CUSTOMER_CS_REVIEW_DATE
DATE,CUSTOMER-DATE-OF-BIRTH, CUSTOMER_DATE_OF_BIRTH
DATE,WS-ORIG-DATE, WS_ORIG_DATE
DB2,EXIT-DB2-READ, EXIT_DB2_READ
DOB,INQCUST-DOB, INQCUST_DOB
DRAIN,WS-STORM-DRAIN, WS_STORM_DRAIN
DT,INQCUST-CS-REVIEW-DT, INQCUST_CS_REVIEW_DT
EXIT,EXIT-DB2-READ, EXIT_DB2_READ
EXIT,EXIT-VSAM-READ, EXIT_VSAM_READ
EYE,INQCUST-EYE, INQCUST_EYE
EYECATCHER,CUSTOMER-EYECATCHER, CUSTOMER_EYECATCHER
FAIL,INQCUST-INQ-FAIL-CD, INQCUST_INQ_FAIL_CD
FREEFORM,ABND-FREEFORM, ABND_FREEFORM
GRP,WS-TIME-NOW-GRP-HH, WS_TIME_NOW_GRP_HH
GRP,WS-TIME-NOW-GRP-MM, WS_TIME_NOW_GRP_MM
HANDLING,ABEND-HANDLING, ABEND_HANDLING
HH,WS-TIME-NOW-GRP-HH, WS_TIME_NOW_GRP_HH
INQ,INQCUST-INQ-FAIL-CD, INQCUST_INQ_FAIL_CD
INQ,INQCUST-INQ-SUCCESS, INQCUST_INQ_SUCCESS
INQCUST,INQCUST-ADDR, INQCUST_ADDR
INQCUST,INQCUST-CREDIT-SCORE, INQCUST_CREDIT_SCORE
INQCUST,INQCUST-CS-REVIEW-DT, INQCUST_CS_REVIEW_DT
INQCUST,INQCUST-CUSTNO, INQCUST_CUSTNO
INQCUST,INQCUST-DOB, INQCUST_DOB
INQCUST,INQCUST-EYE, INQCUST_EYE
INQCUST,INQCUST-INQ-FAIL-CD, INQCUST_INQ_FAIL_CD
INQCUST,INQCUST-INQ-SUCCESS, INQCUST_INQ_SUCCESS
INQCUST,INQCUST-NAME, INQCUST_NAME
INQCUST,INQCUST-RETRY, INQCUST_RETRY
INQCUST,INQCUST-SCODE, INQCUST_SCODE
KEY,ABND-TASKNO-KEY, ABND_TASKNO_KEY
KEY,ABND-UTIME-KEY, ABND_UTIME_KEY
KY,CUSTOMER-KY, CUSTOMER_KY
KY2,CUSTOMER-KY2, CUSTOMER_KY2
MM,WS-TIME-NOW-GRP-MM, WS_TIME_NOW_GRP_MM
MY,MY-ABEND-CODE, MY_ABEND_CODE
NAME,CUSTOMER-NAME, CUSTOMER_NAME
NAME,INQCUST-NAME, INQCUST_NAME
NCS,NCS-CUST-NO-VALUE, NCS_CUST_NO_VALUE
NO,NCS-CUST-NO-VALUE, NCS_CUST_NO_VALUE
NOW,WS-TIME-NOW, WS_TIME_NOW
NOW,WS-TIME-NOW-GRP-HH, WS_TIME_NOW_GRP_HH
NOW,WS-TIME-NOW-GRP-MM, WS_TIME_NOW_GRP_MM
NUMBER,CUSTOMER-NUMBER, CUSTOMER_NUMBER
NUMBER,REQUIRED-CUST-NUMBER, REQUIRED_CUST_NUMBER
NUMBER2,REQUIRED-CUST-NUMBER2, REQUIRED_CUST_NUMBER2
OF,CUSTOMER-DATE-OF-BIRTH, CUSTOMER_DATE_OF_BIRTH
ORIG,WS-ORIG-DATE, WS_ORIG_DATE
OUTPUT,OUTPUT-DATA, OUTPUT_DATA
PGM,WS-ABEND-PGM, WS_ABEND_PGM
PROGRAM,ABND-PROGRAM, ABND_PROGRAM
RANDOM,RANDOM-CUSTOMER, RANDOM_CUSTOMER
READ,EXIT-DB2-READ, EXIT_DB2_READ
READ,EXIT-VSAM-READ, EXIT_VSAM_READ
REC,ABNDINFO-REC, ABNDINFO_REC
REQUIRED,REQUIRED-CUST-NUMBER, REQUIRED_CUST_NUMBER
REQUIRED,REQUIRED-CUST-NUMBER2, REQUIRED_CUST_NUMBER2
REQUIRED,REQUIRED-SORT-CODE, REQUIRED_SORT_CODE
RESP,WS-CICS-RESP, WS_CICS_RESP
RESP2,WS-CICS-RESP2, WS_CICS_RESP2
RESP2CODE,ABND-RESP2CODE, ABND_RESP2CODE
RESPCODE,ABND-RESPCODE, ABND_RESPCODE
RETRIED,WS-D-RETRIED, WS_D_RETRIED
RETRIED,WS-V-RETRIED, WS_V_RETRIED
RETRY,INQCUST-RETRY, INQCUST_RETRY
RETRY,SYSIDERR-RETRY, SYSIDERR_RETRY
REVIEW,CUSTOMER-CS-REVIEW-DATE, CUSTOMER_CS_REVIEW_DATE
REVIEW,INQCUST-CS-REVIEW-DT, INQCUST_CS_REVIEW_DT
SCODE,INQCUST-SCODE, INQCUST_SCODE
SCORE,CUSTOMER-CREDIT-SCORE, CUSTOMER_CREDIT_SCORE
SCORE,INQCUST-CREDIT-SCORE, INQCUST_CREDIT_SCORE
SORT,REQUIRED-SORT-CODE, REQUIRED_SORT_CODE
SORTCODE,CUSTOMER-SORTCODE, CUSTOMER_SORTCODE
SQLCODE,ABND-SQLCODE, ABND_SQLCODE
STORM,WS-STORM-DRAIN, WS_STORM_DRAIN
SUCCESS,INQCUST-INQ-SUCCESS, INQCUST_INQ_SUCCESS
SYSIDERR,SYSIDERR-RETRY, SYSIDERR_RETRY
TASKNO,ABND-TASKNO-KEY, ABND_TASKNO_KEY
TIME,ABND-TIME, ABND_TIME
TIME,WS-TIME-NOW, WS_TIME_NOW
TIME,WS-TIME-NOW-GRP-HH, WS_TIME_NOW_GRP_HH
TIME,WS-TIME-NOW-GRP-MM, WS_TIME_NOW_GRP_MM
TIME,WS-U-TIME, WS_U_TIME
TRANID,ABND-TRANID, ABND_TRANID
UTIME,ABND-UTIME-KEY, ABND_UTIME_KEY
VALUE,NCS-CUST-NO-VALUE, NCS_CUST_NO_VALUE
VSAM,EXIT-VSAM-READ, EXIT_VSAM_READ
WS,WS-ABEND-PGM, WS_ABEND_PGM
WS,WS-CICS-RESP, WS_CICS_RESP
WS,WS-CICS-RESP2, WS_CICS_RESP2
WS,WS-D-RETRIED, WS_D_RETRIED
WS,WS-ORIG-DATE, WS_ORIG_DATE
WS,WS-STORM-DRAIN, WS_STORM_DRAIN
WS,WS-TIME-NOW, WS_TIME_NOW
WS,WS-TIME-NOW-GRP-HH, WS_TIME_NOW_GRP_HH
WS,WS-TIME-NOW-GRP-MM, WS_TIME_NOW_GRP_MM
WS,WS-U-TIME, WS_U_TIME
WS,WS-V-RETRIED, WS_V_RETRIED
