Abbreviation, Program Term, Business Term
ACC,COMM-ACC-TYPE, COMM_ACC_TYPE
ACC,DESIRED-ACC-NO, DESIRED_ACC_NO
ACC,HV-ACCOUNT-ACC-NO, HV_ACCOUNT_ACC_NO
ACC,HV-ACCOUNT-ACC-TYPE, HV_ACCOUNT_ACC_TYPE
ACCNO,COMM-ACCNO, COMM_ACCNO
ACCOUNT,HV-ACCOUNT-ACC-NO, HV_ACCOUNT_ACC_NO
ACCOUNT,HV-ACCOUNT-ACC-TYPE, HV_ACCOUNT_ACC_TYPE
ACCOUNT,HV-ACCOUNT-ACTUAL-BAL, HV_ACCOUNT_ACTUAL_BAL
ACCOUNT,HV-ACCOUNT-AVAIL-BAL, HV_ACCOUNT_AVAIL_BAL
ACCOUNT,HV-ACCOUNT-CUST-NO, HV_ACCOUNT_CUST_NO
ACCOUNT,HV-ACCOUNT-EYECATCHER, HV_ACCOUNT_EYECATCHER
ACCOUNT,HV-ACCOUNT-INT-RATE, HV_ACCOUNT_INT_RATE
ACCOUNT,HV-ACCOUNT-LAST-STMT, HV_ACCOUNT_LAST_STMT
ACCOUNT,HV-ACCOUNT-NEXT-STMT, HV_ACCOUNT_NEXT_STMT
ACCOUNT,HV-ACCOUNT-OPENED, HV_ACCOUNT_OPENED
ACCOUNT,HV-ACCOUNT-OVERDRAFT-LIM, HV_ACCOUNT_OVERDRAFT_LIM
ACCOUNT,HV-ACCOUNT-SORTCODE, HV_ACCOUNT_SORTCODE
ACTUAL,COMM-ACTUAL-BAL, COMM_ACTUAL_BAL
ACTUAL,HV-ACCOUNT-ACTUAL-BAL, HV_ACCOUNT_ACTUAL_BAL
AVAIL,COMM-AVAIL-BAL, COMM_AVAIL_BAL
AVAIL,HV-ACCOUNT-AVAIL-BAL, HV_ACCOUNT_AVAIL_BAL
BAL,COMM-ACTUAL-BAL, COMM_ACTUAL_BAL
BAL,COMM-AVAIL-BAL, COMM_AVAIL_BAL
BAL,HV-ACCOUNT-ACTUAL-BAL, HV_ACCOUNT_ACTUAL_BAL
BAL,HV-ACCOUNT-AVAIL-BAL, HV_ACCOUNT_AVAIL_BAL
CODE,DESIRED-SORT-CODE, DESIRED_SORT_CODE
COMM,COMM-ACC-TYPE, COMM_ACC_TYPE
COMM,COMM-ACCNO, COMM_ACCNO
COMM,COMM-ACTUAL-BAL, COMM_ACTUAL_BAL
COMM,COMM-AVAIL-BAL, COMM_AVAIL_BAL
COMM,COMM-CUSTNO, COMM_CUSTNO
COMM,COMM-EYE, COMM_EYE
COMM,COMM-INT-RATE, COMM_INT_RATE
COMM,COMM-LASTST-DAY, COMM_LASTST_DAY
COMM,COMM-LASTST-MONTH, COMM_LASTST_MONTH
COMM,COMM-LASTST-YEAR, COMM_LASTST_YEAR
COMM,COMM-NEXTST-DAY, COMM_NEXTST_DAY
COMM,COMM-NEXTST-MONTH, COMM_NEXTST_MONTH
COMM,COMM-NEXTST-YEAR, COMM_NEXTST_YEAR
COMM,COMM-OPENED-DAY, COMM_OPENED_DAY
COMM,COMM-OPENED-MONTH, COMM_OPENED_MONTH
COMM,COMM-OPENED-YEAR, COMM_OPENED_YEAR
COMM,COMM-OVERDRAFT, COMM_OVERDRAFT
COMM,COMM-SCODE, COMM_SCODE
COMM,COMM-SUCCESS, COMM_SUCCESS
CUST,HV-ACCOUNT-CUST-NO, HV_ACCOUNT_CUST_NO
CUSTNO,COMM-CUSTNO, COMM_CUSTNO
DATE,DB2-DATE-REF-DAY, DB2_DATE_REF_DAY
DATE,DB2-DATE-REF-MNTH, DB2_DATE_REF_MNTH
DATE,DB2-DATE-REF-YR, DB2_DATE_REF_YR
DATE,DB2-DATE-REFORMAT, DB2_DATE_REFORMAT
DATE,WS-ORIG-DATE, WS_ORIG_DATE
DAY,COMM-LASTST-DAY, COMM_LASTST_DAY
DAY,COMM-NEXTST-DAY, COMM_NEXTST_DAY
DAY,COMM-OPENED-DAY, COMM_OPENED_DAY
DAY,DB2-DATE-REF-DAY, DB2_DATE_REF_DAY
DB2,DB2-DATE-REF-DAY, DB2_DATE_REF_DAY
DB2,DB2-DATE-REF-MNTH, DB2_DATE_REF_MNTH
DB2,DB2-DATE-REF-YR, DB2_DATE_REF_YR
DB2,DB2-DATE-REFORMAT, DB2_DATE_REFORMAT
DESIRED,DESIRED-ACC-NO, DESIRED_ACC_NO
DESIRED,DESIRED-SORT-CODE, DESIRED_SORT_CODE
DISPLAY,SQLCODE-DISPLAY, SQLCODE_DISPLAY
EYE,COMM-EYE, COMM_EYE
EYECATCHER,HV-ACCOUNT-EYECATCHER, HV_ACCOUNT_EYECATCHER
HV,HV-ACCOUNT-ACC-NO, HV_ACCOUNT_ACC_NO
HV,HV-ACCOUNT-ACC-TYPE, HV_ACCOUNT_ACC_TYPE
HV,HV-ACCOUNT-ACTUAL-BAL, HV_ACCOUNT_ACTUAL_BAL
HV,HV-ACCOUNT-AVAIL-BAL, HV_ACCOUNT_AVAIL_BAL
HV,HV-ACCOUNT-CUST-NO, HV_ACCOUNT_CUST_NO
HV,HV-ACCOUNT-EYECATCHER, HV_ACCOUNT_EYECATCHER
HV,HV-ACCOUNT-INT-RATE, HV_ACCOUNT_INT_RATE
HV,HV-ACCOUNT-LAST-STMT, HV_ACCOUNT_LAST_STMT
HV,HV-ACCOUNT-NEXT-STMT, HV_ACCOUNT_NEXT_STMT
HV,HV-ACCOUNT-OPENED, HV_ACCOUNT_OPENED
HV,HV-ACCOUNT-OVERDRAFT-LIM, HV_ACCOUNT_OVERDRAFT_LIM
HV,HV-ACCOUNT-SORTCODE, HV_ACCOUNT_SORTCODE
INT,COMM-INT-RATE, COMM_INT_RATE
INT,HV-ACCOUNT-INT-RATE, HV_ACCOUNT_INT_RATE
LAST,HV-ACCOUNT-LAST-STMT, HV_ACCOUNT_LAST_STMT
LASTST,COMM-LASTST-DAY, COMM_LASTST_DAY
LASTST,COMM-LASTST-MONTH, COMM_LASTST_MONTH
LASTST,COMM-LASTST-YEAR, COMM_LASTST_YEAR
LIM,HV-ACCOUNT-OVERDRAFT-LIM, HV_ACCOUNT_OVERDRAFT_LIM
MNTH,DB2-DATE-REF-MNTH, DB2_DATE_REF_MNTH
MONTH,COMM-LASTST-MONTH, COMM_LASTST_MONTH
MONTH,COMM-NEXTST-MONTH, COMM_NEXTST_MONTH
MONTH,COMM-OPENED-MONTH, COMM_OPENED_MONTH
NEXT,HV-ACCOUNT-NEXT-STMT, HV_ACCOUNT_NEXT_STMT
NEXTST,COMM-NEXTST-DAY, COMM_NEXTST_DAY
NEXTST,COMM-NEXTST-MONTH, COMM_NEXTST_MONTH
NEXTST,COMM-NEXTST-YEAR, COMM_NEXTST_YEAR
NO,DESIRED-ACC-NO, DESIRED_ACC_NO
NO,HV-ACCOUNT-ACC-NO, HV_ACCOUNT_ACC_NO
NO,HV-ACCOUNT-CUST-NO, HV_ACCOUNT_CUST_NO
NOW,WS-TIME-NOW, WS_TIME_NOW
OPENED,COMM-OPENED-DAY, COMM_OPENED_DAY
OPENED,COMM-OPENED-MONTH, COMM_OPENED_MONTH
OPENED,COMM-OPENED-YEAR, COMM_OPENED_YEAR
OPENED,HV-ACCOUNT-OPENED, HV_ACCOUNT_OPENED
ORIG,WS-ORIG-DATE, WS_ORIG_DATE
OVERDRAFT,COMM-OVERDRAFT, COMM_OVERDRAFT
OVERDRAFT,HV-ACCOUNT-OVERDRAFT-LIM, HV_ACCOUNT_OVERDRAFT_LIM
RATE,COMM-INT-RATE, COMM_INT_RATE
RATE,HV-ACCOUNT-INT-RATE, HV_ACCOUNT_INT_RATE
REF,DB2-DATE-REF-DAY, DB2_DATE_REF_DAY
REF,DB2-DATE-REF-MNTH, DB2_DATE_REF_MNTH
REF,DB2-DATE-REF-YR, DB2_DATE_REF_YR
REFORMAT,DB2-DATE-REFORMAT, DB2_DATE_REFORMAT
SCODE,COMM-SCODE, COMM_SCODE
SORT,DESIRED-SORT-CODE, DESIRED_SORT_CODE
SORTCODE,HV-ACCOUNT-SORTCODE, HV_ACCOUNT_SORTCODE
SQLCODE,SQLCODE-DISPLAY, SQLCODE_DISPLAY
STMT,HV-ACCOUNT-LAST-STMT, HV_ACCOUNT_LAST_STMT
STMT,HV-ACCOUNT-NEXT-STMT, HV_ACCOUNT_NEXT_STMT
SUCCESS,COMM-SUCCESS, COMM_SUCCESS
TIME,WS-TIME-NOW, WS_TIME_NOW
TIME,WS-U-TIME, WS_U_TIME
TYPE,COMM-ACC-TYPE, COMM_ACC_TYPE
TYPE,HV-ACCOUNT-ACC-TYPE, HV_ACCOUNT_ACC_TYPE
WS,WS-ORIG-DATE, WS_ORIG_DATE
WS,WS-TIME-NOW, WS_TIME_NOW
WS,WS-U-TIME, WS_U_TIME
YEAR,COMM-LASTST-YEAR, COMM_LASTST_YEAR
YEAR,COMM-NEXTST-YEAR, COMM_NEXTST_YEAR
YEAR,COMM-OPENED-YEAR, COMM_OPENED_YEAR
YR,DB2-DATE-REF-YR, DB2_DATE_REF_YR
