Abbreviation, Program Term, Business Term
ADDR,COMM-ADDR, COMM_ADDR
ADDRESS,CUSTOMER-ADDRESS, CUSTOMER_ADDRESS
BIRTH,CUSTOMER-DATE-OF-BIRTH, CUSTOMER_DATE_OF_BIRTH
CD,COMM-UPD-FAIL-CD, COMM_UPD_FAIL_CD
CICS,WS-CICS-RESP, WS_CICS_RESP
CICS,WS-CICS-RESP2, WS_CICS_RESP2
CODE,DESIRED-SORT-CODE, DESIRED_SORT_CODE
COMM,COMM-ADDR, COMM_ADDR
COMM,COMM-CREDIT-SCORE, COMM_CREDIT_SCORE
COMM,COMM-CS-REVIEW-DATE, COMM_CS_REVIEW_DATE
COMM,COMM-CUSTNO, COMM_CUSTNO
COMM,COMM-DOB, COMM_DOB
COMM,COMM-EYE, COMM_EYE
COMM,COMM-NAME, COMM_NAME
COMM,COMM-SCODE, COMM_SCODE
COMM,COMM-UPD-FAIL-CD, COMM_UPD_FAIL_CD
COMM,COMM-UPD-SUCCESS, COMM_UPD_SUCCESS
CREDIT,COMM-CREDIT-SCORE, COMM_CREDIT_SCORE
CREDIT,CUSTOMER-CREDIT-SCORE, CUSTOMER_CREDIT_SCORE
CS,COMM-CS-REVIEW-DATE, COMM_CS_REVIEW_DATE
CS,CUSTOMER-CS-REVIEW-DATE, CUSTOMER_CS_REVIEW_DATE
CUST,DESIRED-CUST-KEY, DESIRED_CUST_KEY
CUST,WS-CUST-DATA, WS_CUST_DATA
CUST,WS-CUST-REC-LEN, WS_CUST_REC_LEN
CUSTNO,COMM-CUSTNO, COMM_CUSTNO
CUSTNO,DESIRED-CUSTNO, DESIRED_CUSTNO
CUSTOMER,CUSTOMER-ADDRESS, CUSTOMER_ADDRESS
CUSTOMER,CUSTOMER-CREDIT-SCORE, CUSTOMER_CREDIT_SCORE
CUSTOMER,CUSTOMER-CS-REVIEW-DATE, CUSTOMER_CS_REVIEW_DATE
CUSTOMER,CUSTOMER-DATE-OF-BIRTH, CUSTOMER_DATE_OF_BIRTH
CUSTOMER,CUSTOMER-EYECATCHER, CUSTOMER_EYECATCHER
CUSTOMER,CUSTOMER-NAME, CUSTOMER_NAME
CUSTOMER,CUSTOMER-NUMBER, CUSTOMER_NUMBER
CUSTOMER,CUSTOMER-SORTCODE, CUSTOMER_SORTCODE
DATA,WS-CUST-DATA, WS_CUST_DATA
DATE,COMM-CS-REVIEW-DATE, COMM_CS_REVIEW_DATE
DATE,CUSTOMER-CS-REVIEW-DATE, CUSTOMER_CS_REVIEW_DATE
DATE,CUSTOMER-DATE-OF-BIRTH, CUSTOMER_DATE_OF_BIRTH
DATE,WS-ORIG-DATE, WS_ORIG_DATE
DESIRED,DESIRED-CUST-KEY, DESIRED_CUST_KEY
DESIRED,DESIRED-CUSTNO, DESIRED_CUSTNO
DESIRED,DESIRED-SORT-CODE, DESIRED_SORT_CODE
DOB,COMM-DOB, COMM_DOB
EYE,COMM-EYE, COMM_EYE
EYECATCHER,CUSTOMER-EYECATCHER, CUSTOMER_EYECATCHER
FAIL,COMM-UPD-FAIL-CD, COMM_UPD_FAIL_CD
KEY,DESIRED-CUST-KEY, DESIRED_CUST_KEY
LEN,WS-CUST-REC-LEN, WS_CUST_REC_LEN
NAME,COMM-NAME, COMM_NAME
NAME,CUSTOMER-NAME, CUSTOMER_NAME
NOW,WS-TIME-NOW, WS_TIME_NOW
NUMBER,CUSTOMER-NUMBER, CUSTOMER_NUMBER
OF,CUSTOMER-DATE-OF-BIRTH, CUSTOMER_DATE_OF_BIRTH
ORIG,WS-ORIG-DATE, WS_ORIG_DATE
REC,WS-CUST-REC-LEN, WS_CUST_REC_LEN
RESP,WS-CICS-RESP, WS_CICS_RESP
RESP2,WS-CICS-RESP2, WS_CICS_RESP2
REVIEW,COMM-CS-REVIEW-DATE, COMM_CS_REVIEW_DATE
REVIEW,CUSTOMER-CS-REVIEW-DATE, CUSTOMER_CS_REVIEW_DATE
SCODE,COMM-SCODE, COMM_SCODE
SCORE,COMM-CREDIT-SCORE, COMM_CREDIT_SCORE
SCORE,CUSTOMER-CREDIT-SCORE, CUSTOMER_CREDIT_SCORE
SORT,DESIRED-SORT-CODE, DESIRED_SORT_CODE
SORTCODE,CUSTOMER-SORTCODE, CUSTOMER_SORTCODE
SUCCESS,COMM-UPD-SUCCESS, COMM_UPD_SUCCESS
TIME,WS-TIME-NOW, WS_TIME_NOW
TIME,WS-U-TIME, WS_U_TIME
TITLE,WS-TITLE-VALID, WS_TITLE_VALID
TITLE,WS-UNSTR-TITLE, WS_UNSTR_TITLE
UNSTR,WS-UNSTR-TITLE, WS_UNSTR_TITLE
UPD,COMM-UPD-FAIL-CD, COMM_UPD_FAIL_CD
UPD,COMM-UPD-SUCCESS, COMM_UPD_SUCCESS
VALID,WS-TITLE-VALID, WS_TITLE_VALID
WS,WS-CICS-RESP, WS_CICS_RESP
WS,WS-CICS-RESP2, WS_CICS_RESP2
WS,WS-CUST-DATA, WS_CUST_DATA
WS,WS-CUST-REC-LEN, WS_CUST_REC_LEN
WS,WS-ORIG-DATE, WS_ORIG_DATE
WS,WS-TIME-NOW, WS_TIME_NOW
WS,WS-TITLE-VALID, WS_TITLE_VALID
WS,WS-U-TIME, WS_U_TIME
WS,WS-UNSTR-TITLE, WS_UNSTR_TITLE
