{
  "ACCOUNT-INT-RATES-COUNT": 1,
  "ACCOUNT-OVERDRAFT-COUNT": 1,
  "ACCOUNT-TYPES-COUNT": 2,
  "ACCOUNT-TYPES-PTR": 1,
  "COMMIT-COUNT": 5,
  "CUSTOMER-ADDRESS": 2,
  "CUSTOMER-BIRTH-DAY": 2,
  "CUSTOMER-BIRTH-MONTH": 2,
  "CUSTOMER-BIRTH-YEAR": 5,
  "CUSTOMER-CONTROL-EYECATCHER": 1,
  "CUSTOMER-CONTROL-NUMBER": 1,
  "CUSTOMER-CONTROL-RECORD": 1,
  "CUSTOMER-CONTROL-SORTCODE": 1,
  "CUSTOMER-CREDIT-SCORE": 1,
  "CUSTOMER-CS-REVIEW-DAY": 1,
  "CUSTOMER-CS-REVIEW-MONTH": 1,
  "CUSTOMER-CS-REVIEW-YEAR": 1,
  "CUSTOMER-EYECATCHER": 1,
  "CUSTOMER-FILE": 4,
  "CUSTOMER-NAME": 2,
  "CUSTOMER-NUMBER": 2,
  "CUSTOMER-RECORD": 2,
  "CUSTOMER-RECORD-STRUCTURE": 4,
  "CUSTOMER-SORTCODE": 1,
  "CUSTOMER-VSAM-STATUS": 6,
  "DISP-LOT": 3,
  "DISP-REASON-CODE": 16,
  "DISP-SIGN": 6,
  "DISP-SQLCD": 3,
  "END-KEY": 3,
  "FORENAME": 51,
  "FORENAMES-CNT": 3,
  "FORENAMES-PTR": 3,
  "HOUSE-NUMBER": 2,
  "HV-ACCOUNT-ACTUAL-BALANCE": 3,
  "HV-ACCOUNT-AVAILABLE-BALANCE": 4,
  "HV-ACCOUNT-CUST-NO": 1,
  "HV-ACCOUNT-EYECATCHER": 1,
  "HV-ACCOUNT-INTEREST-RATE": 1,
  "HV-ACCOUNT-LAST-STMT-DAY": 1,
  "HV-ACCOUNT-LAST-STMT-DELIM1": 1,
  "HV-ACCOUNT-LAST-STMT-DELIM2": 1,
  "HV-ACCOUNT-LAST-STMT-MONTH": 1,
  "HV-ACCOUNT-LAST-STMT-YEAR": 1,
  "HV-ACCOUNT-NEXT-STMT-DAY": 1,
  "HV-ACCOUNT-NEXT-STMT-DELIM1": 1,
  "HV-ACCOUNT-NEXT-STMT-DELIM2": 1,
  "HV-ACCOUNT-NEXT-STMT-MONTH": 1,
  "HV-ACCOUNT-NEXT-STMT-YEAR": 1,
  "HV-ACCOUNT-NUMBER": 2,
  "HV-ACCOUNT-OPENED-DAY": 3,
  "HV-ACCOUNT-OPENED-DELIM1": 1,
  "HV-ACCOUNT-OPENED-DELIM2": 1,
  "HV-ACCOUNT-OPENED-MONTH": 3,
  "HV-ACCOUNT-OPENED-YEAR": 4,
  "HV-ACCOUNT-OVERDRAFT-LIMIT": 1,
  "HV-ACCOUNT-SORT-CODE": 4,
  "HV-ACCOUNT-TYPE": 3,
  "HV-CONTROL-NAME": 12,
  "HV-CONTROL-VALUE-NUM": 4,
  "HV-CONTROL-VALUE-STR": 2,
  "INITIAL-CHARACTER": 1,
  "INITIALS": 1,
  "INITIALS-CNT": 3,
  "INITIALS-PTR": 3,
  "LAST-ACCOUNT-NUMBER": 4,
  "LAST-CUSTOMER-NUMBER": 2,
  "NEXT-KEY": 6,
  "NO-OF-ACCOUNTS": 2,
  "NUMBER-OF-ACCOUNTS": 4,
  "NUMBER-OF-CUSTOMERS": 3,
  "OPENED-DATE-ATTEMPTS": 4,
  "OPENED-DATE-VALID": 4,
  "PARM": 4,
  "PARM-BUFFER.PREMIERE": 1,
  "PARM-LENGTH": 4,
  "RANDOM-SEED": 1,
  "RANDOM-SEED-NUMERIC": 1,
  "SQLCODE": 18,
  "SQLERRD": 11,
  "SQLSTATE": 4,
  "START-KEY": 3,
  "STEP-KEY": 2,
  "STREET-NAME-R-CNT": 3,
  "STREET-NAME-R-PTR": 3,
  "STREET-NAME-ROAD": 20,
  "STREET-NAME-T-CNT": 3,
  "STREET-NAME-T-PTR": 3,
  "STREET-NAME-TREE": 27,
  "SURNAME": 52,
  "SURNAMES-CNT": 3,
  "SURNAMES-PTR": 3,
  "TIMESTAMP-FUNCTION": 9,
  "TITLE-ALPHABET": 1,
  "TITLE-NUMBER": 2,
  "TITLE-WORD": 1,
  "TITLE-WORDS": 1,
  "TOWN": 51,
  "TOWN-COUNT": 3,
  "TOWN-PTR": 3,
  "WS-ACCOUNT-INT-RATE": 6,
  "WS-ACCOUNT-NUMBER": 4,
  "WS-ACCOUNT-OPENED-DAY": 2,
  "WS-ACCOUNT-OPENED-MONTH": 2,
  "WS-ACCOUNT-OPENED-YEAR": 2,
  "WS-ACCOUNT-OVERDRAFT-LIM": 6,
  "WS-ACCOUNT-TYPE": 6,
  "WS-CNT": 5,
  "WS-CURRENT-DATE-9": 4,
  "WS-CURRENT-DATE-DATA": 2,
  "WS-DAY-TODAY": 1,
  "WS-DT": 1,
  "WS-DT-REM": 4,
  "WS-NEW-REVIEW-DATE-INT": 2,
  "WS-NEW-REVIEW-YYYYMMDD": 4,
  "WS-OVERDRAFT-CONVERSION": 2,
  "WS-REVIEW-DATE-ADD": 2,
  "WS-SQLCODE-DISPLAY": 4,
  "WS-TODAY-INT": 2,
  "WS-WEEKDAY": 1,
  "WS-WEEKDAYS": 1,
  "datm-conv": 1,
  "datm-format": 1,
  "datm-length": 1,
  "datm-picture": 1,
  "fc": 2,
  "gmt-lilian": 1,
  "gmt-seconds": 2,
  "period-next": 2,
  "period-next-f": 2,
  "sqlerrd": 24,
  "sqlerrmL": 4,
  "sqlerrmc": 4,
  "step-key": 1,
  "ws-sqlcode-display": 2
}