{
  "ABCODE": 1,
  "ABND-APPLID": 8,
  "ABND-CODE": 8,
  "ABND-DATE": 8,
  "ABND-FREEFORM": 8,
  "ABND-PROGRAM": 8,
  "ABND-RESP2CODE": 16,
  "ABND-RESPCODE": 16,
  "ABND-SQLCODE": 8,
  "ABND-TASKNO-KEY": 8,
  "ABND-TIME": 8,
  "ABND-TRANID": 8,
  "ABND-UTIME-KEY": 8,
  "ABNDINFO-REC": 16,
  "ABSTIME": 2,
  "ACCNO2I": 1,
  "ACCNO2O": 2,
  "ACCNOI": 4,
  "ACCNOL": 4,
  "ACTBALI": 1,
  "ACTBALO": 2,
  "ACTUAL-BALANCE-DISPLAY": 4,
  "ACTYPEI": 8,
  "ACTYPEL": 1,
  "ACTYPEO": 2,
  "ALARM": 1,
  "APPLID": 8,
  "AVAILABLE-BALANCE-DISPLAY": 4,
  "AVBALI": 1,
  "AVBALO": 2,
  "BNK1UAI": 1,
  "BNK1UAO": 5,
  "COMM-ACC-TYPE": 5,
  "COMM-ACCNO": 6,
  "COMM-ACTUAL-BAL": 4,
  "COMM-AVAIL-BAL": 4,
  "COMM-CUSTNO": 4,
  "COMM-EYE": 1,
  "COMM-INT-RATE": 4,
  "COMM-LAST-STMT-DT": 5,
  "COMM-NEXT-STMT-DT": 4,
  "COMM-OPENED": 4,
  "COMM-OVERDRAFT": 4,
  "COMM-PCB1-POINTER": 1,
  "COMM-SCODE": 4,
  "COMM-SUCCESS": 2,
  "COMMAREA": 11,
  "CUSTNOI": 1,
  "CUSTNOO": 2,
  "DATAONLY": 2,
  "DATESEP": 1,
  "DDMMYYYY": 1,
  "DFHAID": 1,
  "DFHCLEAR": 1,
  "DFHCOMMAREA": 4,
  "DFHENTER": 2,
  "DFHPA1": 1,
  "DFHPA2": 1,
  "DFHPA3": 1,
  "DFHPF12": 1,
  "DFHPF3": 1,
  "DFHPF5": 2,
  "DFHRESP": 8,
  "EIBAID": 8,
  "EIBCALEN": 2,
  "EIBRESP": 8,
  "EIBRESP2": 8,
  "EIBTASKN": 8,
  "EIBTRNID": 8,
  "FREEKB": 2,
  "IMMEDIATE": 1,
  "INT-RT-9": 2,
  "INTRT-PIC9": 4,
  "INTRTI": 10,
  "INTRTI-COMP-1": 5,
  "INTRTL": 15,
  "INTRTO": 2,
  "LSTMTDDI": 3,
  "LSTMTDDO": 2,
  "LSTMTMMI": 3,
  "LSTMTMMO": 2,
  "LSTMTYYI": 3,
  "LSTMTYYO": 2,
  "MAP": 1,
  "MAPSET": 4,
  "MESSAGEO": 32,
  "NODUMP": 1,
  "NSTMTDDI": 3,
  "NSTMTDDO": 2,
  "NSTMTMMI": 3,
  "NSTMTMMO": 2,
  "NSTMTYYI": 3,
  "NSTMTYYO": 2,
  "NULL": 1,
  "OPENDDI": 1,
  "OPENDDO": 2,
  "OPENMMI": 1,
  "OPENMMO": 2,
  "OPENYYI": 1,
  "OPENYYO": 2,
  "OVERDRI": 2,
  "OVERDRL": 4,
  "OVERDRO": 2,
  "RESP": 9,
  "RESP2": 9,
  "SEND-FLAG": 6,
  "SORTCI": 1,
  "SORTCO": 2,
  "SYNCONRETURN": 2,
  "TRANSID": 2,
  "VALID-DATA-SW": 21,
  "WS-CICS-FAIL-MSG": 8,
  "WS-CICS-RESP-DISP": 8,
  "WS-CICS-RESP2-DISP": 8,
  "WS-COMM-ACC-TYPE": 1,
  "WS-COMM-ACCNO": 1,
  "WS-COMM-ACTUAL-BAL": 1,
  "WS-COMM-AREA": 2,
  "WS-COMM-AVAIL-BAL": 1,
  "WS-COMM-CUSTNO": 1,
  "WS-COMM-EYE": 1,
  "WS-COMM-INT-RATE": 1,
  "WS-COMM-LAST-STMT-DT": 1,
  "WS-COMM-NEXT-STMT-DT": 1,
  "WS-COMM-OPENED": 1,
  "WS-COMM-OVERDRAFT": 1,
  "WS-COMM-SCODE": 1,
  "WS-CONVERT-DEC": 2,
  "WS-CONVERT-PICX": 2,
  "WS-CONVERT-REMAIN": 2,
  "WS-CONVERT-SIGN": 2,
  "WS-CONVERTED-VAL1": 5,
  "WS-CONVERTED-VAL2": 5,
  "WS-CONVERTED-VAL3": 7,
  "WS-CONVERTED-VAL4": 7,
  "WS-DATE-SPLIT": 9,
  "WS-DATE-SPLIT-DD": 9,
  "WS-DATE-SPLIT-MM": 9,
  "WS-DATE-SPLIT-YY": 9,
  "WS-FAIL-INFO": 9,
  "WS-LSTMTDDI": 8,
  "WS-LSTMTMMI": 8,
  "WS-LSTMTYYI": 1,
  "WS-NSTMTDDI": 11,
  "WS-NSTMTMMI": 11,
  "WS-NSTMTYYI": 1,
  "WS-NUM-COUNT-POINT": 9,
  "WS-NUM-COUNT-TOTAL": 33,
  "WS-ORIG-DATE": 9,
  "WS-TIME-NOW": 1,
  "WS-TIME-NOW-GRP-HH": 8,
  "WS-TIME-NOW-GRP-MM": 16,
  "WS-U-TIME": 10
}