{
  "ABCODE": 1,
  "ABND-APPLID": 7,
  "ABND-CODE": 7,
  "ABND-DATE": 7,
  "ABND-FREEFORM": 7,
  "ABND-PROGRAM": 7,
  "ABND-RESP2CODE": 14,
  "ABND-RESPCODE": 14,
  "ABND-SQLCODE": 7,
  "ABND-TASKNO-KEY": 7,
  "ABND-TIME": 7,
  "ABND-TRANID": 7,
  "ABND-UTIME-KEY": 7,
  "ABNDINFO-REC": 14,
  "ABSTIME": 2,
  "ACCNOO": 1,
  "ACCTYPI": 33,
  "ACCTYPL": 4,
  "ACCTYPO": 1,
  "ACTBALO": 1,
  "ACTUAL-BALANCE-DISPLAY": 2,
  "ALARM": 1,
  "APPLID": 7,
  "AVAILABLE-BALANCE-DISPLAY": 2,
  "AVAILO": 1,
  "BIF": 2,
  "BNK1CAI": 1,
  "BNK1CAO": 5,
  "COMMAREA": 9,
  "CUSTNOI": 4,
  "CUSTNOL": 5,
  "CUSTNOO": 1,
  "DATAONLY": 2,
  "DATESEP": 1,
  "DDMMYYYY": 1,
  "DEEDIT": 2,
  "DFHAID": 1,
  "DFHCLEAR": 1,
  "DFHCOMMAREA.PREMIERE": 1,
  "DFHENTER": 1,
  "DFHPA1": 1,
  "DFHPA2": 1,
  "DFHPA3": 1,
  "DFHPF12": 1,
  "DFHPF3": 1,
  "DFHRESP": 7,
  "EIBAID": 5,
  "EIBCALEN": 2,
  "EIBRESP": 7,
  "EIBRESP2": 7,
  "EIBTASKN": 7,
  "EIBTRNID": 7,
  "FIELD": 2,
  "FREEKB": 2,
  "IMMEDIATE": 1,
  "INTRT-PIC9": 2,
  "INTRTI": 8,
  "INTRTI-COMP-1": 5,
  "INTRTL": 14,
  "INTRTO": 1,
  "LSTMDDO": 1,
  "LSTMMMO": 1,
  "LSTMYYO": 1,
  "MAP": 1,
  "MAPSET": 4,
  "MESSAGEO": 44,
  "NODUMP": 1,
  "NSTMTDDO": 1,
  "NSTMTMMO": 1,
  "NSTMTYYO": 1,
  "OPENDDO": 1,
  "OPENMMO": 1,
  "OPENYYO": 1,
  "OVERDRI": 7,
  "OVERDRL": 7,
  "OVERDRO": 1,
  "RESP": 8,
  "RESP2": 8,
  "SEND-FLAG": 6,
  "SRTCDO": 1,
  "SUBPGM-ACC-TYPE": 3,
  "SUBPGM-ACT-BAL": 2,
  "SUBPGM-AVAIL-BAL": 2,
  "SUBPGM-CUSTNO": 3,
  "SUBPGM-EYECATCHER": 1,
  "SUBPGM-FAIL-CODE": 11,
  "SUBPGM-INT-RT": 3,
  "SUBPGM-LAST-STMT-DT": 4,
  "SUBPGM-NEXT-STMT-DT": 4,
  "SUBPGM-NUMBER": 2,
  "SUBPGM-OPENED": 4,
  "SUBPGM-OVERDR-LIM": 3,
  "SUBPGM-PARMS": 2,
  "SUBPGM-SORTCODE": 2,
  "SUBPGM-SUCCESS": 2,
  "SYNCONRETURN": 1,
  "TRANSID": 2,
  "VALID-DATA-SW": 15,
  "WS-CICS-FAIL-MSG": 7,
  "WS-CICS-RESP-DISP": 7,
  "WS-CICS-RESP2-DISP": 7,
  "WS-COMM-ACCTYPE": 1,
  "WS-COMM-AREA": 2,
  "WS-COMM-CUSTNO": 1,
  "WS-COMM-INTRT": 1,
  "WS-COMM-OVERDR": 1,
  "WS-FAIL-INFO": 8,
  "WS-NUM-COUNT-POINT": 9,
  "WS-NUM-COUNT-TOTAL": 48,
  "WS-ORIG-DATE": 8,
  "WS-REVERSE": 2,
  "WS-TIME-NOW": 1,
  "WS-TIME-NOW-GRP-HH": 7,
  "WS-TIME-NOW-GRP-MM": 14,
  "WS-U-TIME": 9,
  "acctypl": 1,
  "overdri": 1
}