{
  "ABCODE": 1,
  "ABND-APPLID": 7,
  "ABND-CODE": 7,
  "ABND-DATE": 7,
  "ABND-FREEFORM": 7,
  "ABND-PROGRAM": 7,
  "ABND-RESP2CODE": 14,
  "ABND-RESPCODE": 14,
  "ABND-SQLCODE": 7,
  "ABND-TASKNO-KEY": 7,
  "ABND-TIME": 7,
  "ABND-TRANID": 7,
  "ABND-UTIME-KEY": 7,
  "ABNDINFO-REC": 14,
  "ABSTIME": 2,
  "ACCNOI": 4,
  "ACCNOL": 2,
  "ACCNOO": 1,
  "ACTBALO": 1,
  "ACTUAL-BALANCE-DISPLAY": 2,
  "ALARM": 1,
  "AMTI": 5,
  "AMTL": 15,
  "APPLID": 7,
  "ASSOCIATION": 1,
  "AVAILABLE-BALANCE-DISPLAY": 2,
  "AVBALO": 1,
  "BIF": 1,
  "BNK1CDI": 1,
  "BNK1CDO": 5,
  "COMM-ACCNO": 1,
  "COMM-AMT": 1,
  "COMM-SIGN": 1,
  "COMMAREA": 9,
  "DATAONLY": 2,
  "DATESEP": 1,
  "DDMMYYYY": 1,
  "DEEDIT": 1,
  "DFHAID": 1,
  "DFHCLEAR": 1,
  "DFHCOMMAREA.PREMIERE": 1,
  "DFHENTER": 1,
  "DFHPA1": 1,
  "DFHPA2": 1,
  "DFHPA3": 1,
  "DFHPF12": 1,
  "DFHPF3": 1,
  "DFHRESP": 7,
  "EIBAID": 5,
  "EIBCALEN": 2,
  "EIBRESP": 7,
  "EIBRESP2": 7,
  "EIBTASKN": 8,
  "EIBTRNID": 7,
  "FIELD": 1,
  "FREEKB": 2,
  "IMMEDIATE": 1,
  "MAP": 1,
  "MAPSET": 4,
  "MESSAGEO": 27,
  "NODUMP": 1,
  "ODAPPLID": 1,
  "ODFACILNAME": 1,
  "ODFACILTYPE": 1,
  "ODNETWORKID": 1,
  "ODUSERID": 1,
  "RESP": 8,
  "RESP2": 8,
  "SEND-FLAG": 6,
  "SIGNI": 3,
  "SIGNL": 1,
  "SORTCO": 1,
  "SUBPGM-ACCNO": 2,
  "SUBPGM-ACT-BAL": 1,
  "SUBPGM-AMT": 2,
  "SUBPGM-APPLID": 1,
  "SUBPGM-AV-BAL": 1,
  "SUBPGM-FACILITY-NAME": 1,
  "SUBPGM-FACILTYPE": 1,
  "SUBPGM-FAIL-CODE": 4,
  "SUBPGM-NETWRK-ID": 1,
  "SUBPGM-PARMS": 2,
  "SUBPGM-SORTC": 2,
  "SUBPGM-SUCCESS": 1,
  "SUBPGM-USERID": 1,
  "SYNCONRETURN": 1,
  "TRANSID": 2,
  "VALID-DATA-SW": 14,
  "WS-AMOUNT-AS-FLOAT": 7,
  "WS-AMOUNT-UNSTR": 11,
  "WS-AMOUNT-UNSTR-L": 11,
  "WS-AMOUNT-UNSTR-REVERSE": 2,
  "WS-CICS-FAIL-MSG": 7,
  "WS-CICS-RESP-DISP": 7,
  "WS-CICS-RESP2-DISP": 7,
  "WS-COMM-ACCNO": 1,
  "WS-COMM-AMT": 1,
  "WS-COMM-AREA": 1,
  "WS-COMM-SIGN": 1,
  "WS-FAIL-INFO": 8,
  "WS-NUM-COUNT-POINT": 9,
  "WS-NUM-COUNT-SPACE": 3,
  "WS-NUM-COUNT-TOTAL": 39,
  "WS-ORIG-DATE": 8,
  "WS-TIME-NOW": 1,
  "WS-TIME-NOW-GRP-HH": 7,
  "WS-TIME-NOW-GRP-MM": 14,
  "WS-U-TIME": 9
}