{
  "ABCODE": 1,
  "ABEND-HANDLING": 1,
  "ABND-APPLID": 12,
  "ABND-CODE": 12,
  "ABND-DATE": 12,
  "ABND-FREEFORM": 12,
  "ABND-PROGRAM": 12,
  "ABND-RESP2CODE": 24,
  "ABND-RESPCODE": 24,
  "ABND-SQLCODE": 12,
  "ABND-TASKNO-KEY": 12,
  "ABND-TIME": 12,
  "ABND-TRANID": 12,
  "ABND-UTIME-KEY": 12,
  "ABNDINFO-REC": 24,
  "ABSTIME": 2,
  "ALARM": 1,
  "APPLID": 12,
  "ASIS": 1,
  "BIF": 1,
  "BNK1DCI": 1,
  "BNK1DCO": 4,
  "COMM-ADDR": 6,
  "COMM-ADDR-SPLIT": 3,
  "COMM-ADDR-SPLIT1": 3,
  "COMM-ADDR-SPLIT2": 3,
  "COMM-ADDR-SPLIT3": 3,
  "COMM-ADDR-UPD-SPLIT": 2,
  "COMM-ADDR-UPD1": 2,
  "COMM-ADDR-UPD2": 2,
  "COMM-ADDR-UPD3": 2,
  "COMM-CREDIT-SCORE": 5,
  "COMM-CS-DAY": 1,
  "COMM-CS-MONTH": 1,
  "COMM-CS-REVIEW-DATE": 4,
  "COMM-CS-REVIEW-UPD-9": 3,
  "COMM-CS-REVIEWX-DD": 3,
  "COMM-CS-REVIEWX-MM": 3,
  "COMM-CS-REVIEWX-YYYY": 3,
  "COMM-CS-YEAR": 1,
  "COMM-CUSTNO": 11,
  "COMM-DEL-FAIL-CD": 3,
  "COMM-DEL-SUCCESS": 4,
  "COMM-DOB": 6,
  "COMM-DOB-SPLIT": 3,
  "COMM-DOB-SPLIT-DD": 3,
  "COMM-DOB-SPLIT-MM": 3,
  "COMM-DOB-SPLIT-YYYY": 3,
  "COMM-DOB-UPD-9": 3,
  "COMM-DOBX-DD": 3,
  "COMM-DOBX-MM": 3,
  "COMM-DOBX-YYYY": 3,
  "COMM-EYE": 3,
  "COMM-NAME": 6,
  "COMM-SCODE": 14,
  "COMM-TERM": 1,
  "COMM-UPD": 5,
  "COMM-UPD-FAIL-CD": 4,
  "COMM-UPD-SUCCESS": 2,
  "COMMAREA": 16,
  "CREDIT-SCORE-9": 5,
  "CREDIT-SCORE-X": 5,
  "CREDSCI": 1,
  "CREDSCO": 6,
  "CUSTAD1A": 2,
  "CUSTAD1C": 2,
  "CUSTAD1H": 2,
  "CUSTAD1I": 2,
  "CUSTAD1L": 1,
  "CUSTAD1O": 7,
  "CUSTAD2A": 2,
  "CUSTAD2C": 2,
  "CUSTAD2H": 2,
  "CUSTAD2I": 2,
  "CUSTAD2O": 7,
  "CUSTAD3A": 2,
  "CUSTAD3C": 2,
  "CUSTAD3H": 2,
  "CUSTAD3I": 2,
  "CUSTAD3O": 7,
  "CUSTNAMA": 2,
  "CUSTNAMC": 2,
  "CUSTNAMH": 2,
  "CUSTNAMI": 2,
  "CUSTNAML": 1,
  "CUSTNAMO": 7,
  "CUSTNO2A": 1,
  "CUSTNO2C": 1,
  "CUSTNO2I": 2,
  "CUSTNO2L": 5,
  "CUSTNO2O": 8,
  "CUSTNOA": 2,
  "CUSTNOC": 2,
  "CUSTNOH": 2,
  "CUSTNOI": 9,
  "CUSTNOL": 9,
  "CUSTNOO": 1,
  "DATAONLY": 2,
  "DATESEP": 1,
  "DDMMYYYY": 1,
  "DEEDIT": 1,
  "DELCUS-COMMAREA": 2,
  "DFHAID": 1,
  "DFHBMASK": 1,
  "DFHBMFSE": 1,
  "DFHBMPRF": 5,
  "DFHCLEAR": 1,
  "DFHCOMMAREA": 1,
  "DFHCOMMAREA.PREMIERE": 1,
  "DFHENTER": 3,
  "DFHGREEN": 5,
  "DFHNEUTR": 6,
  "DFHPA1": 1,
  "DFHPA2": 1,
  "DFHPA3": 1,
  "DFHPF10": 2,
  "DFHPF12": 1,
  "DFHPF3": 1,
  "DFHPF5": 2,
  "DFHRESP": 12,
  "DFHUNDLN": 5,
  "DFHVALUE": 6,
  "DOBDDI": 1,
  "DOBDDO": 7,
  "DOBMMI": 1,
  "DOBMMO": 7,
  "DOBYYI": 1,
  "DOBYYO": 7,
  "EIBAID": 11,
  "EIBCALEN": 2,
  "EIBRESP": 12,
  "EIBRESP2": 12,
  "EIBTASKN": 12,
  "EIBTRMID": 5,
  "EIBTRNID": 12,
  "FIELD": 1,
  "FREEKB": 2,
  "IMMEDIATE": 1,
  "INQCUST-ADDR": 2,
  "INQCUST-COMMAREA": 3,
  "INQCUST-CREDIT-SCORE": 1,
  "INQCUST-CS-REVIEW-DD": 1,
  "INQCUST-CS-REVIEW-MM": 1,
  "INQCUST-CS-REVIEW-YYYY": 1,
  "INQCUST-CUSTNO": 3,
  "INQCUST-DOB": 1,
  "INQCUST-NAME": 2,
  "INQCUST-PCB-POINTER": 2,
  "INQCUST-SCODE": 3,
  "MAP": 1,
  "MAPSET": 4,
  "MESSAGEO": 41,
  "NODUMP": 1,
  "NOUCTRAN": 2,
  "NULL": 2,
  "RESP": 15,
  "RESP2": 15,
  "SCRDTDDI": 1,
  "SCRDTDDO": 6,
  "SCRDTMMI": 1,
  "SCRDTMMO": 6,
  "SCRDTYYI": 1,
  "SCRDTYYO": 6,
  "SEND-FLAG": 6,
  "SORTCI": 2,
  "SORTCO": 15,
  "STORED-UCTRANS": 2,
  "SYNCONRETURN": 3,
  "TRANIDONLY": 2,
  "TRANSID": 2,
  "UCTRAN": 2,
  "UCTRANST": 5,
  "UPDCUST-COMMAREA": 2,
  "VALID-DATA-SW": 19,
  "WS-CICS-FAIL-MSG": 12,
  "WS-CICS-RESP-DISP": 12,
  "WS-CICS-RESP2-DISP": 12,
  "WS-COMM-ADDR": 1,
  "WS-COMM-AREA": 3,
  "WS-COMM-CREDIT-SCORE": 1,
  "WS-COMM-CS-REVIEW-DATE": 1,
  "WS-COMM-CUSTNO": 1,
  "WS-COMM-DOB": 1,
  "WS-COMM-EYE": 1,
  "WS-COMM-NAME": 1,
  "WS-COMM-SCODE": 1,
  "WS-COMM-TERM": 3,
  "WS-COMM-UPDATE": 1,
  "WS-FAIL-INFO": 13,
  "WS-ORIG-DATE": 13,
  "WS-TIME-NOW": 1,
  "WS-TIME-NOW-GRP-HH": 12,
  "WS-TIME-NOW-GRP-MM": 24,
  "WS-TITLE-VALID": 13,
  "WS-U-TIME": 14,
  "WS-UCTRANS": 13,
  "WS-UNSTR-TITLE": 11,
  "WS-VALIDATE-NAME": 2,
  "custnaml": 1,
  "custnol": 1
}