{
  "ABCODE": 3,
  "ABND-APPLID": 10,
  "ABND-CODE": 10,
  "ABND-DATE": 10,
  "ABND-FREEFORM": 10,
  "ABND-PROGRAM": 10,
  "ABND-RESP2CODE": 20,
  "ABND-RESPCODE": 20,
  "ABND-SQLCODE": 10,
  "ABND-TASKNO-KEY": 10,
  "ABND-TIME": 10,
  "ABND-TRANID": 10,
  "ABND-UTIME-KEY": 10,
  "ABNDINFO-REC": 20,
  "ABSTIME": 2,
  "ALARM": 1,
  "APPLID": 10,
  "ASIS": 1,
  "BNK1CCI": 2,
  "BNK1CCO": 5,
  "CHRISTNI": 5,
  "CHRISTNL": 5,
  "CHRISTNO": 1,
  "COMMAREA": 13,
  "CREDSCI": 1,
  "CREDSCO": 1,
  "CUSTAD1I": 5,
  "CUSTAD1L": 5,
  "CUSTAD1O": 2,
  "CUSTAD2I": 3,
  "CUSTAD2O": 2,
  "CUSTAD3I": 3,
  "CUSTAD3O": 2,
  "CUSTINSI": 3,
  "CUSTINSO": 1,
  "CUSTNO2I": 1,
  "CUSTNO2L": 1,
  "CUSTNO2O": 1,
  "CUSTSNI": 5,
  "CUSTSNL": 5,
  "CUSTSNO": 1,
  "CUSTTITI": 113,
  "CUSTTITL": 9,
  "CUSTTITO": 1,
  "DATAONLY": 2,
  "DATESEP": 1,
  "DDMMYYYY": 1,
  "DFHCLEAR": 1,
  "DFHCOMMAREA": 4,
  "DFHENTER": 1,
  "DFHPA1": 1,
  "DFHPA2": 1,
  "DFHPA3": 1,
  "DFHPF12": 1,
  "DFHPF3": 1,
  "DFHRESP": 10,
  "DFHVALUE": 6,
  "DOBDDI": 5,
  "DOBDDI-CHAR": 1,
  "DOBDDI-NUM": 2,
  "DOBDDL": 7,
  "DOBDDO": 1,
  "DOBMMI": 5,
  "DOBMMI-CHAR": 1,
  "DOBMMI-NUM": 2,
  "DOBMML": 7,
  "DOBMMO": 1,
  "DOBYYI": 4,
  "DOBYYL": 6,
  "DOBYYO": 1,
  "EIBAID": 5,
  "EIBCALEN": 1,
  "EIBRESP": 10,
  "EIBRESP2": 10,
  "EIBTASKN": 10,
  "EIBTRMID": 6,
  "EIBTRNID": 10,
  "FREEKB": 2,
  "HANDLE-ABEND": 1,
  "IMMEDIATE": 1,
  "MAP": 1,
  "MAPONLY": 1,
  "MAPSET": 4,
  "MESSAGEI": 1,
  "MESSAGEO": 37,
  "NODUMP": 2,
  "NOUCTRAN": 2,
  "RESP": 14,
  "RESP2": 14,
  "SCRDTDDI": 1,
  "SCRDTDDO": 1,
  "SCRDTMMI": 1,
  "SCRDTMMO": 1,
  "SCRDTYYI": 1,
  "SCRDTYYO": 1,
  "SEND-FLAG": 6,
  "SORTCI": 1,
  "SORTCO": 1,
  "STORED-UCTRANS": 2,
  "SUBPGM-ADDRESS": 2,
  "SUBPGM-BIRTH-DAY": 2,
  "SUBPGM-BIRTH-MONTH": 2,
  "SUBPGM-BIRTH-YEAR": 2,
  "SUBPGM-CREDIT-SCORE": 1,
  "SUBPGM-CS-REVIEW-DATE": 3,
  "SUBPGM-EYECATCHER": 1,
  "SUBPGM-FAIL-CODE": 3,
  "SUBPGM-NAME": 1,
  "SUBPGM-NUMBER": 1,
  "SUBPGM-PARMS": 2,
  "SUBPGM-SORTCODE": 1,
  "SUBPGM-SUCCESS": 3,
  "SYNCONRETURN": 1,
  "TRANIDONLY": 2,
  "TRANSID": 3,
  "UCTRAN": 2,
  "UCTRANST": 6,
  "VALID-DATA-SW": 17,
  "WS-ABCODE": 2,
  "WS-ADDR-SPLIT": 1,
  "WS-ADDR-SPLIT1": 1,
  "WS-ADDR-SPLIT2": 1,
  "WS-ADDR-SPLIT3": 1,
  "WS-CICS-FAIL-MSG": 10,
  "WS-CICS-RESP-DISP": 10,
  "WS-CICS-RESP2-DISP": 10,
  "WS-COMM-AREA": 7,
  "WS-COMM-TERM": 3,
  "WS-FAIL-INFO": 11,
  "WS-ORIG-DATE": 11,
  "WS-TIME-NOW": 1,
  "WS-TIME-NOW-GRP-HH": 10,
  "WS-TIME-NOW-GRP-MM": 20,
  "WS-U-TIME": 12,
  "WS-UCTRANS": 15,
  "messageo": 3
}