{
  "ABCODE": 1,
  "ABND-APPLID": 7,
  "ABND-CODE": 7,
  "ABND-DATE": 7,
  "ABND-FREEFORM": 7,
  "ABND-PROGRAM": 7,
  "ABND-RESP2CODE": 14,
  "ABND-RESPCODE": 14,
  "ABND-SQLCODE": 7,
  "ABND-TASKNO-KEY": 7,
  "ABND-TIME": 7,
  "ABND-TRANID": 7,
  "ABND-UTIME-KEY": 7,
  "ABNDINFO-REC": 14,
  "ABSTIME": 2,
  "ACCNO2I": 1,
  "ACCNO2O": 3,
  "ACCNOI": 5,
  "ACCNOL": 4,
  "ACTBALO": 3,
  "ACTUAL-BALANCE-DISPLAY": 3,
  "ACTYPEO": 3,
  "ACTual-balance-display": 1,
  "ALARM": 1,
  "APPLID": 7,
  "AVAILABLE-BALANCE-DISPLAY": 4,
  "AVBALO": 3,
  "BIF": 1,
  "BNK1DAI": 1,
  "BNK1DAO": 5,
  "COMM-ACCNO": 1,
  "COMM-LAST-ST-DD": 1,
  "COMM-LAST-ST-MM": 1,
  "COMM-LAST-ST-SPLIT": 2,
  "COMM-LAST-ST-YY": 1,
  "COMM-NEXT-ST-DD": 1,
  "COMM-NEXT-ST-MM": 1,
  "COMM-NEXT-ST-SPLIT": 2,
  "COMM-NEXT-ST-YY": 1,
  "COMM-OPENED-SPLIT": 2,
  "COMM-OPENED-SPLIT-DD": 1,
  "COMM-OPENED-SPLIT-MM": 1,
  "COMM-OPENED-SPLIT-YY": 1,
  "COMM-SCODE": 1,
  "COMMAREA": 10,
  "CUSTNOO": 3,
  "DATAONLY": 2,
  "DATESEP": 1,
  "DDMMYYYY": 1,
  "DEEDIT": 1,
  "DFHCLEAR": 1,
  "DFHENTER": 2,
  "DFHPA1": 1,
  "DFHPA2": 1,
  "DFHPA3": 1,
  "DFHPF12": 1,
  "DFHPF3": 1,
  "DFHPF5": 2,
  "DFHRESP": 8,
  "EIBAID": 8,
  "EIBCALEN": 2,
  "EIBRESP": 7,
  "EIBRESP2": 7,
  "EIBTASKN": 7,
  "EIBTRNID": 7,
  "FIELD": 1,
  "FREEKB": 2,
  "IMMEDIATE": 1,
  "INQACC-ACC-TYPE": 3,
  "INQACC-ACCNO": 3,
  "INQACC-ACTUAL-BAL": 2,
  "INQACC-AVAIL-BAL": 2,
  "INQACC-COMMAREA": 2,
  "INQACC-CUSTNO": 2,
  "INQACC-EYE": 2,
  "INQACC-INT-RATE": 3,
  "INQACC-LAST-STMT-DT": 2,
  "INQACC-NEXT-STMT-DT": 2,
  "INQACC-OPENED": 2,
  "INQACC-OVERDRAFT": 2,
  "INQACC-PCB1-POINTER": 1,
  "INQACC-SCODE": 2,
  "INQACC-SUCCESS": 2,
  "INTRTO": 3,
  "LSTMTDDO": 3,
  "LSTMTMMO": 3,
  "LSTMTYYO": 3,
  "MAP": 1,
  "MAPSET": 4,
  "MESSAGEO": 21,
  "NODUMP": 1,
  "NSTMTDDO": 3,
  "NSTMTMMO": 3,
  "NSTMTYYO": 3,
  "NULL": 4,
  "OPENDDO": 3,
  "OPENMMO": 3,
  "OPENYYO": 3,
  "OVERDRO": 3,
  "PARMS-SUBPGM": 4,
  "PARMS-SUBPGM-ACCNO": 3,
  "PARMS-SUBPGM-DEL-FAIL-CD": 3,
  "PARMS-SUBPGM-DEL-PCB1": 1,
  "PARMS-SUBPGM-DEL-PCB2": 1,
  "PARMS-SUBPGM-DEL-PCB3": 1,
  "PARMS-SUBPGM-DEL-SUCCESS": 4,
  "PARMS-SUBPGM-SCODE": 4,
  "RESP": 9,
  "RESP2": 9,
  "SEND-FLAG": 6,
  "SORTCO": 7,
  "SYNCONRETURN": 2,
  "TRANSID": 2,
  "VALID-DATA-SW": 10,
  "WS-CICS-FAIL-MSG": 8,
  "WS-CICS-RESP-DISP": 8,
  "WS-CICS-RESP2-DISP": 8,
  "WS-COMM-ACC-TYPE": 1,
  "WS-COMM-ACCNO": 1,
  "WS-COMM-ACTUAL-BAL": 1,
  "WS-COMM-AREA": 3,
  "WS-COMM-AVAIL-BAL": 1,
  "WS-COMM-CUSTNO": 1,
  "WS-COMM-EYE": 1,
  "WS-COMM-INT-RATE": 1,
  "WS-COMM-LAST-STMT-DT": 1,
  "WS-COMM-NEXT-STMT-DT": 1,
  "WS-COMM-OPENED": 1,
  "WS-COMM-OVERDRAFT": 1,
  "WS-COMM-SCODE": 1,
  "WS-COMM-SUCCESS": 1,
  "WS-FAIL-INFO": 8,
  "WS-ORIG-DATE": 8,
  "WS-TIME-NOW": 1,
  "WS-TIME-NOW-GRP-HH": 7,
  "WS-TIME-NOW-GRP-MM": 14,
  "WS-U-TIME": 9,
  "actual-balance-display": 2,
  "available-balance-display": 2
}