{
  "ABCODE": 1,
  "ABND-APPLID": 7,
  "ABND-CODE": 7,
  "ABND-DATE": 7,
  "ABND-FREEFORM": 7,
  "ABND-PROGRAM": 7,
  "ABND-RESP2CODE": 14,
  "ABND-RESPCODE": 14,
  "ABND-SQLCODE": 7,
  "ABND-TASKNO-KEY": 7,
  "ABND-TIME": 7,
  "ABND-TRANID": 7,
  "ABND-UTIME-KEY": 7,
  "ABNDINFO-REC": 14,
  "ABSTIME": 2,
  "ALARM": 1,
  "AMTI": 5,
  "AMTL": 17,
  "APPLID": 7,
  "BIF": 2,
  "BNK1TFI": 1,
  "BNK1TFO": 5,
  "COMMAREA": 9,
  "DATAONLY": 2,
  "DATESEP": 1,
  "DDMMYYYY": 1,
  "DEEDIT": 2,
  "DFHAID": 1,
  "DFHCLEAR": 1,
  "DFHENTER": 1,
  "DFHPA1": 1,
  "DFHPA2": 1,
  "DFHPA3": 1,
  "DFHPF12": 1,
  "DFHPF3": 1,
  "DFHRESP": 7,
  "EIBAID": 5,
  "EIBCALEN": 1,
  "EIBRESP": 7,
  "EIBRESP2": 7,
  "EIBTASKN": 7,
  "EIBTRNID": 7,
  "FACCNO2O": 2,
  "FACCNOI": 5,
  "FACTBALO": 2,
  "FAVBALO": 2,
  "FIELD": 2,
  "FREEKB": 2,
  "FROM-ACTUAL-BALANCE-DISPLAY": 4,
  "FROM-AVAILABLE-BALANCE-DISPLAY": 4,
  "FSORTCO": 2,
  "IMMEDIATE": 1,
  "MAP": 1,
  "MAPSET": 4,
  "MESSAGEO": 36,
  "NODUMP": 1,
  "RESP": 8,
  "RESP2": 8,
  "SEND-FLAG": 6,
  "SUBPGM-AMT": 1,
  "SUBPGM-FACCNO": 3,
  "SUBPGM-FACTBAL": 1,
  "SUBPGM-FAIL-CODE": 4,
  "SUBPGM-FAVBAL": 1,
  "SUBPGM-FSCODE": 2,
  "SUBPGM-PARMS": 2,
  "SUBPGM-SUCCESS": 3,
  "SUBPGM-TACCNO": 3,
  "SUBPGM-TACTBAL": 1,
  "SUBPGM-TAVBAL": 1,
  "SUBPGM-TSCODE": 2,
  "SYNCONRETURN": 1,
  "TACCNO2O": 2,
  "TACCNOI": 5,
  "TACTBALO": 2,
  "TAVBALO": 2,
  "TO-ACTUAL-BALANCE-DISPLAY": 4,
  "TO-AVAILABLE-BALANCE-DISPLAY": 4,
  "TRANSID": 2,
  "TSORTCO": 2,
  "VALID-DATA-SW": 17,
  "WS-AMOUNT-AS-FLOAT": 5,
  "WS-AMOUNT-UNSTR": 11,
  "WS-AMOUNT-UNSTR-L": 11,
  "WS-AMOUNT-UNSTR-REVERSE": 2,
  "WS-CICS-FAIL-MSG": 7,
  "WS-CICS-RESP-DISP": 7,
  "WS-CICS-RESP2-DISP": 7,
  "WS-COMMAREA": 1,
  "WS-FAIL-INFO": 8,
  "WS-NUM-COUNT-MINUS": 3,
  "WS-NUM-COUNT-POINT": 9,
  "WS-NUM-COUNT-SPACE": 3,
  "WS-NUM-COUNT-TOTAL": 39,
  "WS-ORIG-DATE": 8,
  "WS-TIME-NOW": 1,
  "WS-TIME-NOW-GRP-HH": 7,
  "WS-TIME-NOW-GRP-MM": 14,
  "WS-U-TIME": 9
}