{
  "ABCODE": 1,
  "ABND-APPLID": 14,
  "ABND-CODE": 14,
  "ABND-DATE": 14,
  "ABND-FREEFORM": 14,
  "ABND-PROGRAM": 14,
  "ABND-RESP2CODE": 28,
  "ABND-RESPCODE": 28,
  "ABND-SQLCODE": 14,
  "ABND-TASKNO-KEY": 14,
  "ABND-TIME": 14,
  "ABND-TRANID": 14,
  "ABND-UTIME-KEY": 14,
  "ABNDINFO-REC": 28,
  "ABSTIME": 2,
  "ACTION-ALPHA": 1,
  "ACTIONI": 17,
  "ACTIONL": 3,
  "ALARM": 1,
  "APPLID": 14,
  "BNK1MEI": 1,
  "BNK1MEO": 6,
  "COMMAREA": 15,
  "COMMUNICATION-AREA": 1,
  "DATAONLY": 2,
  "DATESEP": 1,
  "DDMMYYYY": 1,
  "DFHCLEAR": 1,
  "DFHENTER": 1,
  "DFHPA1": 1,
  "DFHPA2": 1,
  "DFHPA3": 1,
  "DFHPF12": 1,
  "DFHPF3": 1,
  "DFHRESP": 15,
  "EIBAID": 4,
  "EIBCALEN": 1,
  "EIBRESP": 14,
  "EIBRESP2": 14,
  "EIBTASKN": 14,
  "EIBTRNID": 14,
  "FREEKB": 2,
  "IMMEDIATE": 8,
  "MAP": 1,
  "MAPFAIL": 1,
  "MAPSET": 4,
  "MESSAGEO": 3,
  "NODUMP": 1,
  "RESP": 14,
  "RESP2": 14,
  "SEND-FLAG": 7,
  "TRANSID": 9,
  "VALID-DATA-SW": 2,
  "WS-CICS-FAIL-MSG": 14,
  "WS-CICS-RESP-DISP": 14,
  "WS-CICS-RESP2-DISP": 14,
  "WS-FAIL-INFO": 15,
  "WS-ORIG-DATE": 15,
  "WS-TIME-NOW": 1,
  "WS-TIME-NOW-GRP-HH": 14,
  "WS-TIME-NOW-GRP-MM": 28,
  "WS-U-TIME": 16
}