{
  "ABCODE": 1,
  "ABND-APPLID": 1,
  "ABND-CODE": 1,
  "ABND-DATE": 1,
  "ABND-FREEFORM": 1,
  "ABND-PROGRAM": 1,
  "ABND-RESP2CODE": 2,
  "ABND-RESPCODE": 2,
  "ABND-SQLCODE": 1,
  "ABND-TASKNO-KEY": 1,
  "ABND-TIME": 1,
  "ABND-TRANID": 1,
  "ABND-UTIME-KEY": 1,
  "ABNDINFO-REC": 2,
  "ABSTIME": 2,
  "APPLID": 1,
  "CHANNEL": 2,
  "COMMAREA": 1,
  "CONTAINER": 2,
  "DATESEP": 1,
  "DDMMYYYY": 1,
  "DFHRESP": 3,
  "EIBRESP": 1,
  "EIBRESP2": 1,
  "EIBTASKN": 2,
  "EIBTRNID": 1,
  "FLENGTH": 2,
  "RESP": 3,
  "RESP2": 3,
  "SECONDS": 1,
  "WS-CHANNEL-NAME": 5,
  "WS-CICS-RESP": 8,
  "WS-CICS-RESP2": 5,
  "WS-CONT-IN": 4,
  "WS-CONT-IN-CREDIT-SCORE": 1,
  "WS-CONTAINER-LEN": 6,
  "WS-CONTAINER-NAME": 5,
  "WS-DELAY-AMT": 2,
  "WS-NEW-CREDSCORE": 2,
  "WS-ORIG-DATE": 2,
  "WS-SEED": 2,
  "WS-TIME-NOW": 1,
  "WS-TIME-NOW-GRP-HH": 1,
  "WS-TIME-NOW-GRP-MM": 2,
  "WS-U-TIME": 3
}