{
  "ABCODE": 5,
  "ABND-APPLID": 5,
  "ABND-CODE": 5,
  "ABND-DATE": 5,
  "ABND-FREEFORM": 5,
  "ABND-PROGRAM": 5,
  "ABND-RESP2CODE": 10,
  "ABND-RESPCODE": 10,
  "ABND-SQLCODE": 5,
  "ABND-TASKNO-KEY": 5,
  "ABND-TIME": 5,
  "ABND-TRANID": 5,
  "ABND-UTIME-KEY": 5,
  "ABNDINFO-REC": 10,
  "ABSTIME": 6,
  "ACCOUNT-LAST-STMT-DATE": 1,
  "ACCOUNT-NEXT-STMT-DATE": 3,
  "ACCOUNT-NUMBER": 3,
  "ACCOUNT-OPENED": 4,
  "APPLID": 5,
  "COMM-ACC-TYPE": 6,
  "COMM-ACT-BAL": 1,
  "COMM-AVAIL-BAL": 1,
  "COMM-CUSTNO": 3,
  "COMM-EYECATCHER": 1,
  "COMM-FAIL-CODE": 9,
  "COMM-INT-RT": 1,
  "COMM-LAST-STMT-DT": 3,
  "COMM-NEXT-STMT-DT": 3,
  "COMM-NUMBER": 3,
  "COMM-OPENED": 3,
  "COMM-OVERDR-LIM": 1,
  "COMM-PCB-POINTER": 1,
  "COMM-SORTCODE": 1,
  "COMM-SUCCESS": 13,
  "COMMAREA": 7,
  "CUSTOMER-NUMBER": 1,
  "DATESEP": 3,
  "DDMMYYYY": 3,
  "DFHCOMMAREA": 36,
  "DFHCOMMAREA.PREMIERE": 1,
  "DFHRESP": 4,
  "DONT-CARE": 3,
  "EIBRESP": 6,
  "EIBRESP2": 5,
  "EIBTASKN": 6,
  "EIBTRNID": 5,
  "HOST-ACCOUNT-ROW": 1,
  "HOST-PROCTRAN-ROW": 2,
  "HV-ACCOUNT-ACC-NO": 3,
  "HV-ACCOUNT-ACC-TYPE": 2,
  "HV-ACCOUNT-ACTUAL-BAL": 1,
  "HV-ACCOUNT-AVAIL-BAL": 1,
  "HV-ACCOUNT-CUST-NO": 2,
  "HV-ACCOUNT-EYECATCHER": 1,
  "HV-ACCOUNT-INT-RATE": 1,
  "HV-ACCOUNT-LAST-STMT": 3,
  "HV-ACCOUNT-LAST-STMT-DAY": 2,
  "HV-ACCOUNT-LAST-STMT-DELIM1": 1,
  "HV-ACCOUNT-LAST-STMT-DELIM2": 1,
  "HV-ACCOUNT-LAST-STMT-MONTH": 2,
  "HV-ACCOUNT-LAST-STMT-YEAR": 2,
  "HV-ACCOUNT-NEXT-STMT": 3,
  "HV-ACCOUNT-NEXT-STMT-DAY": 2,
  "HV-ACCOUNT-NEXT-STMT-DELIM1": 1,
  "HV-ACCOUNT-NEXT-STMT-DELIM2": 1,
  "HV-ACCOUNT-NEXT-STMT-MONTH": 2,
  "HV-ACCOUNT-NEXT-STMT-YEAR": 2,
  "HV-ACCOUNT-OPENED-DAY": 2,
  "HV-ACCOUNT-OPENED-DELIM1": 1,
  "HV-ACCOUNT-OPENED-DELIM2": 1,
  "HV-ACCOUNT-OPENED-MONTH": 2,
  "HV-ACCOUNT-OPENED-YEAR": 2,
  "HV-ACCOUNT-OVERDRAFT-LIM": 1,
  "HV-ACCOUNT-SORTCODE": 3,
  "HV-CONTROL-NAME": 4,
  "HV-CONTROL-VALUE-NUM": 10,
  "HV-CONTROL-VALUE-STR": 2,
  "HV-PROCTRAN-ACC-NUMBER": 1,
  "HV-PROCTRAN-AMOUNT": 1,
  "HV-PROCTRAN-DATE": 1,
  "HV-PROCTRAN-DESC": 5,
  "HV-PROCTRAN-EYECATCHER": 1,
  "HV-PROCTRAN-REF": 1,
  "HV-PROCTRAN-SORT-CODE": 1,
  "HV-PROCTRAN-TIME": 1,
  "HV-PROCTRAN-TYPE": 1,
  "INQACCCU-COMMAREA": 6,
  "INQCUST-COMMAREA": 2,
  "INQCUST-CUSTNO": 1,
  "INQCUST-INQ-SUCCESS": 1,
  "LEAP-YEAR": 6,
  "NCS-ACC-NO-DISP": 2,
  "NCS-ACC-NO-INC": 1,
  "NCS-ACC-NO-NAME": 10,
  "NCS-ACC-NO-TEST-SORT": 2,
  "NCS-ACC-NO-VALUE": 4,
  "NODUMP": 4,
  "NULL": 1,
  "NUMBER-OF-ACCOUNTS": 2,
  "OUTPUT-DATA": 1,
  "PROC-TRAN-TIME": 1,
  "REQUIRED-ACCT-NUMBER3": 2,
  "REQUIRED-SORT-CODE": 2,
  "REQUIRED-SORT-CODE2": 1,
  "RESOURCE": 2,
  "RESP": 4,
  "RESP2": 2,
  "SORTCODE": 2,
  "SQLCODE": 13,
  "SQLCODE-DISPLAY": 16,
  "STORED-ACCNO": 2,
  "STORED-ACCTYPE": 2,
  "STORED-CUSTNO": 2,
  "STORED-LST-STMT": 4,
  "STORED-NXT-STMT": 4,
  "STORED-SORTCODE": 1,
  "SYNCONRETURN": 1,
  "WS-CICS-RESP": 8,
  "WS-CICS-RESP2": 3,
  "WS-EIBTASKN12": 3,
  "WS-FUT-9": 1,
  "WS-FUT-X-DD": 1,
  "WS-FUT-X-MM": 1,
  "WS-FUT-X-YY": 1,
  "WS-FUTURE-DATE": 6,
  "WS-INTEGER": 16,
  "WS-ORIG-DATE": 9,
  "WS-ORIG-DATE-DD": 5,
  "WS-ORIG-DATE-GRP-X": 2,
  "WS-ORIG-DATE-MM": 8,
  "WS-ORIG-DATE-YYYY": 11,
  "WS-STDT-9-NUM": 2,
  "WS-STDT-9-NUMERIC": 4,
  "WS-STDT-X": 2,
  "WS-TIME-NOW": 1,
  "WS-TIME-NOW-GRP-HH": 5,
  "WS-TIME-NOW-GRP-MM": 10,
  "WS-U-TIME": 11
}