{
  "ABCODE": 2,
  "ABEND": 1,
  "ABND-APPLID": 1,
  "ABND-CODE": 1,
  "ABND-DATE": 1,
  "ABND-FREEFORM": 1,
  "ABND-PROGRAM": 1,
  "ABND-RESP2CODE": 2,
  "ABND-RESPCODE": 2,
  "ABND-SQLCODE": 1,
  "ABND-TASKNO-KEY": 1,
  "ABND-TIME": 1,
  "ABND-TRANID": 1,
  "ABND-UTIME-KEY": 1,
  "ABNDINFO-REC": 2,
  "ABSTIME": 6,
  "APPLID": 1,
  "CEE000": 2,
  "CEEDAYS-DAY": 1,
  "CEEDAYS-MONTH": 1,
  "CEEDAYS-YEAR": 1,
  "CHANNEL": 4,
  "CHILD": 1,
  "COMM-ADDRESS": 1,
  "COMM-BIRTH-DAY": 1,
  "COMM-BIRTH-MONTH": 1,
  "COMM-BIRTH-YEAR": 3,
  "COMM-CREDIT-SCORE": 11,
  "COMM-CS-REVIEW-DATE": 15,
  "COMM-DATE-OF-BIRTH": 1,
  "COMM-EYECATCHER": 1,
  "COMM-FAIL-CODE": 19,
  "COMM-NAME": 1,
  "COMM-NUMBER": 2,
  "COMM-SORTCODE": 1,
  "COMM-SUCCESS": 16,
  "COMMAREA": 1,
  "COMPSTATUS": 1,
  "CONTAINER": 2,
  "CUSTOMER-ADDRESS": 1,
  "CUSTOMER-CONTROL": 10,
  "CUSTOMER-CONTROL-KEY": 3,
  "CUSTOMER-CONTROL-NUMBER": 2,
  "CUSTOMER-CONTROL-RECORD": 3,
  "CUSTOMER-CONTROL-SORTCODE": 2,
  "CUSTOMER-CREDIT-SCORE": 1,
  "CUSTOMER-CS-REVIEW-DATE": 1,
  "CUSTOMER-DATE-OF-BIRTH": 4,
  "CUSTOMER-EYECATCHER": 1,
  "CUSTOMER-KEY": 2,
  "CUSTOMER-NAME": 2,
  "CUSTOMER-NUMBER": 5,
  "CUSTOMER-SORTCODE": 3,
  "DATE-OF-BIRTH-FOR-CEEDAYS": 2,
  "DATE-OF-BIRTH-FORMAT": 1,
  "DATESEP": 3,
  "DDMMYYYY": 3,
  "DFHCOMMAREA": 8,
  "DFHCOMMAREA.PREMIERE": 1,
  "DFHRESP": 21,
  "DFHVALUE": 3,
  "EIBRESP": 1,
  "EIBRESP2": 1,
  "EIBTASKN": 4,
  "EIBTRNID": 1,
  "FC": 2,
  "FLENGTH": 2,
  "HOST-PROCTRAN-ROW": 3,
  "HV-PROCTRAN-ACC-NUMBER": 1,
  "HV-PROCTRAN-AMOUNT": 1,
  "HV-PROCTRAN-DATE": 1,
  "HV-PROCTRAN-DESC": 4,
  "HV-PROCTRAN-EYECATCHER": 1,
  "HV-PROCTRAN-REF": 1,
  "HV-PROCTRAN-SORT-CODE": 1,
  "HV-PROCTRAN-TIME": 1,
  "HV-PROCTRAN-TYPE": 1,
  "INVREQ": 1,
  "KEYLENGTH": 2,
  "LAST-CUSTOMER-NUMBER": 7,
  "MSG-NO": 2,
  "NCS-CUST-NO-INC": 1,
  "NCS-CUST-NO-NAME": 2,
  "NCS-CUST-NO-TEST-SORT": 2,
  "NCS-CUST-NO-VALUE": 1,
  "NCS-UPDATED": 1,
  "NOSUSPEND": 1,
  "NOTFINISHED": 1,
  "NOTFND": 1,
  "NUMBER-OF-CUSTOMERS": 2,
  "OUTPUT-DATA": 4,
  "PROC-TRAN-TIME": 1,
  "REQUIRED-CUST-NUMBER2": 1,
  "REQUIRED-SORT-CODE": 1,
  "RESOURCE": 2,
  "RESP": 12,
  "RESP2": 12,
  "RIDFLD": 5,
  "SECERROR": 1,
  "SECONDS": 4,
  "SQLCODE": 2,
  "SQLCODE-DISPLAY": 3,
  "STORED-CUSTNO": 2,
  "STORED-DOB": 6,
  "STORED-NAME": 2,
  "STORED-SORTCODE": 2,
  "SYSIDERR": 6,
  "SYSIDERR-RETRY": 12,
  "TRANSID": 1,
  "WS-ACTUAL-CS-SCR": 4,
  "WS-ANY-CHILD-FETCH-ABCODE": 2,
  "WS-ANY-CHILD-FETCH-CHAN": 3,
  "WS-ANY-CHILD-FETCH-TKN": 10,
  "WS-ANY-CHILD-TKN": 3,
  "WS-CC-CNT": 14,
  "WS-CHANNEL-NAME": 6,
  "WS-CHILD-CHAN": 1,
  "WS-CHILD-CONTAINER-LEN": 2,
  "WS-CHILD-DATA": 1,
  "WS-CHILD-DATA-CREDIT-SCORE": 1,
  "WS-CHILD-FETCH-COMPST": 4,
  "WS-CHILD-ISSUED-CNT": 4,
  "WS-CHILD-TKN": 10,
  "WS-CICS-RESP": 41,
  "WS-CICS-RESP2": 23,
  "WS-CONTAINER-NAME": 11,
  "WS-CREDIT-CHECK-ERROR": 5,
  "WS-CURRENT-DATE-9": 4,
  "WS-CURRENT-DATE-DATA": 4,
  "WS-CUST-REC-LEN": 3,
  "WS-CUSTOMER-AGE": 2,
  "WS-DATE-OF-BIRTH-ERROR": 6,
  "WS-DATE-OF-BIRTH-LILLIAN": 2,
  "WS-EIBTASKN12": 3,
  "WS-FINISHED-FETCHING": 6,
  "WS-NEW-REVIEW-DATE-INT": 4,
  "WS-NEW-REVIEW-YYYYMMDD": 8,
  "WS-ORIG-DATE": 5,
  "WS-ORIG-DATE-DD": 8,
  "WS-ORIG-DATE-GRP-X": 2,
  "WS-ORIG-DATE-MM": 8,
  "WS-ORIG-DATE-YYYY": 8,
  "WS-PUT-CONT-LEN": 3,
  "WS-PUT-CONT-NAME": 11,
  "WS-RETRIEVED-CNT": 7,
  "WS-REVIEW-DATE-ADD": 4,
  "WS-RUN-TRANSID": 3,
  "WS-SEED": 4,
  "WS-TIME-NOW": 1,
  "WS-TIME-NOW-GRP-HH": 1,
  "WS-TIME-NOW-GRP-MM": 2,
  "WS-TODAY-G-YEAR": 1,
  "WS-TODAY-GREGORIAN": 1,
  "WS-TODAY-INT": 4,
  "WS-TODAY-LILLIAN": 2,
  "WS-TODAY-SECONDS": 1,
  "WS-TOTAL-CS-SCR": 5,
  "WS-U-TIME": 7
}