{
  "ABCODE": 4,
  "ABEND-HANDLING": 1,
  "ABND-APPLID": 2,
  "ABND-CODE": 2,
  "ABND-DATE": 2,
  "ABND-FREEFORM": 2,
  "ABND-PROGRAM": 2,
  "ABND-RESP2CODE": 4,
  "ABND-RESPCODE": 4,
  "ABND-SQLCODE": 2,
  "ABND-TASKNO-KEY": 2,
  "ABND-TIME": 2,
  "ABND-TRANID": 2,
  "ABND-UTIME-KEY": 2,
  "ABNDINFO-REC": 4,
  "ABSTIME": 4,
  "APPLID": 2,
  "COMM-ACCNO": 2,
  "COMM-ACT-BAL": 1,
  "COMM-AMT": 6,
  "COMM-AV-BAL": 1,
  "COMM-FACILTYPE": 7,
  "COMM-FAIL-CODE": 10,
  "COMM-ORIGIN": 2,
  "COMM-SORTC": 2,
  "COMM-SUCCESS": 9,
  "COMMAREA": 2,
  "DATESEP": 2,
  "DDMMYYYY": 2,
  "DESIRED-ACC-NO": 2,
  "DESIRED-SORT-CODE": 2,
  "DFHCOMMAREA.PREMIERE": 1,
  "DFHRESP": 2,
  "EIBRESP": 2,
  "EIBRESP2": 2,
  "EIBTASKN": 3,
  "EIBTRNID": 2,
  "HOST-PROCTRAN-ROW": 4,
  "HV-ACCOUNT-ACC-NO": 2,
  "HV-ACCOUNT-ACC-TYPE": 4,
  "HV-ACCOUNT-ACTUAL-BAL": 3,
  "HV-ACCOUNT-AVAIL-BAL": 4,
  "HV-ACCOUNT-SORTCODE": 1,
  "HV-PROCTRAN-ACC-NUMBER": 1,
  "HV-PROCTRAN-AMOUNT": 1,
  "HV-PROCTRAN-DATE": 1,
  "HV-PROCTRAN-DESC": 5,
  "HV-PROCTRAN-EYECATCHER": 1,
  "HV-PROCTRAN-REF": 1,
  "HV-PROCTRAN-SORT-CODE": 1,
  "HV-PROCTRAN-TIME": 1,
  "HV-PROCTRAN-TYPE": 4,
  "MY-ABEND-CODE": 5,
  "NODUMP": 1,
  "RESP": 2,
  "RESP2": 2,
  "SQLCODE": 8,
  "SQLCODE-DISPLAY": 6,
  "SQLERRD": 6,
  "SQLERRMC": 1,
  "SQLERRML": 1,
  "SQLSTATE": 1,
  "STORM-DRAIN-CONDITION": 4,
  "WS-CICS-RESP": 6,
  "WS-CICS-RESP2": 4,
  "WS-DIFFERENCE": 3,
  "WS-EIBTASKN12": 3,
  "WS-ORIG-DATE": 5,
  "WS-ORIG-DATE-GRP-X": 2,
  "WS-STORM-DRAIN": 2,
  "WS-TIME-NOW": 1,
  "WS-TIME-NOW-GRP-HH": 2,
  "WS-TIME-NOW-GRP-MM": 4,
  "WS-U-TIME": 6
}