{
  "ABCODE": 2,
  "ABND-APPLID": 2,
  "ABND-CODE": 2,
  "ABND-DATE": 2,
  "ABND-FREEFORM": 2,
  "ABND-PROGRAM": 2,
  "ABND-RESP2CODE": 3,
  "ABND-RESPCODE": 4,
  "ABND-SQLCODE": 2,
  "ABND-TASKNO-KEY": 2,
  "ABND-TIME": 2,
  "ABND-TRANID": 2,
  "ABND-UTIME-KEY": 2,
  "ABNDINFO-REC": 3,
  "ABSTIME": 4,
  "ACCOUNT-ACT-BAL-STORE": 3,
  "ACCOUNT-ACTUAL-BALANCE": 3,
  "ACCOUNT-AVAILABLE-BALANCE": 2,
  "ACCOUNT-CUST-NO": 3,
  "ACCOUNT-EYE-CATCHER": 2,
  "ACCOUNT-INTEREST-RATE": 2,
  "ACCOUNT-LAST-STMT-DATE": 1,
  "ACCOUNT-LAST-STMT-DAY": 2,
  "ACCOUNT-LAST-STMT-MONTH": 2,
  "ACCOUNT-LAST-STMT-YEAR": 2,
  "ACCOUNT-NEXT-STMT-DATE": 1,
  "ACCOUNT-NEXT-STMT-DAY": 2,
  "ACCOUNT-NEXT-STMT-MONTH": 2,
  "ACCOUNT-NEXT-STMT-YEAR": 2,
  "ACCOUNT-NUMBER": 4,
  "ACCOUNT-OPENED": 1,
  "ACCOUNT-OPENED-DAY": 1,
  "ACCOUNT-OPENED-MONTH": 1,
  "ACCOUNT-OPENED-YEAR": 1,
  "ACCOUNT-OVERDRAFT-LIMIT": 2,
  "ACCOUNT-SORT-CODE": 4,
  "ACCOUNT-TYPE": 3,
  "APPLID": 2,
  "COMMAREA": 1,
  "DATESEP": 2,
  "DB2-DATE-REF-DAY": 3,
  "DB2-DATE-REF-MNTH": 3,
  "DB2-DATE-REF-YR": 3,
  "DB2-DATE-REFORMAT": 3,
  "DDMMYYYY": 2,
  "DELACC-ACC-TYPE": 1,
  "DELACC-ACCNO": 3,
  "DELACC-ACTUAL-BAL": 1,
  "DELACC-AVAIL-BAL": 1,
  "DELACC-CUSTNO": 1,
  "DELACC-DEL-FAIL-CD": 3,
  "DELACC-DEL-SUCCESS": 5,
  "DELACC-EYE": 1,
  "DELACC-INT-RATE": 1,
  "DELACC-LAST-STMT-DT": 1,
  "DELACC-NEXT-STMT-DT": 1,
  "DELACC-OPENED": 1,
  "DELACC-OVERDRAFT": 1,
  "DELACC-SCODE": 1,
  "DELACC-SUCCESS": 2,
  "DFHCOMMAREA.PREMIERE": 1,
  "EIBRESP": 1,
  "EIBRESP2": 1,
  "EIBTASKN": 3,
  "EIBTRNID": 2,
  "HOST-PROCTRAN-ROW": 3,
  "HV-ACCOUNT-ACC-NO": 4,
  "HV-ACCOUNT-ACC-TYPE": 1,
  "HV-ACCOUNT-ACTUAL-BAL": 2,
  "HV-ACCOUNT-AVAIL-BAL": 1,
  "HV-ACCOUNT-CUST-NO": 1,
  "HV-ACCOUNT-EYECATCHER": 1,
  "HV-ACCOUNT-INT-RATE": 1,
  "HV-ACCOUNT-LAST-STMT": 1,
  "HV-ACCOUNT-NEXT-STMT": 1,
  "HV-ACCOUNT-OPENED": 1,
  "HV-ACCOUNT-OVERDRAFT-LIM": 1,
  "HV-ACCOUNT-SORTCODE": 4,
  "HV-PROCTRAN-ACC-NUMBER": 1,
  "HV-PROCTRAN-AMOUNT": 1,
  "HV-PROCTRAN-DATE": 1,
  "HV-PROCTRAN-DESC": 1,
  "HV-PROCTRAN-EYECATCHER": 1,
  "HV-PROCTRAN-REF": 1,
  "HV-PROCTRAN-SORT-CODE": 1,
  "HV-PROCTRAN-TIME": 1,
  "HV-PROCTRAN-TYPE": 1,
  "NODUMP": 1,
  "OUTPUT-DATA": 1,
  "PROC-DESC-DELACC-ACCTYPE": 1,
  "PROC-DESC-DELACC-CUSTOMER": 1,
  "PROC-DESC-DELACC-FLAG": 1,
  "PROC-DESC-DELACC-LAST-DD": 1,
  "PROC-DESC-DELACC-LAST-MM": 1,
  "PROC-DESC-DELACC-LAST-YYYY": 1,
  "PROC-DESC-DELACC-NEXT-DD": 1,
  "PROC-DESC-DELACC-NEXT-MM": 1,
  "PROC-DESC-DELACC-NEXT-YYYY": 1,
  "PROC-TRAN-DESC": 1,
  "PROC-TRAN-TYPE": 1,
  "PROC-TY-BRANCH-DELETE-ACCOUNT": 1,
  "REQUIRED-SORT-CODE": 1,
  "SQLCODE": 8,
  "SQLCODE-DISPLAY": 6,
  "TRUE": 2,
  "WS-EIBTASKN12": 3,
  "WS-ORIG-DATE": 5,
  "WS-ORIG-DATE-GRP-X": 2,
  "WS-TIME-NOW": 1,
  "WS-TIME-NOW-GRP-HH": 2,
  "WS-TIME-NOW-GRP-MM": 4,
  "WS-U-TIME": 6
}