{
  "ABCODE": 3,
  "ABND-APPLID": 3,
  "ABND-CODE": 3,
  "ABND-DATE": 3,
  "ABND-FREEFORM": 3,
  "ABND-PROGRAM": 3,
  "ABND-RESP2CODE": 6,
  "ABND-RESPCODE": 6,
  "ABND-SQLCODE": 3,
  "ABND-TASKNO-KEY": 3,
  "ABND-TIME": 3,
  "ABND-TRANID": 3,
  "ABND-UTIME-KEY": 3,
  "ABNDINFO-REC": 6,
  "ABSTIME": 4,
  "APPLID": 3,
  "COMM-ACCNO": 1,
  "COMM-ADDR": 1,
  "COMM-BIRTH-DAY": 1,
  "COMM-BIRTH-MONTH": 1,
  "COMM-BIRTH-YEAR": 1,
  "COMM-CREDIT-SCORE": 1,
  "COMM-CS-REVIEW-DD": 1,
  "COMM-CS-REVIEW-MM": 1,
  "COMM-CS-REVIEW-YYYY": 1,
  "COMM-CUSTNO": 4,
  "COMM-DEL-FAIL-CD": 2,
  "COMM-DEL-SUCCESS": 2,
  "COMM-EYE": 1,
  "COMM-NAME": 1,
  "COMM-PCB-POINTER": 1,
  "COMM-SCODE": 1,
  "COMMAREA": 6,
  "CUSTOMER-ADDRESS": 2,
  "CUSTOMER-CREDIT-SCORE": 2,
  "CUSTOMER-CS-REVIEW-DATE": 6,
  "CUSTOMER-DATE-OF-BIRTH": 6,
  "CUSTOMER-EYECATCHER": 2,
  "CUSTOMER-NAME": 2,
  "CUSTOMER-NUMBER": 3,
  "CUSTOMER-SORTCODE": 2,
  "DATESEP": 2,
  "DDMMYYYY": 2,
  "DELACC-COMM-ACCNO": 1,
  "DELACC-COMM-APPLID": 1,
  "DELACC-COMM-PCB1": 1,
  "DELACC-COMMAREA": 2,
  "DESIRED-KEY": 6,
  "DESIRED-KEY-CUSTOMER": 1,
  "DESIRED-KEY-SORTCODE": 1,
  "DFHCOMMAREA": 11,
  "DFHCOMMAREA.PREMIERE": 1,
  "DFHRESP": 9,
  "EIBRESP": 3,
  "EIBRESP2": 3,
  "EIBTASKN": 4,
  "EIBTRNID": 3,
  "HOST-PROCTRAN-ROW": 3,
  "HV-PROCTRAN-ACC-NUMBER": 1,
  "HV-PROCTRAN-AMOUNT": 1,
  "HV-PROCTRAN-DATE": 1,
  "HV-PROCTRAN-DESC": 4,
  "HV-PROCTRAN-EYECATCHER": 1,
  "HV-PROCTRAN-REF": 1,
  "HV-PROCTRAN-SORT-CODE": 1,
  "HV-PROCTRAN-TIME": 1,
  "HV-PROCTRAN-TYPE": 1,
  "INQACCCU-COMMAREA": 2,
  "INQCUST-COMMAREA": 2,
  "INQCUST-CUSTNO": 1,
  "INQCUST-INQ-FAIL-CD": 1,
  "INQCUST-INQ-SUCCESS": 1,
  "NODUMP": 1,
  "NOTFND": 1,
  "NUMBER-OF-ACCOUNTS": 3,
  "OUTPUT-CUST-DATA": 3,
  "REQUIRED-SORT-CODE": 2,
  "RESP": 4,
  "RESP2": 4,
  "RIDFLD": 2,
  "SECONDS": 2,
  "SORTCODE": 3,
  "SQLCODE": 2,
  "SQLCODE-DISPLAY": 3,
  "SYNCONRETURN": 1,
  "SYSIDERR": 4,
  "SYSIDERR-RETRY": 8,
  "TOKEN": 4,
  "WS-APPLID": 1,
  "WS-CICS-RESP": 15,
  "WS-CICS-RESP2": 6,
  "WS-EIBTASKN12": 3,
  "WS-INDEX": 5,
  "WS-ORIG-DATE": 6,
  "WS-ORIG-DATE-GRP-X": 2,
  "WS-STOREDC-ADDRESS": 1,
  "WS-STOREDC-CREDIT-SCORE": 1,
  "WS-STOREDC-CS-REVIEW-DATE": 5,
  "WS-STOREDC-DATE-OF-BIRTH": 6,
  "WS-STOREDC-EYECATCHER": 1,
  "WS-STOREDC-NAME": 2,
  "WS-STOREDC-NUMBER": 2,
  "WS-STOREDC-SORTCODE": 3,
  "WS-TIME-NOW": 1,
  "WS-TIME-NOW-GRP-HH": 3,
  "WS-TIME-NOW-GRP-MM": 6,
  "WS-TOKEN": 4,
  "WS-U-TIME": 7
}