{
  "ABCODE": 7,
  "ABEND-HANDLING": 1,
  "ABND-APPLID": 6,
  "ABND-CODE": 6,
  "ABND-DATE": 6,
  "ABND-FREEFORM": 6,
  "ABND-PROGRAM": 6,
  "ABND-RESP2CODE": 8,
  "ABND-RESPCODE": 8,
  "ABND-SQLCODE": 6,
  "ABND-TASKNO-KEY": 6,
  "ABND-TIME": 6,
  "ABND-TRANID": 6,
  "ABND-UTIME-KEY": 6,
  "ABNDINFO-REC": 12,
  "ABSTIME": 2,
  "ACCOUNT-ACTUAL-BALANCE": 3,
  "ACCOUNT-AVAILABLE-BALANCE": 3,
  "ACCOUNT-CUST-NO": 3,
  "ACCOUNT-EYE-CATCHER": 3,
  "ACCOUNT-INTEREST-RATE": 3,
  "ACCOUNT-LAST-STMT-DATE": 1,
  "ACCOUNT-LAST-STMT-DAY": 2,
  "ACCOUNT-LAST-STMT-MONTH": 2,
  "ACCOUNT-LAST-STMT-YEAR": 2,
  "ACCOUNT-NEXT-STMT-DATE": 1,
  "ACCOUNT-NEXT-STMT-DAY": 2,
  "ACCOUNT-NEXT-STMT-MONTH": 2,
  "ACCOUNT-NEXT-STMT-YEAR": 2,
  "ACCOUNT-NUMBER": 4,
  "ACCOUNT-OPENED": 1,
  "ACCOUNT-OPENED-DAY": 2,
  "ACCOUNT-OPENED-MONTH": 2,
  "ACCOUNT-OPENED-YEAR": 2,
  "ACCOUNT-OVERDRAFT-LIMIT": 3,
  "ACCOUNT-SORT-CODE": 4,
  "ACCOUNT-TYPE": 4,
  "APPLID": 6,
  "COMMAREA": 6,
  "DATESEP": 1,
  "DB2-DATE-REF-DAY": 6,
  "DB2-DATE-REF-MNTH": 6,
  "DB2-DATE-REF-YR": 6,
  "DB2-DATE-REFORMAT": 6,
  "DDMMYYYY": 1,
  "DFHCOMMAREA.PREMIERE": 1,
  "DFHRESP": 1,
  "EIBRESP": 6,
  "EIBRESP2": 6,
  "EIBTASKN": 6,
  "EIBTRNID": 6,
  "HV-ACCOUNT-ACC-NO": 5,
  "HV-ACCOUNT-ACC-TYPE": 2,
  "HV-ACCOUNT-ACTUAL-BAL": 2,
  "HV-ACCOUNT-AVAIL-BAL": 2,
  "HV-ACCOUNT-CUST-NO": 2,
  "HV-ACCOUNT-EYECATCHER": 2,
  "HV-ACCOUNT-INT-RATE": 2,
  "HV-ACCOUNT-LAST-STMT": 2,
  "HV-ACCOUNT-NEXT-STMT": 2,
  "HV-ACCOUNT-OPENED": 2,
  "HV-ACCOUNT-OVERDRAFT-LIM": 2,
  "HV-ACCOUNT-SORTCODE": 5,
  "INQACC-ACC-TYPE": 1,
  "INQACC-ACCNO": 4,
  "INQACC-ACTUAL-BAL": 1,
  "INQACC-AVAIL-BAL": 1,
  "INQACC-CUSTNO": 1,
  "INQACC-EYE": 1,
  "INQACC-INT-RATE": 1,
  "INQACC-LAST-STMT-DT": 1,
  "INQACC-NEXT-STMT-DT": 1,
  "INQACC-OPENED": 1,
  "INQACC-OVERDRAFT": 1,
  "INQACC-SCODE": 1,
  "INQACC-SUCCESS": 3,
  "MY-ABEND-CODE": 6,
  "NCS-ACC-NO-NAME": 2,
  "NCS-ACC-NO-VALUE": 1,
  "NODUMP": 6,
  "OUTPUT-DATA": 3,
  "REQUIRED-SORT-CODE": 2,
  "RESP": 1,
  "RESP2": 1,
  "SQLCODE": 12,
  "SQLCODE-DISPLAY": 20,
  "SQLERRD": 6,
  "SQLSTATE": 1,
  "STORM-DRAIN-CONDITION": 4,
  "WS-CICS-RESP": 3,
  "WS-CICS-RESP2": 2,
  "WS-ORIG-DATE": 7,
  "WS-STORM-DRAIN": 2,
  "WS-TIME-NOW": 1,
  "WS-TIME-NOW-GRP-HH": 6,
  "WS-TIME-NOW-GRP-MM": 12,
  "WS-U-TIME": 8,
  "sqlerrmL": 1,
  "sqlerrmc": 1
}