{
  "ABCODE": 4,
  "ABEND-HANDLING": 1,
  "ABND-APPLID": 2,
  "ABND-CODE": 2,
  "ABND-DATE": 2,
  "ABND-FREEFORM": 2,
  "ABND-PROGRAM": 2,
  "ABND-RESP2CODE": 4,
  "ABND-RESPCODE": 4,
  "ABND-SQLCODE": 2,
  "ABND-TASKNO-KEY": 2,
  "ABND-TIME": 2,
  "ABND-TRANID": 2,
  "ABND-UTIME-KEY": 2,
  "ABNDINFO-REC": 4,
  "ABSTIME": 2,
  "APPLID": 2,
  "COMMAREA": 2,
  "CUSTOMER-ADDRESS": 1,
  "CUSTOMER-CREDIT-SCORE": 1,
  "CUSTOMER-CS-REVIEW-DATE": 1,
  "CUSTOMER-DATE-OF-BIRTH": 1,
  "CUSTOMER-EYECATCHER": 1,
  "CUSTOMER-KY": 4,
  "CUSTOMER-KY2": 5,
  "CUSTOMER-NAME": 1,
  "CUSTOMER-NUMBER": 2,
  "CUSTOMER-SORTCODE": 1,
  "DATESEP": 1,
  "DDMMYYYY": 1,
  "DFHCOMMAREA.PREMIERE": 1,
  "DFHRESP": 22,
  "EIBRESP": 2,
  "EIBRESP2": 2,
  "EIBTASKN": 3,
  "EIBTRNID": 2,
  "EXIT-DB2-READ": 1,
  "EXIT-VSAM-READ": 6,
  "INQCUST-ADDR": 2,
  "INQCUST-CREDIT-SCORE": 1,
  "INQCUST-CS-REVIEW-DT": 1,
  "INQCUST-CUSTNO": 9,
  "INQCUST-DOB": 1,
  "INQCUST-EYE": 1,
  "INQCUST-INQ-FAIL-CD": 8,
  "INQCUST-INQ-SUCCESS": 13,
  "INQCUST-NAME": 2,
  "INQCUST-RETRY": 4,
  "INQCUST-SCODE": 1,
  "MY-ABEND-CODE": 4,
  "NCS-CUST-NO-VALUE": 5,
  "NODUMP": 1,
  "NOTFND": 4,
  "OUTPUT-DATA": 6,
  "RANDOM-CUSTOMER": 4,
  "REQUIRED-CUST-NUMBER": 6,
  "REQUIRED-SORT-CODE": 1,
  "RESP": 9,
  "RESP2": 9,
  "RIDFLD": 6,
  "SECONDS": 4,
  "SYSIDERR": 8,
  "SYSIDERR-RETRY": 16,
  "WS-CICS-RESP": 33,
  "WS-CICS-RESP2": 10,
  "WS-D-RETRIED": 1,
  "WS-ORIG-DATE": 3,
  "WS-STORM-DRAIN": 2,
  "WS-TIME-NOW": 1,
  "WS-TIME-NOW-GRP-HH": 2,
  "WS-TIME-NOW-GRP-MM": 4,
  "WS-U-TIME": 4,
  "WS-V-RETRIED": 4
}