{
  "ABSTIME": 2,
  "COMM-ACC-TYPE": 4,
  "COMM-ACCNO": 2,
  "COMM-ACTUAL-BAL": 1,
  "COMM-AVAIL-BAL": 1,
  "COMM-CUSTNO": 1,
  "COMM-EYE": 1,
  "COMM-INT-RATE": 2,
  "COMM-LASTST-DAY": 1,
  "COMM-LASTST-MONTH": 1,
  "COMM-LASTST-YEAR": 1,
  "COMM-NEXTST-DAY": 1,
  "COMM-NEXTST-MONTH": 1,
  "COMM-NEXTST-YEAR": 1,
  "COMM-OPENED-DAY": 1,
  "COMM-OPENED-MONTH": 1,
  "COMM-OPENED-YEAR": 1,
  "COMM-OVERDRAFT": 2,
  "COMM-SCODE": 2,
  "COMM-SUCCESS": 4,
  "DATESEP": 1,
  "DB2-DATE-REF-DAY": 3,
  "DB2-DATE-REF-MNTH": 3,
  "DB2-DATE-REF-YR": 3,
  "DB2-DATE-REFORMAT": 6,
  "DDMMYYYY": 1,
  "DESIRED-ACC-NO": 2,
  "DESIRED-SORT-CODE": 2,
  "HV-ACCOUNT-ACC-NO": 2,
  "HV-ACCOUNT-ACC-TYPE": 2,
  "HV-ACCOUNT-ACTUAL-BAL": 1,
  "HV-ACCOUNT-AVAIL-BAL": 1,
  "HV-ACCOUNT-CUST-NO": 1,
  "HV-ACCOUNT-EYECATCHER": 1,
  "HV-ACCOUNT-INT-RATE": 2,
  "HV-ACCOUNT-LAST-STMT": 1,
  "HV-ACCOUNT-NEXT-STMT": 1,
  "HV-ACCOUNT-OPENED": 1,
  "HV-ACCOUNT-OVERDRAFT-LIM": 2,
  "HV-ACCOUNT-SORTCODE": 2,
  "SQLCODE": 4,
  "SQLCODE-DISPLAY": 4,
  "WS-ORIG-DATE": 1,
  "WS-TIME-NOW": 1,
  "WS-U-TIME": 2
}