{
  "ABSTIME": 2,
  "COMM-ADDR": 10,
  "COMM-CREDIT-SCORE": 1,
  "COMM-CS-REVIEW-DATE": 1,
  "COMM-CUSTNO": 2,
  "COMM-DOB": 1,
  "COMM-EYE": 1,
  "COMM-NAME": 11,
  "COMM-SCODE": 2,
  "COMM-UPD-FAIL-CD": 5,
  "COMM-UPD-SUCCESS": 5,
  "CUSTOMER-ADDRESS": 3,
  "CUSTOMER-CREDIT-SCORE": 1,
  "CUSTOMER-CS-REVIEW-DATE": 1,
  "CUSTOMER-DATE-OF-BIRTH": 1,
  "CUSTOMER-EYECATCHER": 1,
  "CUSTOMER-NAME": 3,
  "CUSTOMER-NUMBER": 1,
  "CUSTOMER-SORTCODE": 1,
  "DATESEP": 1,
  "DDMMYYYY": 1,
  "DESIRED-CUST-KEY": 1,
  "DESIRED-CUSTNO": 1,
  "DESIRED-SORT-CODE": 1,
  "DFHRESP": 3,
  "NOTFND": 1,
  "RESP": 2,
  "RESP2": 2,
  "RIDFLD": 1,
  "SORTCODE": 2,
  "WS-CICS-RESP": 5,
  "WS-CICS-RESP2": 2,
  "WS-CUST-DATA": 3,
  "WS-CUST-REC-LEN": 2,
  "WS-ORIG-DATE": 1,
  "WS-TIME-NOW": 1,
  "WS-TITLE-VALID": 14,
  "WS-U-TIME": 2,
  "WS-UNSTR-TITLE": 13
}