{
  "ABCODE": 18,
  "ABEND-HANDLING": 1,
  "ABND-APPLID": 14,
  "ABND-CODE": 14,
  "ABND-DATE": 14,
  "ABND-FREEFORM": 14,
  "ABND-PROGRAM": 14,
  "ABND-RESP2CODE": 28,
  "ABND-RESPCODE": 28,
  "ABND-SQLCODE": 14,
  "ABND-TASKNO-KEY": 14,
  "ABND-TIME": 14,
  "ABND-TRANID": 14,
  "ABND-UTIME-KEY": 14,
  "ABNDINFO-REC": 28,
  "ABSTIME": 4,
  "APPLID": 14,
  "COMM-AMT": 6,
  "COMM-FACCNO": 6,
  "COMM-FACTBAL": 1,
  "COMM-FAIL-CODE": 11,
  "COMM-FAVBAL": 1,
  "COMM-FSCODE": 6,
  "COMM-SUCCESS": 14,
  "COMM-TACCNO": 6,
  "COMM-TACTBAL": 1,
  "COMM-TAVBAL": 1,
  "COMM-TSCODE": 6,
  "COMMAREA": 14,
  "DATESEP": 2,
  "DB2-DEADLOCK-RETRY": 5,
  "DDMMYYYY": 2,
  "DESIRED-ACC-NO": 8,
  "DESIRED-SORT-CODE": 9,
  "DFHCOMMAREA.PREMIERE": 1,
  "DFHRESP": 8,
  "EIBRESP": 14,
  "EIBRESP2": 14,
  "EIBTASKN": 15,
  "EIBTRNID": 14,
  "HOST-ACCOUNT-ROW": 1,
  "HOST-PROCTRAN-ROW": 3,
  "HV-ACCOUNT-ACC-NO": 7,
  "HV-ACCOUNT-ACTUAL-BAL": 6,
  "HV-ACCOUNT-AVAIL-BAL": 6,
  "HV-ACCOUNT-EYECATCHER": 1,
  "HV-ACCOUNT-SORTCODE": 6,
  "HV-PROCTRAN-ACC-NUMBER": 1,
  "HV-PROCTRAN-AMOUNT": 1,
  "HV-PROCTRAN-DATE": 1,
  "HV-PROCTRAN-DESC": 1,
  "HV-PROCTRAN-EYECATCHER": 1,
  "HV-PROCTRAN-REF": 1,
  "HV-PROCTRAN-SORT-CODE": 1,
  "HV-PROCTRAN-TIME": 1,
  "HV-PROCTRAN-TYPE": 1,
  "MY-ABEND-CODE": 5,
  "NODUMP": 13,
  "PROC-TRAN-DESC": 1,
  "PROC-TRAN-DESC-XFR-ACCOUNT": 1,
  "PROC-TRAN-DESC-XFR-FLAG": 1,
  "PROC-TRAN-DESC-XFR-SORTCODE": 1,
  "PROC-TRAN-TYPE": 1,
  "PROC-TY-TRANSFER": 1,
  "PROCTRAN-AREA": 6,
  "RESP": 8,
  "RESP2": 8,
  "SECONDS": 2,
  "SORTCODE": 2,
  "SQLCODE": 16,
  "SQLCODE-DISPLAY": 9,
  "SQLERRD": 14,
  "SQLERRMC": 1,
  "SQLERRML": 1,
  "SQLSTATE": 1,
  "STORM-DRAIN-CONDITION": 4,
  "TRUE": 2,
  "WS-CICS-RESP": 24,
  "WS-CICS-RESP2": 16,
  "WS-EIBTASKN12": 3,
  "WS-ORIG-DATE": 17,
  "WS-ORIG-DATE-GRP-X": 2,
  "WS-SQLCODE-DISP": 2,
  "WS-STORM-DRAIN": 2,
  "WS-TIME-NOW": 1,
  "WS-TIME-NOW-GRP-HH": 14,
  "WS-TIME-NOW-GRP-MM": 28,
  "WS-U-TIME": 18
}