Depth,Name
1,GETSCODE
1,CRDTAGY1
2,,ABNDPROC
1,BNK1DAC
2,,ABNDPROC*
2,,DELACC
2,,INQACC
1,BNK1CRA
2,,ABNDPROC*
2,,DBCRFUN
1,BNK1TFN
2,,ABNDPROC*
2,,XFRFUN
1,BNK1DCS
2,,ABNDPROC*
2,,DELCUS
3,,,DELACC*
3,,,INQACCCU
3,,,INQCUST
2,,UPDCUST
1,BANKDATA
2,,CEEDATM
2,,CEEGMT
1,BNK1UAC
2,,ABNDPROC*
2,,INQACC*
2,,UPDACC
1,BNKMENU
2,,ABNDPROC*
1,CRDTAGY4
2,,ABNDPROC*
1,CRDTAGY2
2,,ABNDPROC*
1,BNK1CAC
2,,ABNDPROC*
2,,CREACC
3,,,INQACCCU*
3,,,INQCUST*
1,BNK1CCS
2,,ABNDPROC*
2,,CRECUST
3,,,CEEDAYS
3,,,CEELOCT
1,CRDTAGY3
2,,ABNDPROC*
1,CRDTAGY5
2,,ABNDPROC*
