Module,Create,Read,Update,Delete,Send,Receive,Executes
BNK1DAC,,,,,BNK1DAM,BNK1DA,
BNK1CRA,,,,,BNK1CDM,BNK1CD,
BNK1TFN,,,,,BNK1TFM,BNK1TF,
BNK1DCS,,,,,BNK1DCM,BNK1DC,
BANKDATA,ACCOUNT,,,ACCOUNT,,,
BNK1UAC,,,,,BNK1UAM,BNK1UA,
BNKMENU,,,,,BNK1MAI,BNK1ME,
UPDACC,,ACCOUNT,ACCOUNT,,,,
DELACC,PROCTRAN,ACCOUNT,,ACCOUNT,,,
XFRFUN,PROCTRAN,ACCOUNT,ACCOUNT,,,,
DELCUS,PROCTRAN,,,,,,
INQACC,,ACCOUNT,,,,,
BNK1CAC,,,,,BNK1CAM,BNK1CA,
CREACC,ACCOUNT,,,,,,
CREACC,PROCTRAN,,,,,,
BNK1CCS,,,,,BNK1CCM,BNK1CC,
CRECUST,PROCTRAN,,,,,,
DBCRFUN,PROCTRAN,ACCOUNT,ACCOUNT,,,,
