{
  "map": {
    "01AMOT": [
      "Add Motor Policy"
    ],
    "01DMOT": [
      "Delete Motor Policy"
    ],
    "01IMOT": [
      "Inquire Motor Policy"
    ],
    "01UMOT": [
      "Update Motor Policy"
    ],
    "CA-BROKERSREF": [
      "Broker Reference Number"
    ],
    "CA-CUSTOMER-NUM": [
      "Customer Number"
    ],
    "CA-EXPIRY-DATE": [
      "Policy Expiry Date"
    ],
    "CA-ISSUE-DATE": [
      "Poicy Issue Date"
    ],
    "CA-M-ACCIDENTS": [
      "Number of Accidents"
    ],
    "CA-M-CC": [
      "4-digit Customer Code"
    ],
    "CA-M-COLOUR": [
      "Colour of the Vehicle"
    ],
    "CA-M-MAKE": [
      "Make of the Vehicle"
    ],
    "CA-M-MANUFACTURED": [
      "Manufacturing Date"
    ],
    "CA-M-MODEL": [
      "Model of the Vehicle"
    ],
    "CA-M-PREMIUM": [
      "Premium Amount"
    ],
    "CA-M-REGNUMBER": [
      "Vehicle Registration Number"
    ],
    "CA-M-VALUE": [
      "IDV Value of the Vehicle"
    ],
    "CA-PAYMENT": [
      "Premium Amount Paid"
    ],
    "CA-POLICY-NUM": [
      "Policy Number "
    ],
    "CA-REQUEST-ID": [
      "Request is for"
    ],
    "ENP1ACCI": [
      "Input Accident Number"
    ],
    "ENP1ACCO": [
      "Output Accident Number"
    ],
    "ENP1CCI": [
      "Input Cusomer Code"
    ],
    "ENP1CCO": [
      "Output Customer Code"
    ],
    "ENP1CMKI": [
      "Input Make of the Vehicle"
    ],
    "ENP1CMOI": [
      "Output Make of the Vehicle"
    ],
    "ENP1CNOI": [
      "Input Customer Number"
    ],
    "ENP1CNOO": [
      "Output Customer Number"
    ],
    "ENP1COLI": [
      "Input Colour of the Vehicle"
    ],
    "ENP1EDAI": [
      "Input Policy Expiry Date"
    ],
    "ENP1IDAI": [
      "Input Policy Issue Date"
    ],
    "ENP1MANI": [
      "Input Manufacturing Date"
    ],
    "ENP1OPTI": [
      "Input Option"
    ],
    "ENP1OPTL": [
      "Input Invalid Option "
    ],
    "ENP1PNOI": [
      "Input Policy Number"
    ],
    "ENP1PNOO": [
      "Output Policy Number"
    ],
    "ENP1PREI": [
      "Input Premium Amount"
    ],
    "ENP1PREO": [
      "Output Premium Amount"
    ],
    "ENP1REGI": [
      "Input Registration Number"
    ],
    "ENP1VALI": [
      "Input IDV of the Vehicle"
    ],
    "ENP1VALO": [
      "Output IDV of the Vehicle"
    ],
    "ERP1FLDO": [
      "Message of the operation"
    ],
    "MSGEND": [
      "End of Transaction"
    ]
  },
  "mapTitle": {
    "0": "CA-BROKERID",
    "1": "Broker ID"
  }
}