[
  {
    "level": 1,
    "depth": 1,
    "name": "WS-CICS-WORK-AREA",
    "byteOffset": 0,
    "dataLength": 16,
    "byteLength": 8,
    "indexList": [],
    "children": [
      {
        "level": 5,
        "depth": 2,
        "name": "WS-CICS-RESP",
        "byteOffset": 0,
        "dataLength": 8,
        "byteLength": 4,
        "fieldCompression": "computational",
        "indexList": [],
        "parent": "WS-CICS-WORK-AREA"
      },
      {
        "level": 5,
        "depth": 2,
        "name": "WS-CICS-RESP2",
        "byteOffset": 4,
        "dataLength": 8,
        "byteLength": 4,
        "fieldCompression": "computational",
        "indexList": [],
        "parent": "WS-CICS-WORK-AREA"
      }
    ]
  },
  {
    "level": 1,
    "depth": 1,
    "name": "WS-ABND-AREA",
    "byteOffset": 0,
    "dataLength": 685,
    "byteLength": 678,
    "indexList": [],
    "children": [
      {
        "level": 3,
        "depth": 2,
        "name": "ABND-VSAM-KEY",
        "byteOffset": 0,
        "dataLength": 19,
        "byteLength": 12,
        "indexList": [],
        "parent": "WS-ABND-AREA",
        "children": [
          {
            "level": 5,
            "depth": 3,
            "name": "ABND-UTIME-KEY",
            "byteOffset": 0,
            "dataLength": 15,
            "byteLength": 8,
            "fieldCompression": "computational-3",
            "indexList": [],
            "parent": "ABND-VSAM-KEY"
          },
          {
            "level": 5,
            "depth": 3,
            "name": "ABND-TASKNO-KEY",
            "byteOffset": 8,
            "dataLength": 4,
            "byteLength": 4,
            "indexList": [],
            "parent": "ABND-VSAM-KEY"
          }
        ]
      },
      {
        "level": 3,
        "depth": 2,
        "name": "ABND-APPLID",
        "byteOffset": 12,
        "dataLength": 8,
        "byteLength": 8,
        "indexList": [],
        "parent": "WS-ABND-AREA"
      },
      {
        "level": 3,
        "depth": 2,
        "name": "ABND-TRANID",
        "byteOffset": 20,
        "dataLength": 4,
        "byteLength": 4,
        "indexList": [],
        "parent": "WS-ABND-AREA"
      },
      {
        "level": 3,
        "depth": 2,
        "name": "ABND-DATE",
        "byteOffset": 24,
        "dataLength": 10,
        "byteLength": 10,
        "indexList": [],
        "parent": "WS-ABND-AREA"
      },
      {
        "level": 3,
        "depth": 2,
        "name": "ABND-TIME",
        "byteOffset": 34,
        "dataLength": 8,
        "byteLength": 8,
        "indexList": [],
        "parent": "WS-ABND-AREA"
      },
      {
        "level": 3,
        "depth": 2,
        "name": "ABND-CODE",
        "byteOffset": 42,
        "dataLength": 4,
        "byteLength": 4,
        "indexList": [],
        "parent": "WS-ABND-AREA"
      },
      {
        "level": 3,
        "depth": 2,
        "name": "ABND-PROGRAM",
        "byteOffset": 46,
        "dataLength": 8,
        "byteLength": 8,
        "indexList": [],
        "parent": "WS-ABND-AREA"
      },
      {
        "level": 3,
        "depth": 2,
        "name": "ABND-RESPCODE",
        "byteOffset": 54,
        "dataLength": 8,
        "byteLength": 8,
        "indexList": [],
        "parent": "WS-ABND-AREA"
      },
      {
        "level": 3,
        "depth": 2,
        "name": "ABND-RESP2CODE",
        "byteOffset": 62,
        "dataLength": 8,
        "byteLength": 8,
        "indexList": [],
        "parent": "WS-ABND-AREA"
      },
      {
        "level": 3,
        "depth": 2,
        "name": "ABND-SQLCODE",
        "byteOffset": 70,
        "dataLength": 8,
        "byteLength": 8,
        "indexList": [],
        "parent": "WS-ABND-AREA"
      },
      {
        "level": 3,
        "depth": 2,
        "name": "ABND-FREEFORM",
        "byteOffset": 78,
        "dataLength": 600,
        "byteLength": 600,
        "indexList": [],
        "parent": "WS-ABND-AREA"
      }
    ]
  },
  {
    "level": 1,
    "depth": 1,
    "name": "WS-ABND-KEY-LEN",
    "byteOffset": 0,
    "dataLength": 8,
    "byteLength": 4,
    "fieldCompression": "computational",
    "indexList": [],
    "values": [
      "+12"
    ]
  },
  {
    "level": 1,
    "depth": 1,
    "name": "DB2-DATE-REFORMAT",
    "byteOffset": 0,
    "dataLength": 10,
    "byteLength": 10,
    "indexList": [],
    "children": [
      {
        "level": 3,
        "depth": 2,
        "name": "DB2-DATE-REF-YR",
        "byteOffset": 0,
        "dataLength": 4,
        "byteLength": 4,
        "indexList": [],
        "parent": "DB2-DATE-REFORMAT"
      },
      {
        "level": 3,
        "depth": 2,
        "name": "FILLER",
        "byteOffset": 4,
        "dataLength": 1,
        "byteLength": 1,
        "indexList": [],
        "parent": "DB2-DATE-REFORMAT"
      },
      {
        "level": 3,
        "depth": 2,
        "name": "DB2-DATE-REF-MNTH",
        "byteOffset": 5,
        "dataLength": 2,
        "byteLength": 2,
        "indexList": [],
        "parent": "DB2-DATE-REFORMAT"
      },
      {
        "level": 3,
        "depth": 2,
        "name": "FILLER%22",
        "byteOffset": 7,
        "dataLength": 1,
        "byteLength": 1,
        "indexList": [],
        "parent": "DB2-DATE-REFORMAT"
      },
      {
        "level": 3,
        "depth": 2,
        "name": "DB2-DATE-REF-DAY",
        "byteOffset": 8,
        "dataLength": 2,
        "byteLength": 2,
        "indexList": [],
        "parent": "DB2-DATE-REFORMAT"
      }
    ]
  },
  {
    "level": 1,
    "depth": 1,
    "name": "DATA-STORE-TYPE",
    "byteOffset": 0,
    "dataLength": 1,
    "byteLength": 1,
    "indexList": [],
    "children": [
      {
        "level": 88,
        "depth": 2,
        "name": "DATASTORE-TYPE-DLI",
        "byteOffset": 0,
        "dataLength": 1,
        "byteLength": 1,
        "indexList": [],
        "parent": "DATA-STORE-TYPE",
        "values": [
          "1"
        ]
      },
      {
        "level": 88,
        "depth": 2,
        "name": "DATASTORE-TYPE-DB2",
        "byteOffset": 0,
        "dataLength": 1,
        "byteLength": 1,
        "indexList": [],
        "parent": "DATA-STORE-TYPE",
        "values": [
          "2"
        ]
      },
      {
        "level": 88,
        "depth": 2,
        "name": "DATASTORE-TYPE-VSAM",
        "byteOffset": 0,
        "dataLength": 1,
        "byteLength": 1,
        "indexList": [],
        "parent": "DATA-STORE-TYPE",
        "values": [
          "V"
        ]
      }
    ]
  },
  {
    "level": 1,
    "depth": 1,
    "name": "WS-EIBTASKN12",
    "byteOffset": 0,
    "dataLength": 12,
    "byteLength": 12,
    "indexList": [],
    "values": [
      "0"
    ]
  },
  {
    "level": 1,
    "depth": 1,
    "name": "WS-SQLCODE-DISP",
    "byteOffset": 0,
    "dataLength": 9,
    "byteLength": 9,
    "indexList": [],
    "values": [
      "0"
    ]
  },
  {
    "level": 1,
    "depth": 1,
    "name": "WS-U-TIME",
    "byteOffset": 0,
    "dataLength": 15,
    "byteLength": 8,
    "fieldCompression": "computational-3",
    "indexList": []
  },
  {
    "level": 1,
    "depth": 1,
    "name": "WS-ORIG-DATE",
    "byteOffset": 0,
    "dataLength": 10,
    "byteLength": 10,
    "indexList": []
  },
  {
    "level": 1,
    "depth": 1,
    "name": "WS-ORIG-DATE-GRP",
    "redefines": "WS-ORIG-DATE",
    "byteOffset": 0,
    "dataLength": 10,
    "byteLength": 10,
    "indexList": [],
    "topRoot": "WS-ORIG-DATE",
    "children": [
      {
        "level": 3,
        "depth": 2,
        "name": "WS-ORIG-DATE-DD",
        "byteOffset": 0,
        "dataLength": 2,
        "byteLength": 2,
        "indexList": [],
        "parent": "WS-ORIG-DATE-GRP"
      },
      {
        "level": 3,
        "depth": 2,
        "name": "FILLER%34",
        "byteOffset": 2,
        "dataLength": 1,
        "byteLength": 1,
        "indexList": [],
        "parent": "WS-ORIG-DATE-GRP"
      },
      {
        "level": 3,
        "depth": 2,
        "name": "WS-ORIG-DATE-MM",
        "byteOffset": 3,
        "dataLength": 2,
        "byteLength": 2,
        "indexList": [],
        "parent": "WS-ORIG-DATE-GRP"
      },
      {
        "level": 3,
        "depth": 2,
        "name": "FILLER%36",
        "byteOffset": 5,
        "dataLength": 1,
        "byteLength": 1,
        "indexList": [],
        "parent": "WS-ORIG-DATE-GRP"
      },
      {
        "level": 3,
        "depth": 2,
        "name": "WS-ORIG-DATE-YYYY",
        "byteOffset": 6,
        "dataLength": 4,
        "byteLength": 4,
        "indexList": [],
        "parent": "WS-ORIG-DATE-GRP"
      }
    ]
  },
  {
    "level": 1,
    "depth": 1,
    "name": "WS-ORIG-DATE-GRP-X",
    "byteOffset": 0,
    "dataLength": 10,
    "byteLength": 10,
    "indexList": [],
    "children": [
      {
        "level": 3,
        "depth": 2,
        "name": "WS-ORIG-DATE-DD-X",
        "byteOffset": 0,
        "dataLength": 2,
        "byteLength": 2,
        "indexList": [],
        "parent": "WS-ORIG-DATE-GRP-X"
      },
      {
        "level": 3,
        "depth": 2,
        "name": "FILLER%40",
        "byteOffset": 2,
        "dataLength": 1,
        "byteLength": 1,
        "indexList": [],
        "parent": "WS-ORIG-DATE-GRP-X",
        "values": [
          "."
        ]
      },
      {
        "level": 3,
        "depth": 2,
        "name": "WS-ORIG-DATE-MM-X",
        "byteOffset": 3,
        "dataLength": 2,
        "byteLength": 2,
        "indexList": [],
        "parent": "WS-ORIG-DATE-GRP-X"
      },
      {
        "level": 3,
        "depth": 2,
        "name": "FILLER%42",
        "byteOffset": 5,
        "dataLength": 1,
        "byteLength": 1,
        "indexList": [],
        "parent": "WS-ORIG-DATE-GRP-X",
        "values": [
          "."
        ]
      },
      {
        "level": 3,
        "depth": 2,
        "name": "WS-ORIG-DATE-YYYY-X",
        "byteOffset": 6,
        "dataLength": 4,
        "byteLength": 4,
        "indexList": [],
        "parent": "WS-ORIG-DATE-GRP-X"
      }
    ]
  },
  {
    "level": 1,
    "depth": 1,
    "name": "WS-PASSED-DATA",
    "byteOffset": 0,
    "dataLength": 13,
    "byteLength": 13,
    "indexList": [],
    "children": [
      {
        "level": 2,
        "depth": 2,
        "name": "WS-TEST-KEY",
        "byteOffset": 0,
        "dataLength": 4,
        "byteLength": 4,
        "indexList": [],
        "parent": "WS-PASSED-DATA"
      },
      {
        "level": 2,
        "depth": 2,
        "name": "WS-SORT-CODE",
        "byteOffset": 4,
        "dataLength": 6,
        "byteLength": 6,
        "indexList": [],
        "parent": "WS-PASSED-DATA"
      },
      {
        "level": 2,
        "depth": 2,
        "name": "WS-CUSTOMER-RANGE",
        "byteOffset": 10,
        "dataLength": 3,
        "byteLength": 3,
        "indexList": [],
        "parent": "WS-PASSED-DATA",
        "children": [
          {
            "level": 7,
            "depth": 3,
            "name": "WS-CUSTOMER-RANGE-TOP",
            "byteOffset": 10,
            "dataLength": 1,
            "byteLength": 1,
            "indexList": [],
            "parent": "WS-CUSTOMER-RANGE"
          },
          {
            "level": 7,
            "depth": 3,
            "name": "WS-CUSTOMER-RANGE-MIDDLE",
            "byteOffset": 11,
            "dataLength": 1,
            "byteLength": 1,
            "indexList": [],
            "parent": "WS-CUSTOMER-RANGE"
          },
          {
            "level": 7,
            "depth": 3,
            "name": "WS-CUSTOMER-RANGE-BOTTOM",
            "byteOffset": 12,
            "dataLength": 1,
            "byteLength": 1,
            "indexList": [],
            "parent": "WS-CUSTOMER-RANGE"
          }
        ]
      }
    ]
  },
  {
    "level": 1,
    "depth": 1,
    "name": "WS-SORT-DIV",
    "byteOffset": 0,
    "dataLength": 6,
    "byteLength": 6,
    "indexList": [],
    "children": [
      {
        "level": 3,
        "depth": 2,
        "name": "WS-SORT-DIV1",
        "byteOffset": 0,
        "dataLength": 2,
        "byteLength": 2,
        "indexList": [],
        "parent": "WS-SORT-DIV"
      },
      {
        "level": 3,
        "depth": 2,
        "name": "WS-SORT-DIV2",
        "byteOffset": 2,
        "dataLength": 2,
        "byteLength": 2,
        "indexList": [],
        "parent": "WS-SORT-DIV"
      },
      {
        "level": 3,
        "depth": 2,
        "name": "WS-SORT-DIV3",
        "byteOffset": 4,
        "dataLength": 2,
        "byteLength": 2,
        "indexList": [],
        "parent": "WS-SORT-DIV"
      }
    ]
  },
  {
    "level": 1,
    "depth": 1,
    "name": "CUSTOMER-KY",
    "byteOffset": 0,
    "dataLength": 14,
    "byteLength": 14,
    "indexList": [],
    "children": [
      {
        "level": 3,
        "depth": 2,
        "name": "REQUIRED-SORT-CODE",
        "byteOffset": 0,
        "dataLength": 6,
        "byteLength": 6,
        "indexList": [],
        "parent": "CUSTOMER-KY",
        "values": [
          "0"
        ]
      },
      {
        "level": 3,
        "depth": 2,
        "name": "REQUIRED-ACC-NUM",
        "byteOffset": 6,
        "dataLength": 8,
        "byteLength": 8,
        "indexList": [],
        "parent": "CUSTOMER-KY",
        "values": [
          "0"
        ]
      }
    ]
  },
  {
    "level": 1,
    "depth": 1,
    "name": "PROCTRAN-RIDFLD",
    "byteOffset": 0,
    "dataLength": 8,
    "byteLength": 4,
    "fieldCompression": "computational",
    "indexList": []
  },
  {
    "level": 1,
    "depth": 1,
    "name": "SQLCODE-DISPLAY",
    "byteOffset": 0,
    "dataLength": 8,
    "byteLength": 8,
    "indexList": []
  },
  {
    "level": 1,
    "depth": 1,
    "name": "MY-ABEND-CODE",
    "byteOffset": 0,
    "dataLength": 4,
    "byteLength": 4,
    "indexList": []
  },
  {
    "level": 1,
    "depth": 1,
    "name": "DFHCOMMAREA",
    "byteOffset": 0,
    "dataLength": 685,
    "byteLength": 678,
    "indexList": [],
    "children": [
      {
        "level": 3,
        "depth": 2,
        "name": "COMM-VSAM-KEY",
        "byteOffset": 0,
        "dataLength": 19,
        "byteLength": 12,
        "indexList": [],
        "parent": "DFHCOMMAREA",
        "children": [
          {
            "level": 5,
            "depth": 3,
            "name": "COMM-UTIME-KEY",
            "byteOffset": 0,
            "dataLength": 15,
            "byteLength": 8,
            "fieldCompression": "computational-3",
            "indexList": [],
            "parent": "COMM-VSAM-KEY"
          },
          {
            "level": 5,
            "depth": 3,
            "name": "COMM-TASKNO-KEY",
            "byteOffset": 8,
            "dataLength": 4,
            "byteLength": 4,
            "indexList": [],
            "parent": "COMM-VSAM-KEY"
          }
        ]
      },
      {
        "level": 3,
        "depth": 2,
        "name": "COMM-APPLID",
        "byteOffset": 12,
        "dataLength": 8,
        "byteLength": 8,
        "indexList": [],
        "parent": "DFHCOMMAREA"
      },
      {
        "level": 3,
        "depth": 2,
        "name": "COMM-TRANID",
        "byteOffset": 20,
        "dataLength": 4,
        "byteLength": 4,
        "indexList": [],
        "parent": "DFHCOMMAREA"
      },
      {
        "level": 3,
        "depth": 2,
        "name": "COMM-DATE",
        "byteOffset": 24,
        "dataLength": 10,
        "byteLength": 10,
        "indexList": [],
        "parent": "DFHCOMMAREA"
      },
      {
        "level": 3,
        "depth": 2,
        "name": "COMM-TIME",
        "byteOffset": 34,
        "dataLength": 8,
        "byteLength": 8,
        "indexList": [],
        "parent": "DFHCOMMAREA"
      },
      {
        "level": 3,
        "depth": 2,
        "name": "COMM-CODE",
        "byteOffset": 42,
        "dataLength": 4,
        "byteLength": 4,
        "indexList": [],
        "parent": "DFHCOMMAREA"
      },
      {
        "level": 3,
        "depth": 2,
        "name": "COMM-PROGRAM",
        "byteOffset": 46,
        "dataLength": 8,
        "byteLength": 8,
        "indexList": [],
        "parent": "DFHCOMMAREA"
      },
      {
        "level": 3,
        "depth": 2,
        "name": "COMM-RESPCODE",
        "byteOffset": 54,
        "dataLength": 8,
        "byteLength": 8,
        "indexList": [],
        "parent": "DFHCOMMAREA"
      },
      {
        "level": 3,
        "depth": 2,
        "name": "COMM-RESP2CODE",
        "byteOffset": 62,
        "dataLength": 8,
        "byteLength": 8,
        "indexList": [],
        "parent": "DFHCOMMAREA"
      },
      {
        "level": 3,
        "depth": 2,
        "name": "COMM-SQLCODE",
        "byteOffset": 70,
        "dataLength": 8,
        "byteLength": 8,
        "indexList": [],
        "parent": "DFHCOMMAREA"
      },
      {
        "level": 3,
        "depth": 2,
        "name": "COMM-FREEFORM",
        "byteOffset": 78,
        "dataLength": 600,
        "byteLength": 600,
        "indexList": [],
        "parent": "DFHCOMMAREA"
      }
    ]
  }
]