[
  {
    "level": 1,
    "depth": 1,
    "name": "CUSTOMER-RECORD-STRUCTURE",
    "byteOffset": 0,
    "dataLength": 259,
    "byteLength": 259,
    "indexList": [],
    "children": [
      {
        "level": 3,
        "depth": 2,
        "name": "CUSTOMER-RECORD",
        "byteOffset": 0,
        "dataLength": 259,
        "byteLength": 259,
        "indexList": [],
        "parent": "CUSTOMER-RECORD-STRUCTURE",
        "children": [
          {
            "level": 5,
            "depth": 3,
            "name": "CUSTOMER-EYECATCHER",
            "byteOffset": 0,
            "dataLength": 4,
            "byteLength": 4,
            "indexList": [],
            "parent": "CUSTOMER-RECORD",
            "children": [
              {
                "level": 88,
                "depth": 4,
                "name": "CUSTOMER-EYECATCHER-VALUE",
                "byteOffset": 0,
                "dataLength": 4,
                "byteLength": 4,
                "indexList": [],
                "parent": "CUSTOMER-EYECATCHER",
                "values": [
                  "CUST"
                ]
              }
            ]
          },
          {
            "level": 5,
            "depth": 3,
            "name": "CUSTOMER-KEY",
            "byteOffset": 4,
            "dataLength": 16,
            "byteLength": 16,
            "indexList": [],
            "parent": "CUSTOMER-RECORD",
            "children": [
              {
                "level": 7,
                "depth": 4,
                "name": "CUSTOMER-SORTCODE",
                "byteOffset": 4,
                "dataLength": 6,
                "byteLength": 6,
                "indexList": [],
                "parent": "CUSTOMER-KEY"
              },
              {
                "level": 7,
                "depth": 4,
                "name": "CUSTOMER-NUMBER",
                "byteOffset": 10,
                "dataLength": 10,
                "byteLength": 10,
                "indexList": [],
                "parent": "CUSTOMER-KEY"
              }
            ]
          },
          {
            "level": 5,
            "depth": 3,
            "name": "CUSTOMER-NAME",
            "byteOffset": 20,
            "dataLength": 60,
            "byteLength": 60,
            "indexList": [],
            "parent": "CUSTOMER-RECORD"
          },
          {
            "level": 5,
            "depth": 3,
            "name": "CUSTOMER-ADDRESS",
            "byteOffset": 80,
            "dataLength": 160,
            "byteLength": 160,
            "indexList": [],
            "parent": "CUSTOMER-RECORD"
          },
          {
            "level": 5,
            "depth": 3,
            "name": "CUSTOMER-DATE-OF-BIRTH",
            "byteOffset": 240,
            "dataLength": 8,
            "byteLength": 8,
            "indexList": [],
            "parent": "CUSTOMER-RECORD"
          },
          {
            "level": 5,
            "depth": 3,
            "name": "CUSTOMER-DOB-GROUP",
            "redefines": "CUSTOMER-DATE-OF-BIRTH",
            "byteOffset": 240,
            "dataLength": 8,
            "byteLength": 8,
            "indexList": [],
            "parent": "CUSTOMER-RECORD",
            "topRoot": "CUSTOMER-RECORD-STRUCTURE",
            "children": [
              {
                "level": 7,
                "depth": 4,
                "name": "CUSTOMER-BIRTH-DAY",
                "byteOffset": 240,
                "dataLength": 2,
                "byteLength": 2,
                "indexList": [],
                "parent": "CUSTOMER-DOB-GROUP"
              },
              {
                "level": 7,
                "depth": 4,
                "name": "CUSTOMER-BIRTH-MONTH",
                "byteOffset": 242,
                "dataLength": 2,
                "byteLength": 2,
                "indexList": [],
                "parent": "CUSTOMER-DOB-GROUP"
              },
              {
                "level": 7,
                "depth": 4,
                "name": "CUSTOMER-BIRTH-YEAR",
                "byteOffset": 244,
                "dataLength": 4,
                "byteLength": 4,
                "indexList": [],
                "parent": "CUSTOMER-DOB-GROUP"
              }
            ]
          },
          {
            "level": 5,
            "depth": 3,
            "name": "CUSTOMER-CREDIT-SCORE",
            "byteOffset": 248,
            "dataLength": 3,
            "byteLength": 3,
            "indexList": [],
            "parent": "CUSTOMER-RECORD"
          },
          {
            "level": 5,
            "depth": 3,
            "name": "CUSTOMER-CS-REVIEW-DATE",
            "byteOffset": 251,
            "dataLength": 8,
            "byteLength": 8,
            "indexList": [],
            "parent": "CUSTOMER-RECORD"
          },
          {
            "level": 5,
            "depth": 3,
            "name": "CUSTOMER-CS-GROUP",
            "redefines": "CUSTOMER-CS-REVIEW-DATE",
            "byteOffset": 251,
            "dataLength": 8,
            "byteLength": 8,
            "indexList": [],
            "parent": "CUSTOMER-RECORD",
            "topRoot": "CUSTOMER-RECORD-STRUCTURE",
            "children": [
              {
                "level": 7,
                "depth": 4,
                "name": "CUSTOMER-CS-REVIEW-DAY",
                "byteOffset": 251,
                "dataLength": 2,
                "byteLength": 2,
                "indexList": [],
                "parent": "CUSTOMER-CS-GROUP"
              },
              {
                "level": 7,
                "depth": 4,
                "name": "CUSTOMER-CS-REVIEW-MONTH",
                "byteOffset": 253,
                "dataLength": 2,
                "byteLength": 2,
                "indexList": [],
                "parent": "CUSTOMER-CS-GROUP"
              },
              {
                "level": 7,
                "depth": 4,
                "name": "CUSTOMER-CS-REVIEW-YEAR",
                "byteOffset": 255,
                "dataLength": 4,
                "byteLength": 4,
                "indexList": [],
                "parent": "CUSTOMER-CS-GROUP"
              }
            ]
          }
        ]
      }
    ]
  },
  {
    "level": 77,
    "depth": 1,
    "name": "WS-ACCOUNT-OPENED-DAY",
    "byteOffset": 0,
    "dataLength": 2,
    "byteLength": 2,
    "indexList": []
  },
  {
    "level": 77,
    "depth": 1,
    "name": "WS-ACCOUNT-OPENED-MONTH",
    "byteOffset": 0,
    "dataLength": 2,
    "byteLength": 2,
    "indexList": []
  },
  {
    "level": 77,
    "depth": 1,
    "name": "WS-ACCOUNT-OPENED-YEAR",
    "byteOffset": 0,
    "dataLength": 4,
    "byteLength": 4,
    "indexList": []
  },
  {
    "level": 1,
    "depth": 1,
    "name": "HOST-ACCOUNT-ROW",
    "byteOffset": 0,
    "dataLength": 108,
    "byteLength": 88,
    "indexList": [],
    "children": [
      {
        "level": 3,
        "depth": 2,
        "name": "HV-ACCOUNT-DATA",
        "byteOffset": 0,
        "dataLength": 108,
        "byteLength": 88,
        "indexList": [],
        "parent": "HOST-ACCOUNT-ROW",
        "children": [
          {
            "level": 5,
            "depth": 3,
            "name": "HV-ACCOUNT-EYECATCHER",
            "byteOffset": 0,
            "dataLength": 4,
            "byteLength": 4,
            "indexList": [],
            "parent": "HV-ACCOUNT-DATA"
          },
          {
            "level": 5,
            "depth": 3,
            "name": "HV-ACCOUNT-CUST-NO",
            "byteOffset": 4,
            "dataLength": 10,
            "byteLength": 10,
            "indexList": [],
            "parent": "HV-ACCOUNT-DATA"
          },
          {
            "level": 5,
            "depth": 3,
            "name": "HV-ACCOUNT-KEY",
            "byteOffset": 14,
            "dataLength": 14,
            "byteLength": 14,
            "indexList": [],
            "parent": "HV-ACCOUNT-DATA",
            "children": [
              {
                "level": 7,
                "depth": 4,
                "name": "HV-ACCOUNT-SORT-CODE",
                "byteOffset": 14,
                "dataLength": 6,
                "byteLength": 6,
                "indexList": [],
                "parent": "HV-ACCOUNT-KEY"
              },
              {
                "level": 7,
                "depth": 4,
                "name": "HV-ACCOUNT-NUMBER",
                "byteOffset": 20,
                "dataLength": 8,
                "byteLength": 8,
                "indexList": [],
                "parent": "HV-ACCOUNT-KEY"
              }
            ]
          },
          {
            "level": 5,
            "depth": 3,
            "name": "HV-ACCOUNT-TYPE",
            "byteOffset": 28,
            "dataLength": 8,
            "byteLength": 8,
            "indexList": [],
            "parent": "HV-ACCOUNT-DATA"
          },
          {
            "level": 5,
            "depth": 3,
            "name": "HV-ACCOUNT-INTEREST-RATE",
            "byteOffset": 36,
            "dataLength": 7,
            "byteLength": 4,
            "fieldCompression": "computational-3",
            "indexList": [],
            "parent": "HV-ACCOUNT-DATA",
            "decimalNumberPortion": 2
          },
          {
            "level": 5,
            "depth": 3,
            "name": "HV-ACCOUNT-OPENED",
            "byteOffset": 40,
            "dataLength": 10,
            "byteLength": 10,
            "indexList": [],
            "parent": "HV-ACCOUNT-DATA"
          },
          {
            "level": 5,
            "depth": 3,
            "name": "HV-ACCOUNT-OPENED-GROUP",
            "redefines": "HV-ACCOUNT-OPENED",
            "byteOffset": 40,
            "dataLength": 10,
            "byteLength": 10,
            "indexList": [],
            "parent": "HV-ACCOUNT-DATA",
            "topRoot": "HOST-ACCOUNT-ROW",
            "children": [
              {
                "level": 7,
                "depth": 4,
                "name": "HV-ACCOUNT-OPENED-DAY",
                "byteOffset": 40,
                "dataLength": 2,
                "byteLength": 2,
                "indexList": [],
                "parent": "HV-ACCOUNT-OPENED-GROUP"
              },
              {
                "level": 7,
                "depth": 4,
                "name": "HV-ACCOUNT-OPENED-DELIM1",
                "byteOffset": 42,
                "dataLength": 1,
                "byteLength": 1,
                "indexList": [],
                "parent": "HV-ACCOUNT-OPENED-GROUP"
              },
              {
                "level": 7,
                "depth": 4,
                "name": "HV-ACCOUNT-OPENED-MONTH",
                "byteOffset": 43,
                "dataLength": 2,
                "byteLength": 2,
                "indexList": [],
                "parent": "HV-ACCOUNT-OPENED-GROUP"
              },
              {
                "level": 7,
                "depth": 4,
                "name": "HV-ACCOUNT-OPENED-DELIM2",
                "byteOffset": 45,
                "dataLength": 1,
                "byteLength": 1,
                "indexList": [],
                "parent": "HV-ACCOUNT-OPENED-GROUP"
              },
              {
                "level": 7,
                "depth": 4,
                "name": "HV-ACCOUNT-OPENED-YEAR",
                "byteOffset": 46,
                "dataLength": 4,
                "byteLength": 4,
                "indexList": [],
                "parent": "HV-ACCOUNT-OPENED-GROUP"
              }
            ]
          },
          {
            "level": 5,
            "depth": 3,
            "name": "HV-ACCOUNT-OVERDRAFT-LIMIT",
            "byteOffset": 50,
            "dataLength": 9,
            "byteLength": 4,
            "fieldCompression": "computational",
            "indexList": [],
            "parent": "HV-ACCOUNT-DATA"
          },
          {
            "level": 5,
            "depth": 3,
            "name": "HV-ACCOUNT-LAST-STMT-DATE",
            "byteOffset": 54,
            "dataLength": 10,
            "byteLength": 10,
            "indexList": [],
            "parent": "HV-ACCOUNT-DATA"
          },
          {
            "level": 5,
            "depth": 3,
            "name": "HV-ACCOUNT-LAST-STMT-GROUP",
            "redefines": "HV-ACCOUNT-LAST-STMT-DATE",
            "byteOffset": 54,
            "dataLength": 10,
            "byteLength": 10,
            "indexList": [],
            "parent": "HV-ACCOUNT-DATA",
            "topRoot": "HOST-ACCOUNT-ROW",
            "children": [
              {
                "level": 7,
                "depth": 4,
                "name": "HV-ACCOUNT-LAST-STMT-DAY",
                "byteOffset": 54,
                "dataLength": 2,
                "byteLength": 2,
                "indexList": [],
                "parent": "HV-ACCOUNT-LAST-STMT-GROUP"
              },
              {
                "level": 7,
                "depth": 4,
                "name": "HV-ACCOUNT-LAST-STMT-DELIM1",
                "byteOffset": 56,
                "dataLength": 1,
                "byteLength": 1,
                "indexList": [],
                "parent": "HV-ACCOUNT-LAST-STMT-GROUP"
              },
              {
                "level": 7,
                "depth": 4,
                "name": "HV-ACCOUNT-LAST-STMT-MONTH",
                "byteOffset": 57,
                "dataLength": 2,
                "byteLength": 2,
                "indexList": [],
                "parent": "HV-ACCOUNT-LAST-STMT-GROUP"
              },
              {
                "level": 7,
                "depth": 4,
                "name": "HV-ACCOUNT-LAST-STMT-DELIM2",
                "byteOffset": 59,
                "dataLength": 1,
                "byteLength": 1,
                "indexList": [],
                "parent": "HV-ACCOUNT-LAST-STMT-GROUP"
              },
              {
                "level": 7,
                "depth": 4,
                "name": "HV-ACCOUNT-LAST-STMT-YEAR",
                "byteOffset": 60,
                "dataLength": 4,
                "byteLength": 4,
                "indexList": [],
                "parent": "HV-ACCOUNT-LAST-STMT-GROUP"
              }
            ]
          },
          {
            "level": 5,
            "depth": 3,
            "name": "HV-ACCOUNT-NEXT-STMT-DATE",
            "byteOffset": 64,
            "dataLength": 10,
            "byteLength": 10,
            "indexList": [],
            "parent": "HV-ACCOUNT-DATA"
          },
          {
            "level": 5,
            "depth": 3,
            "name": "HV-ACCOUNT-NEXT-STMT-GROUP",
            "redefines": "HV-ACCOUNT-NEXT-STMT-DATE",
            "byteOffset": 64,
            "dataLength": 10,
            "byteLength": 10,
            "indexList": [],
            "parent": "HV-ACCOUNT-DATA",
            "topRoot": "HOST-ACCOUNT-ROW",
            "children": [
              {
                "level": 7,
                "depth": 4,
                "name": "HV-ACCOUNT-NEXT-STMT-DAY",
                "byteOffset": 64,
                "dataLength": 2,
                "byteLength": 2,
                "indexList": [],
                "parent": "HV-ACCOUNT-NEXT-STMT-GROUP"
              },
              {
                "level": 7,
                "depth": 4,
                "name": "HV-ACCOUNT-NEXT-STMT-DELIM1",
                "byteOffset": 66,
                "dataLength": 1,
                "byteLength": 1,
                "indexList": [],
                "parent": "HV-ACCOUNT-NEXT-STMT-GROUP"
              },
              {
                "level": 7,
                "depth": 4,
                "name": "HV-ACCOUNT-NEXT-STMT-MONTH",
                "byteOffset": 67,
                "dataLength": 2,
                "byteLength": 2,
                "indexList": [],
                "parent": "HV-ACCOUNT-NEXT-STMT-GROUP"
              },
              {
                "level": 7,
                "depth": 4,
                "name": "HV-ACCOUNT-NEXT-STMT-DELIM2",
                "byteOffset": 69,
                "dataLength": 1,
                "byteLength": 1,
                "indexList": [],
                "parent": "HV-ACCOUNT-NEXT-STMT-GROUP"
              },
              {
                "level": 7,
                "depth": 4,
                "name": "HV-ACCOUNT-NEXT-STMT-YEAR",
                "byteOffset": 70,
                "dataLength": 4,
                "byteLength": 4,
                "indexList": [],
                "parent": "HV-ACCOUNT-NEXT-STMT-GROUP"
              }
            ]
          },
          {
            "level": 5,
            "depth": 3,
            "name": "HV-ACCOUNT-AVAILABLE-BALANCE",
            "byteOffset": 74,
            "dataLength": 13,
            "byteLength": 7,
            "fieldCompression": "computational-3",
            "indexList": [],
            "parent": "HV-ACCOUNT-DATA",
            "decimalNumberPortion": 2
          },
          {
            "level": 5,
            "depth": 3,
            "name": "HV-ACCOUNT-ACTUAL-BALANCE",
            "byteOffset": 81,
            "dataLength": 13,
            "byteLength": 7,
            "fieldCompression": "computational-3",
            "indexList": [],
            "parent": "HV-ACCOUNT-DATA",
            "decimalNumberPortion": 2
          }
        ]
      }
    ]
  },
  {
    "level": 1,
    "depth": 1,
    "name": "DISP-LOT",
    "byteOffset": 0,
    "dataLength": 5,
    "byteLength": 5,
    "indexList": [],
    "children": [
      {
        "level": 3,
        "depth": 2,
        "name": "DISP-SIGN",
        "byteOffset": 0,
        "dataLength": 1,
        "byteLength": 1,
        "indexList": [],
        "parent": "DISP-LOT"
      },
      {
        "level": 3,
        "depth": 2,
        "name": "DISP-SQLCD",
        "byteOffset": 1,
        "dataLength": 4,
        "byteLength": 4,
        "indexList": [],
        "parent": "DISP-LOT"
      }
    ]
  },
  {
    "level": 1,
    "depth": 1,
    "name": "DISP-REASON-CODE",
    "byteOffset": 0,
    "dataLength": 18,
    "byteLength": 18,
    "indexList": []
  },
  {
    "level": 1,
    "depth": 1,
    "name": "START-KEY",
    "byteOffset": 0,
    "dataLength": 10,
    "byteLength": 10,
    "indexList": []
  },
  {
    "level": 1,
    "depth": 1,
    "name": "END-KEY",
    "byteOffset": 0,
    "dataLength": 10,
    "byteLength": 10,
    "indexList": []
  },
  {
    "level": 1,
    "depth": 1,
    "name": "STEP-KEY",
    "byteOffset": 0,
    "dataLength": 10,
    "byteLength": 10,
    "indexList": []
  },
  {
    "level": 1,
    "depth": 1,
    "name": "TESTNM",
    "byteOffset": 0,
    "dataLength": 4,
    "byteLength": 4,
    "indexList": []
  },
  {
    "level": 1,
    "depth": 1,
    "name": "CUSTOMER-VSAM-STATUS",
    "byteOffset": 0,
    "dataLength": 2,
    "byteLength": 2,
    "indexList": [],
    "children": [
      {
        "level": 5,
        "depth": 2,
        "name": "VSAM-STATUS1",
        "byteOffset": 0,
        "dataLength": 1,
        "byteLength": 1,
        "indexList": [],
        "parent": "CUSTOMER-VSAM-STATUS"
      },
      {
        "level": 5,
        "depth": 2,
        "name": "VSAM-STATUS2",
        "byteOffset": 1,
        "dataLength": 1,
        "byteLength": 1,
        "indexList": [],
        "parent": "CUSTOMER-VSAM-STATUS"
      }
    ]
  },
  {
    "level": 1,
    "depth": 1,
    "name": "NEXT-KEY",
    "byteOffset": 0,
    "dataLength": 10,
    "byteLength": 10,
    "indexList": []
  },
  {
    "level": 1,
    "depth": 1,
    "name": "FORENAMES",
    "byteOffset": 0,
    "dataLength": 2000,
    "byteLength": 2000,
    "indexList": [],
    "children": [
      {
        "level": 5,
        "depth": 2,
        "name": "FORENAME",
        "byteOffset": 0,
        "dataLength": 2000,
        "byteLength": 2000,
        "dataLengthSingle": 20,
        "byteLengthSingle": 20,
        "occurs": 100,
        "indexList": [],
        "parent": "FORENAMES"
      }
    ]
  },
  {
    "level": 1,
    "depth": 1,
    "name": "FORENAMES-CNT",
    "byteOffset": 0,
    "dataLength": 8,
    "byteLength": 8,
    "indexList": [],
    "values": [
      "0"
    ]
  },
  {
    "level": 1,
    "depth": 1,
    "name": "FORENAMES-PTR",
    "byteOffset": 0,
    "dataLength": 8,
    "byteLength": 8,
    "indexList": [],
    "values": [
      "0"
    ]
  },
  {
    "level": 1,
    "depth": 1,
    "name": "STREET-NAME-TREES",
    "byteOffset": 0,
    "dataLength": 520,
    "byteLength": 520,
    "indexList": [],
    "children": [
      {
        "level": 5,
        "depth": 2,
        "name": "STREET-NAME-TREE",
        "byteOffset": 0,
        "dataLength": 520,
        "byteLength": 520,
        "dataLengthSingle": 20,
        "byteLengthSingle": 20,
        "occurs": 26,
        "indexList": [],
        "parent": "STREET-NAME-TREES"
      }
    ]
  },
  {
    "level": 1,
    "depth": 1,
    "name": "STREET-NAME-T-CNT",
    "byteOffset": 0,
    "dataLength": 8,
    "byteLength": 8,
    "indexList": [],
    "values": [
      "0"
    ]
  },
  {
    "level": 1,
    "depth": 1,
    "name": "STREET-NAME-T-PTR",
    "byteOffset": 0,
    "dataLength": 8,
    "byteLength": 8,
    "indexList": [],
    "values": [
      "0"
    ]
  },
  {
    "level": 1,
    "depth": 1,
    "name": "STREET-NAME-ROADS",
    "byteOffset": 0,
    "dataLength": 380,
    "byteLength": 380,
    "indexList": [],
    "children": [
      {
        "level": 5,
        "depth": 2,
        "name": "STREET-NAME-ROAD",
        "byteOffset": 0,
        "dataLength": 380,
        "byteLength": 380,
        "dataLengthSingle": 20,
        "byteLengthSingle": 20,
        "occurs": 19,
        "indexList": [],
        "parent": "STREET-NAME-ROADS"
      }
    ]
  },
  {
    "level": 1,
    "depth": 1,
    "name": "STREET-NAME-R-CNT",
    "byteOffset": 0,
    "dataLength": 8,
    "byteLength": 8,
    "indexList": [],
    "values": [
      "0"
    ]
  },
  {
    "level": 1,
    "depth": 1,
    "name": "STREET-NAME-R-PTR",
    "byteOffset": 0,
    "dataLength": 8,
    "byteLength": 8,
    "indexList": [],
    "values": [
      "0"
    ]
  },
  {
    "level": 1,
    "depth": 1,
    "name": "TOWNS",
    "byteOffset": 0,
    "dataLength": 1000,
    "byteLength": 1000,
    "indexList": [],
    "children": [
      {
        "level": 5,
        "depth": 2,
        "name": "TOWN",
        "byteOffset": 0,
        "dataLength": 1000,
        "byteLength": 1000,
        "dataLengthSingle": 20,
        "byteLengthSingle": 20,
        "occurs": 50,
        "indexList": [],
        "parent": "TOWNS"
      }
    ]
  },
  {
    "level": 1,
    "depth": 1,
    "name": "TOWN-COUNT",
    "byteOffset": 0,
    "dataLength": 8,
    "byteLength": 8,
    "indexList": [],
    "values": [
      "0"
    ]
  },
  {
    "level": 1,
    "depth": 1,
    "name": "TOWN-PTR",
    "byteOffset": 0,
    "dataLength": 8,
    "byteLength": 8,
    "indexList": [],
    "values": [
      "0"
    ]
  },
  {
    "level": 1,
    "depth": 1,
    "name": "INITIALS",
    "byteOffset": 0,
    "dataLength": 30,
    "byteLength": 30,
    "indexList": [],
    "children": [
      {
        "level": 5,
        "depth": 2,
        "name": "INITIAL-CHARACTER",
        "byteOffset": 0,
        "dataLength": 30,
        "byteLength": 30,
        "dataLengthSingle": 1,
        "byteLengthSingle": 1,
        "occurs": 30,
        "indexList": [],
        "parent": "INITIALS"
      }
    ]
  },
  {
    "level": 1,
    "depth": 1,
    "name": "INITIALS-CNT",
    "byteOffset": 0,
    "dataLength": 8,
    "byteLength": 8,
    "indexList": [],
    "values": [
      "0"
    ]
  },
  {
    "level": 1,
    "depth": 1,
    "name": "INITIALS-PTR",
    "byteOffset": 0,
    "dataLength": 8,
    "byteLength": 8,
    "indexList": [],
    "values": [
      "0"
    ]
  },
  {
    "level": 1,
    "depth": 1,
    "name": "TITLE-WORDS",
    "byteOffset": 0,
    "dataLength": 324,
    "byteLength": 324,
    "indexList": [],
    "children": [
      {
        "level": 3,
        "depth": 2,
        "name": "TITLE-WORD",
        "byteOffset": 0,
        "dataLength": 324,
        "byteLength": 324,
        "dataLengthSingle": 9,
        "byteLengthSingle": 9,
        "occurs": 36,
        "indexList": [],
        "parent": "TITLE-WORDS"
      }
    ]
  },
  {
    "level": 1,
    "depth": 1,
    "name": "TITLE-ALPHABET",
    "byteOffset": 0,
    "dataLength": 324,
    "byteLength": 324,
    "indexList": [],
    "children": [
      {
        "level": 3,
        "depth": 2,
        "name": "FILLER",
        "byteOffset": 0,
        "dataLength": 9,
        "byteLength": 9,
        "indexList": [],
        "parent": "TITLE-ALPHABET",
        "values": [
          "Mr"
        ]
      },
      {
        "level": 3,
        "depth": 2,
        "name": "FILLER%92",
        "byteOffset": 9,
        "dataLength": 9,
        "byteLength": 9,
        "indexList": [],
        "parent": "TITLE-ALPHABET",
        "values": [
          "Mrs"
        ]
      },
      {
        "level": 3,
        "depth": 2,
        "name": "FILLER%93",
        "byteOffset": 18,
        "dataLength": 9,
        "byteLength": 9,
        "indexList": [],
        "parent": "TITLE-ALPHABET",
        "values": [
          "Miss"
        ]
      },
      {
        "level": 3,
        "depth": 2,
        "name": "FILLER%94",
        "byteOffset": 27,
        "dataLength": 9,
        "byteLength": 9,
        "indexList": [],
        "parent": "TITLE-ALPHABET",
        "values": [
          "Ms"
        ]
      },
      {
        "level": 3,
        "depth": 2,
        "name": "FILLER%95",
        "byteOffset": 36,
        "dataLength": 9,
        "byteLength": 9,
        "indexList": [],
        "parent": "TITLE-ALPHABET",
        "values": [
          "Mr"
        ]
      },
      {
        "level": 3,
        "depth": 2,
        "name": "FILLER%96",
        "byteOffset": 45,
        "dataLength": 9,
        "byteLength": 9,
        "indexList": [],
        "parent": "TITLE-ALPHABET",
        "values": [
          "Mrs"
        ]
      },
      {
        "level": 3,
        "depth": 2,
        "name": "FILLER%97",
        "byteOffset": 54,
        "dataLength": 9,
        "byteLength": 9,
        "indexList": [],
        "parent": "TITLE-ALPHABET",
        "values": [
          "Miss"
        ]
      },
      {
        "level": 3,
        "depth": 2,
        "name": "FILLER%98",
        "byteOffset": 63,
        "dataLength": 9,
        "byteLength": 9,
        "indexList": [],
        "parent": "TITLE-ALPHABET",
        "values": [
          "Ms"
        ]
      },
      {
        "level": 3,
        "depth": 2,
        "name": "FILLER%99",
        "byteOffset": 72,
        "dataLength": 9,
        "byteLength": 9,
        "indexList": [],
        "parent": "TITLE-ALPHABET",
        "values": [
          "Mr"
        ]
      },
      {
        "level": 3,
        "depth": 2,
        "name": "FILLER%100",
        "byteOffset": 81,
        "dataLength": 9,
        "byteLength": 9,
        "indexList": [],
        "parent": "TITLE-ALPHABET",
        "values": [
          "Mrs"
        ]
      },
      {
        "level": 3,
        "depth": 2,
        "name": "FILLER%101",
        "byteOffset": 90,
        "dataLength": 9,
        "byteLength": 9,
        "indexList": [],
        "parent": "TITLE-ALPHABET",
        "values": [
          "Miss"
        ]
      },
      {
        "level": 3,
        "depth": 2,
        "name": "FILLER%102",
        "byteOffset": 99,
        "dataLength": 9,
        "byteLength": 9,
        "indexList": [],
        "parent": "TITLE-ALPHABET",
        "values": [
          "Ms"
        ]
      },
      {
        "level": 3,
        "depth": 2,
        "name": "FILLER%103",
        "byteOffset": 108,
        "dataLength": 9,
        "byteLength": 9,
        "indexList": [],
        "parent": "TITLE-ALPHABET",
        "values": [
          "Mr"
        ]
      },
      {
        "level": 3,
        "depth": 2,
        "name": "FILLER%104",
        "byteOffset": 117,
        "dataLength": 9,
        "byteLength": 9,
        "indexList": [],
        "parent": "TITLE-ALPHABET",
        "values": [
          "Mrs"
        ]
      },
      {
        "level": 3,
        "depth": 2,
        "name": "FILLER%105",
        "byteOffset": 126,
        "dataLength": 9,
        "byteLength": 9,
        "indexList": [],
        "parent": "TITLE-ALPHABET",
        "values": [
          "Miss"
        ]
      },
      {
        "level": 3,
        "depth": 2,
        "name": "FILLER%106",
        "byteOffset": 135,
        "dataLength": 9,
        "byteLength": 9,
        "indexList": [],
        "parent": "TITLE-ALPHABET",
        "values": [
          "Ms"
        ]
      },
      {
        "level": 3,
        "depth": 2,
        "name": "FILLER%107",
        "byteOffset": 144,
        "dataLength": 9,
        "byteLength": 9,
        "indexList": [],
        "parent": "TITLE-ALPHABET",
        "values": [
          "Mr"
        ]
      },
      {
        "level": 3,
        "depth": 2,
        "name": "FILLER%108",
        "byteOffset": 153,
        "dataLength": 9,
        "byteLength": 9,
        "indexList": [],
        "parent": "TITLE-ALPHABET",
        "values": [
          "Mrs"
        ]
      },
      {
        "level": 3,
        "depth": 2,
        "name": "FILLER%109",
        "byteOffset": 162,
        "dataLength": 9,
        "byteLength": 9,
        "indexList": [],
        "parent": "TITLE-ALPHABET",
        "values": [
          "Miss"
        ]
      },
      {
        "level": 3,
        "depth": 2,
        "name": "FILLER%110",
        "byteOffset": 171,
        "dataLength": 9,
        "byteLength": 9,
        "indexList": [],
        "parent": "TITLE-ALPHABET",
        "values": [
          "Ms"
        ]
      },
      {
        "level": 3,
        "depth": 2,
        "name": "FILLER%111",
        "byteOffset": 180,
        "dataLength": 9,
        "byteLength": 9,
        "indexList": [],
        "parent": "TITLE-ALPHABET",
        "values": [
          "Dr"
        ]
      },
      {
        "level": 3,
        "depth": 2,
        "name": "FILLER%112",
        "byteOffset": 189,
        "dataLength": 9,
        "byteLength": 9,
        "indexList": [],
        "parent": "TITLE-ALPHABET",
        "values": [
          "Drs"
        ]
      },
      {
        "level": 3,
        "depth": 2,
        "name": "FILLER%113",
        "byteOffset": 198,
        "dataLength": 9,
        "byteLength": 9,
        "indexList": [],
        "parent": "TITLE-ALPHABET",
        "values": [
          "Dr"
        ]
      },
      {
        "level": 3,
        "depth": 2,
        "name": "FILLER%114",
        "byteOffset": 207,
        "dataLength": 9,
        "byteLength": 9,
        "indexList": [],
        "parent": "TITLE-ALPHABET",
        "values": [
          "Ms"
        ]
      },
      {
        "level": 3,
        "depth": 2,
        "name": "FILLER%115",
        "byteOffset": 216,
        "dataLength": 9,
        "byteLength": 9,
        "indexList": [],
        "parent": "TITLE-ALPHABET",
        "values": [
          "Dr"
        ]
      },
      {
        "level": 3,
        "depth": 2,
        "name": "FILLER%116",
        "byteOffset": 225,
        "dataLength": 9,
        "byteLength": 9,
        "indexList": [],
        "parent": "TITLE-ALPHABET",
        "values": [
          "Ms"
        ]
      },
      {
        "level": 3,
        "depth": 2,
        "name": "FILLER%117",
        "byteOffset": 234,
        "dataLength": 9,
        "byteLength": 9,
        "indexList": [],
        "parent": "TITLE-ALPHABET",
        "values": [
          "Dr"
        ]
      },
      {
        "level": 3,
        "depth": 2,
        "name": "FILLER%118",
        "byteOffset": 243,
        "dataLength": 9,
        "byteLength": 9,
        "indexList": [],
        "parent": "TITLE-ALPHABET",
        "values": [
          "Ms"
        ]
      },
      {
        "level": 3,
        "depth": 2,
        "name": "FILLER%119",
        "byteOffset": 252,
        "dataLength": 9,
        "byteLength": 9,
        "indexList": [],
        "parent": "TITLE-ALPHABET",
        "values": [
          "Professor"
        ]
      },
      {
        "level": 3,
        "depth": 2,
        "name": "FILLER%120",
        "byteOffset": 261,
        "dataLength": 9,
        "byteLength": 9,
        "indexList": [],
        "parent": "TITLE-ALPHABET",
        "values": [
          "Professor"
        ]
      },
      {
        "level": 3,
        "depth": 2,
        "name": "FILLER%121",
        "byteOffset": 270,
        "dataLength": 9,
        "byteLength": 9,
        "indexList": [],
        "parent": "TITLE-ALPHABET",
        "values": [
          "Professor"
        ]
      },
      {
        "level": 3,
        "depth": 2,
        "name": "FILLER%122",
        "byteOffset": 279,
        "dataLength": 9,
        "byteLength": 9,
        "indexList": [],
        "parent": "TITLE-ALPHABET",
        "values": [
          "Lord"
        ]
      },
      {
        "level": 3,
        "depth": 2,
        "name": "FILLER%123",
        "byteOffset": 288,
        "dataLength": 9,
        "byteLength": 9,
        "indexList": [],
        "parent": "TITLE-ALPHABET",
        "values": [
          "Sir"
        ]
      },
      {
        "level": 3,
        "depth": 2,
        "name": "FILLER%124",
        "byteOffset": 297,
        "dataLength": 9,
        "byteLength": 9,
        "indexList": [],
        "parent": "TITLE-ALPHABET",
        "values": [
          "Sir"
        ]
      },
      {
        "level": 3,
        "depth": 2,
        "name": "FILLER%125",
        "byteOffset": 306,
        "dataLength": 9,
        "byteLength": 9,
        "indexList": [],
        "parent": "TITLE-ALPHABET",
        "values": [
          "Lady"
        ]
      },
      {
        "level": 3,
        "depth": 2,
        "name": "FILLER%126",
        "byteOffset": 315,
        "dataLength": 9,
        "byteLength": 9,
        "indexList": [],
        "parent": "TITLE-ALPHABET",
        "values": [
          "Lady"
        ]
      }
    ]
  },
  {
    "level": 1,
    "depth": 1,
    "name": "TITLE-NUMBER",
    "byteOffset": 0,
    "dataLength": 9,
    "byteLength": 9,
    "indexList": []
  },
  {
    "level": 1,
    "depth": 1,
    "name": "HOUSE-NUMBER",
    "byteOffset": 0,
    "dataLength": 2,
    "byteLength": 2,
    "indexList": []
  },
  {
    "level": 1,
    "depth": 1,
    "name": "SURNAMES",
    "byteOffset": 0,
    "dataLength": 2000,
    "byteLength": 2000,
    "indexList": [],
    "children": [
      {
        "level": 5,
        "depth": 2,
        "name": "SURNAME",
        "byteOffset": 0,
        "dataLength": 2000,
        "byteLength": 2000,
        "dataLengthSingle": 20,
        "byteLengthSingle": 20,
        "occurs": 100,
        "indexList": [],
        "parent": "SURNAMES"
      }
    ]
  },
  {
    "level": 1,
    "depth": 1,
    "name": "SURNAMES-CNT",
    "byteOffset": 0,
    "dataLength": 8,
    "byteLength": 8,
    "indexList": [],
    "values": [
      "0"
    ]
  },
  {
    "level": 1,
    "depth": 1,
    "name": "SURNAMES-PTR",
    "byteOffset": 0,
    "dataLength": 8,
    "byteLength": 8,
    "indexList": [],
    "values": [
      "0"
    ]
  },
  {
    "level": 1,
    "depth": 1,
    "name": "RDATE",
    "byteOffset": 0,
    "dataLength": 21,
    "byteLength": 21,
    "indexList": []
  },
  {
    "level": 1,
    "depth": 1,
    "name": "RDATE-NUMERIC",
    "redefines": "RDATE",
    "byteOffset": 0,
    "dataLength": 16,
    "byteLength": 16,
    "indexList": [],
    "topRoot": "RDATE"
  },
  {
    "level": 1,
    "depth": 1,
    "name": "RANDOM-SEED",
    "byteOffset": 0,
    "dataLength": 16,
    "byteLength": 16,
    "indexList": []
  },
  {
    "level": 1,
    "depth": 1,
    "name": "RANDOM-SEED-NUMERIC",
    "redefines": "RANDOM-SEED",
    "byteOffset": 0,
    "dataLength": 16,
    "byteLength": 16,
    "indexList": [],
    "topRoot": "RANDOM-SEED"
  },
  {
    "level": 1,
    "depth": 1,
    "name": "WS-CNT",
    "byteOffset": 0,
    "dataLength": 1,
    "byteLength": 1,
    "indexList": [],
    "values": [
      "0"
    ],
    "children": [
      {
        "level": 77,
        "depth": 2,
        "name": "SORTCODE",
        "byteOffset": 0,
        "dataLength": 6,
        "byteLength": 6,
        "indexList": [],
        "parent": "WS-CNT",
        "values": [
          "987654"
        ]
      }
    ]
  },
  {
    "level": 1,
    "depth": 1,
    "name": "WS-ACCOUNT-NUMBER",
    "byteOffset": 0,
    "dataLength": 8,
    "byteLength": 8,
    "indexList": [],
    "values": [
      "1"
    ]
  },
  {
    "level": 1,
    "depth": 1,
    "name": "WS-ACCOUNT-TYPES",
    "byteOffset": 0,
    "dataLength": 40,
    "byteLength": 40,
    "indexList": [],
    "children": [
      {
        "level": 5,
        "depth": 2,
        "name": "WS-ACCOUNT-TYPE",
        "byteOffset": 0,
        "dataLength": 40,
        "byteLength": 40,
        "dataLengthSingle": 8,
        "byteLengthSingle": 8,
        "occurs": 5,
        "indexList": [],
        "parent": "WS-ACCOUNT-TYPES"
      }
    ]
  },
  {
    "level": 1,
    "depth": 1,
    "name": "ACCOUNT-TYPES-COUNT",
    "byteOffset": 0,
    "dataLength": 8,
    "byteLength": 8,
    "indexList": [],
    "values": [
      "0"
    ]
  },
  {
    "level": 1,
    "depth": 1,
    "name": "ACCOUNT-TYPES-PTR",
    "byteOffset": 0,
    "dataLength": 8,
    "byteLength": 8,
    "indexList": [],
    "values": [
      "0"
    ]
  },
  {
    "level": 1,
    "depth": 1,
    "name": "WS-ACCOUNT-INT-RATES",
    "byteOffset": 0,
    "dataLength": 35,
    "byteLength": 35,
    "indexList": [],
    "children": [
      {
        "level": 5,
        "depth": 2,
        "name": "WS-ACCOUNT-INT-RATE",
        "byteOffset": 0,
        "dataLength": 35,
        "byteLength": 35,
        "dataLengthSingle": 7,
        "byteLengthSingle": 7,
        "occurs": 5,
        "indexList": [],
        "parent": "WS-ACCOUNT-INT-RATES",
        "decimalNumberPortion": 2
      }
    ]
  },
  {
    "level": 1,
    "depth": 1,
    "name": "ACCOUNT-INT-RATES-COUNT",
    "byteOffset": 0,
    "dataLength": 8,
    "byteLength": 8,
    "indexList": [],
    "values": [
      "0"
    ]
  },
  {
    "level": 1,
    "depth": 1,
    "name": "ACCOUNT-INT-RATES-PTR",
    "byteOffset": 0,
    "dataLength": 8,
    "byteLength": 8,
    "indexList": [],
    "values": [
      "0"
    ]
  },
  {
    "level": 1,
    "depth": 1,
    "name": "WS-ACCOUNT-OVERDRAFT-LIMS",
    "byteOffset": 0,
    "dataLength": 40,
    "byteLength": 40,
    "indexList": [],
    "children": [
      {
        "level": 5,
        "depth": 2,
        "name": "WS-ACCOUNT-OVERDRAFT-LIM",
        "byteOffset": 0,
        "dataLength": 40,
        "byteLength": 40,
        "dataLengthSingle": 8,
        "byteLengthSingle": 8,
        "occurs": 5,
        "indexList": [],
        "parent": "WS-ACCOUNT-OVERDRAFT-LIMS"
      }
    ]
  },
  {
    "level": 1,
    "depth": 1,
    "name": "ACCOUNT-OVERDRAFT-COUNT",
    "byteOffset": 0,
    "dataLength": 8,
    "byteLength": 8,
    "indexList": [],
    "values": [
      "0"
    ]
  },
  {
    "level": 1,
    "depth": 1,
    "name": "ACCOUNT-OVERDRAFT-PTR",
    "byteOffset": 0,
    "dataLength": 8,
    "byteLength": 8,
    "indexList": [],
    "values": [
      "0"
    ]
  },
  {
    "level": 1,
    "depth": 1,
    "name": "NO-OF-ACCOUNTS",
    "byteOffset": 0,
    "dataLength": 8,
    "byteLength": 8,
    "indexList": [],
    "values": [
      "0"
    ]
  },
  {
    "level": 1,
    "depth": 1,
    "name": "WS-OVERDRAFT-CONVERSION",
    "byteOffset": 0,
    "dataLength": 9,
    "byteLength": 4,
    "fieldCompression": "computational",
    "indexList": [],
    "values": [
      "0"
    ]
  },
  {
    "level": 1,
    "depth": 1,
    "name": "WS-PGM-NAME",
    "byteOffset": 0,
    "dataLength": 8,
    "byteLength": 8,
    "indexList": [],
    "values": [
      " "
    ]
  },
  {
    "level": 1,
    "depth": 1,
    "name": "WS-SQLCODE-DISPLAY",
    "byteOffset": 0,
    "dataLength": 8,
    "byteLength": 8,
    "indexList": []
  },
  {
    "level": 1,
    "depth": 1,
    "name": "OPENED-DATE-ATTEMPTS",
    "byteOffset": 0,
    "dataLength": 8,
    "byteLength": 8,
    "indexList": []
  },
  {
    "level": 1,
    "depth": 1,
    "name": "OPENED-DATE-VALID",
    "byteOffset": 0,
    "dataLength": 1,
    "byteLength": 1,
    "indexList": [],
    "values": [
      "N"
    ]
  },
  {
    "level": 1,
    "depth": 1,
    "name": "COMMIT-COUNT",
    "byteOffset": 0,
    "dataLength": 8,
    "byteLength": 8,
    "indexList": []
  },
  {
    "level": 1,
    "depth": 1,
    "name": "time-data",
    "byteOffset": 0,
    "dataLength": 175,
    "byteLength": 173,
    "indexList": [],
    "children": [
      {
        "level": 5,
        "depth": 2,
        "name": "tod-clock",
        "byteOffset": 0,
        "dataLength": 20,
        "byteLength": 20,
        "indexList": [],
        "parent": "time-data"
      },
      {
        "level": 5,
        "depth": 2,
        "name": "period-start",
        "byteOffset": 20,
        "dataLength": 14,
        "byteLength": 14,
        "indexList": [],
        "parent": "time-data"
      },
      {
        "level": 5,
        "depth": 2,
        "name": "period-next",
        "byteOffset": 34,
        "indexList": [],
        "parent": "time-data"
      },
      {
        "level": 5,
        "depth": 2,
        "name": "period-next-f",
        "byteOffset": 34,
        "dataLength": 14,
        "byteLength": 14,
        "indexList": [],
        "parent": "time-data"
      },
      {
        "level": 5,
        "depth": 2,
        "name": "gmt-lilian",
        "byteOffset": 48,
        "dataLength": 8,
        "byteLength": 8,
        "indexList": [],
        "parent": "time-data"
      },
      {
        "level": 5,
        "depth": 2,
        "name": "gmt-seconds",
        "byteOffset": 56,
        "indexList": [],
        "parent": "time-data"
      },
      {
        "level": 5,
        "depth": 2,
        "name": "delay-interval",
        "byteOffset": 56,
        "dataLength": 9,
        "byteLength": 9,
        "indexList": [],
        "parent": "time-data",
        "values": [
          "1"
        ]
      },
      {
        "level": 5,
        "depth": 2,
        "name": "fc",
        "byteOffset": 65,
        "dataLength": 12,
        "byteLength": 12,
        "indexList": [],
        "parent": "time-data"
      },
      {
        "level": 5,
        "depth": 2,
        "name": "datm-conv",
        "byteOffset": 77,
        "dataLength": 80,
        "byteLength": 80,
        "indexList": [],
        "parent": "time-data"
      },
      {
        "level": 5,
        "depth": 2,
        "name": "datm-picture",
        "byteOffset": 157,
        "dataLength": 18,
        "byteLength": 16,
        "indexList": [],
        "parent": "time-data",
        "children": [
          {
            "level": 10,
            "depth": 3,
            "name": "datm-length",
            "byteOffset": 157,
            "dataLength": 4,
            "byteLength": 2,
            "fieldCompression": "computational",
            "indexList": [],
            "parent": "datm-picture"
          },
          {
            "level": 10,
            "depth": 3,
            "name": "datm-format",
            "byteOffset": 159,
            "dataLength": 14,
            "byteLength": 14,
            "indexList": [],
            "parent": "datm-picture"
          }
        ]
      }
    ]
  },
  {
    "level": 1,
    "depth": 1,
    "name": "TIMESTAMP-FUNCTION",
    "byteOffset": 0,
    "dataLength": 40,
    "byteLength": 40,
    "indexList": []
  },
  {
    "level": 1,
    "depth": 1,
    "name": "WS-CURRENT-DATE-DATA",
    "byteOffset": 0,
    "dataLength": 20,
    "byteLength": 20,
    "indexList": [],
    "children": [
      {
        "level": 3,
        "depth": 2,
        "name": "WS-CURRENT-DATE",
        "byteOffset": 0,
        "dataLength": 8,
        "byteLength": 8,
        "indexList": [],
        "parent": "WS-CURRENT-DATE-DATA",
        "children": [
          {
            "level": 5,
            "depth": 3,
            "name": "WS-CURRENT-YYYY",
            "byteOffset": 0,
            "dataLength": 4,
            "byteLength": 4,
            "indexList": [],
            "parent": "WS-CURRENT-DATE"
          },
          {
            "level": 5,
            "depth": 3,
            "name": "WS-CURRENT-MM",
            "byteOffset": 4,
            "dataLength": 2,
            "byteLength": 2,
            "indexList": [],
            "parent": "WS-CURRENT-DATE"
          },
          {
            "level": 5,
            "depth": 3,
            "name": "WS-CURRENT-DD",
            "byteOffset": 6,
            "dataLength": 2,
            "byteLength": 2,
            "indexList": [],
            "parent": "WS-CURRENT-DATE"
          }
        ]
      },
      {
        "level": 3,
        "depth": 2,
        "name": "WS-CURRENT-TIME",
        "byteOffset": 8,
        "dataLength": 8,
        "byteLength": 8,
        "indexList": [],
        "parent": "WS-CURRENT-DATE-DATA",
        "children": [
          {
            "level": 5,
            "depth": 3,
            "name": "WS-CURRENT-HOURS",
            "byteOffset": 8,
            "dataLength": 2,
            "byteLength": 2,
            "indexList": [],
            "parent": "WS-CURRENT-TIME"
          },
          {
            "level": 5,
            "depth": 3,
            "name": "WS-CURRENT-MINS",
            "byteOffset": 10,
            "dataLength": 2,
            "byteLength": 2,
            "indexList": [],
            "parent": "WS-CURRENT-TIME"
          },
          {
            "level": 5,
            "depth": 3,
            "name": "WS-CURRENT-SECS",
            "byteOffset": 12,
            "dataLength": 2,
            "byteLength": 2,
            "indexList": [],
            "parent": "WS-CURRENT-TIME"
          },
          {
            "level": 5,
            "depth": 3,
            "name": "WS-CURRENT-MILLI",
            "byteOffset": 14,
            "dataLength": 2,
            "byteLength": 2,
            "indexList": [],
            "parent": "WS-CURRENT-TIME"
          }
        ]
      },
      {
        "level": 3,
        "depth": 2,
        "name": "WS-DIFFERENCE-FROM-GMT",
        "byteOffset": 16,
        "dataLength": 4,
        "byteLength": 4,
        "indexList": [],
        "parent": "WS-CURRENT-DATE-DATA"
      }
    ]
  },
  {
    "level": 1,
    "depth": 1,
    "name": "WS-CURRENT-DATE-9",
    "byteOffset": 0,
    "dataLength": 8,
    "byteLength": 8,
    "indexList": [],
    "values": [
      "0"
    ]
  },
  {
    "level": 1,
    "depth": 1,
    "name": "WS-TODAY-INT",
    "byteOffset": 0,
    "dataLength": 8,
    "byteLength": 8,
    "indexList": [],
    "values": [
      "0"
    ]
  },
  {
    "level": 1,
    "depth": 1,
    "name": "WS-REVIEW-DATE-ADD",
    "byteOffset": 0,
    "dataLength": 2,
    "byteLength": 2,
    "indexList": [],
    "values": [
      "0"
    ]
  },
  {
    "level": 1,
    "depth": 1,
    "name": "WS-NEW-REVIEW-DATE-INT",
    "byteOffset": 0,
    "dataLength": 8,
    "byteLength": 8,
    "indexList": [],
    "values": [
      "0"
    ]
  },
  {
    "level": 1,
    "depth": 1,
    "name": "WS-NEW-REVIEW-YYYYMMDD",
    "byteOffset": 0,
    "dataLength": 8,
    "byteLength": 8,
    "indexList": [],
    "values": [
      "0"
    ]
  },
  {
    "level": 1,
    "depth": 1,
    "name": "CUSTOMER-CONTROL",
    "byteOffset": 0,
    "dataLength": 259,
    "byteLength": 259,
    "indexList": [],
    "children": [
      {
        "level": 3,
        "depth": 2,
        "name": "CUSTOMER-CONTROL-RECORD",
        "byteOffset": 0,
        "dataLength": 259,
        "byteLength": 259,
        "indexList": [],
        "parent": "CUSTOMER-CONTROL",
        "children": [
          {
            "level": 5,
            "depth": 3,
            "name": "CUSTOMER-CONTROL-EYECATCHER",
            "byteOffset": 0,
            "dataLength": 4,
            "byteLength": 4,
            "indexList": [],
            "parent": "CUSTOMER-CONTROL-RECORD",
            "children": [
              {
                "level": 88,
                "depth": 4,
                "name": "CUSTOMER-CONTROL-EYECATCHER-V",
                "byteOffset": 0,
                "dataLength": 4,
                "byteLength": 4,
                "indexList": [],
                "parent": "CUSTOMER-CONTROL-EYECATCHER",
                "values": [
                  "CTRL"
                ]
              }
            ]
          },
          {
            "level": 5,
            "depth": 3,
            "name": "CUSTOMER-CONTROL-KEY",
            "byteOffset": 4,
            "dataLength": 16,
            "byteLength": 16,
            "indexList": [],
            "parent": "CUSTOMER-CONTROL-RECORD",
            "children": [
              {
                "level": 7,
                "depth": 4,
                "name": "CUSTOMER-CONTROL-SORTCODE",
                "byteOffset": 4,
                "dataLength": 6,
                "byteLength": 6,
                "indexList": [],
                "parent": "CUSTOMER-CONTROL-KEY"
              },
              {
                "level": 7,
                "depth": 4,
                "name": "CUSTOMER-CONTROL-NUMBER",
                "byteOffset": 10,
                "dataLength": 10,
                "byteLength": 10,
                "indexList": [],
                "parent": "CUSTOMER-CONTROL-KEY"
              }
            ]
          },
          {
            "level": 5,
            "depth": 3,
            "name": "NUMBER-OF-CUSTOMERS",
            "byteOffset": 20,
            "dataLength": 10,
            "byteLength": 10,
            "indexList": [],
            "parent": "CUSTOMER-CONTROL-RECORD"
          },
          {
            "level": 5,
            "depth": 3,
            "name": "LAST-CUSTOMER-NUMBER",
            "byteOffset": 30,
            "dataLength": 10,
            "byteLength": 10,
            "indexList": [],
            "parent": "CUSTOMER-CONTROL-RECORD"
          },
          {
            "level": 5,
            "depth": 3,
            "name": "CUSTOMER-CONTROL-SUCCESS-FLAG",
            "byteOffset": 40,
            "dataLength": 1,
            "byteLength": 1,
            "indexList": [],
            "parent": "CUSTOMER-CONTROL-RECORD",
            "children": [
              {
                "level": 88,
                "depth": 4,
                "name": "CUSTOMER-CONTROL-SUCCESS",
                "byteOffset": 40,
                "dataLength": 1,
                "byteLength": 1,
                "indexList": [],
                "parent": "CUSTOMER-CONTROL-SUCCESS-FLAG",
                "values": [
                  "Y"
                ]
              }
            ]
          },
          {
            "level": 5,
            "depth": 3,
            "name": "CUSTOMER-CONTROL-FAIL-CODE",
            "byteOffset": 41,
            "dataLength": 1,
            "byteLength": 1,
            "indexList": [],
            "parent": "CUSTOMER-CONTROL-RECORD"
          },
          {
            "level": 5,
            "depth": 3,
            "name": "FILLER%201",
            "byteOffset": 42,
            "dataLength": 38,
            "byteLength": 38,
            "indexList": [],
            "parent": "CUSTOMER-CONTROL-RECORD"
          },
          {
            "level": 5,
            "depth": 3,
            "name": "FILLER%202",
            "byteOffset": 80,
            "dataLength": 160,
            "byteLength": 160,
            "indexList": [],
            "parent": "CUSTOMER-CONTROL-RECORD"
          },
          {
            "level": 5,
            "depth": 3,
            "name": "FILLER%203",
            "byteOffset": 240,
            "dataLength": 8,
            "byteLength": 8,
            "indexList": [],
            "parent": "CUSTOMER-CONTROL-RECORD"
          },
          {
            "level": 5,
            "depth": 3,
            "name": "FILLER%204",
            "byteOffset": 248,
            "dataLength": 3,
            "byteLength": 3,
            "indexList": [],
            "parent": "CUSTOMER-CONTROL-RECORD"
          },
          {
            "level": 5,
            "depth": 3,
            "name": "FILLER%205",
            "byteOffset": 251,
            "dataLength": 8,
            "byteLength": 8,
            "indexList": [],
            "parent": "CUSTOMER-CONTROL-RECORD"
          }
        ]
      }
    ]
  },
  {
    "level": 1,
    "depth": 1,
    "name": "ACCOUNT-CONTROL",
    "byteOffset": 0,
    "dataLength": 100,
    "byteLength": 100,
    "indexList": [],
    "children": [
      {
        "level": 3,
        "depth": 2,
        "name": "ACCOUNT-CONTROL-RECORD",
        "byteOffset": 0,
        "dataLength": 100,
        "byteLength": 100,
        "indexList": [],
        "parent": "ACCOUNT-CONTROL",
        "children": [
          {
            "level": 5,
            "depth": 3,
            "name": "ACCOUNT-CONTROL-EYE-CATCHER",
            "byteOffset": 0,
            "dataLength": 4,
            "byteLength": 4,
            "indexList": [],
            "parent": "ACCOUNT-CONTROL-RECORD",
            "children": [
              {
                "level": 88,
                "depth": 4,
                "name": "ACCOUNT-CONTROL-EYECATCHER-V",
                "byteOffset": 0,
                "dataLength": 4,
                "byteLength": 4,
                "indexList": [],
                "parent": "ACCOUNT-CONTROL-EYE-CATCHER",
                "values": [
                  "CTRL"
                ]
              }
            ]
          },
          {
            "level": 5,
            "depth": 3,
            "name": "FILLER%210",
            "byteOffset": 4,
            "dataLength": 10,
            "byteLength": 10,
            "indexList": [],
            "parent": "ACCOUNT-CONTROL-RECORD"
          },
          {
            "level": 5,
            "depth": 3,
            "name": "ACCOUNT-CONTROL-KEY",
            "byteOffset": 14,
            "dataLength": 14,
            "byteLength": 14,
            "indexList": [],
            "parent": "ACCOUNT-CONTROL-RECORD",
            "children": [
              {
                "level": 7,
                "depth": 4,
                "name": "ACCOUNT-CONTROL-SORT-CODE",
                "byteOffset": 14,
                "dataLength": 6,
                "byteLength": 6,
                "indexList": [],
                "parent": "ACCOUNT-CONTROL-KEY"
              },
              {
                "level": 7,
                "depth": 4,
                "name": "ACCOUNT-CONTROL-NUMBER",
                "byteOffset": 20,
                "dataLength": 8,
                "byteLength": 8,
                "indexList": [],
                "parent": "ACCOUNT-CONTROL-KEY"
              }
            ]
          },
          {
            "level": 5,
            "depth": 3,
            "name": "NUMBER-OF-ACCOUNTS",
            "byteOffset": 28,
            "dataLength": 8,
            "byteLength": 8,
            "indexList": [],
            "parent": "ACCOUNT-CONTROL-RECORD"
          },
          {
            "level": 5,
            "depth": 3,
            "name": "LAST-ACCOUNT-NUMBER",
            "byteOffset": 36,
            "dataLength": 8,
            "byteLength": 8,
            "indexList": [],
            "parent": "ACCOUNT-CONTROL-RECORD"
          },
          {
            "level": 5,
            "depth": 3,
            "name": "ACCOUNT-CONTROL-SUCCESS-FLAG",
            "byteOffset": 44,
            "dataLength": 1,
            "byteLength": 1,
            "indexList": [],
            "parent": "ACCOUNT-CONTROL-RECORD",
            "children": [
              {
                "level": 88,
                "depth": 4,
                "name": "ACCOUNT-CONTROL-SUCCESS",
                "byteOffset": 44,
                "dataLength": 1,
                "byteLength": 1,
                "indexList": [],
                "parent": "ACCOUNT-CONTROL-SUCCESS-FLAG",
                "values": [
                  "Y"
                ]
              }
            ]
          },
          {
            "level": 5,
            "depth": 3,
            "name": "ACCOUNT-CONTROL-FAIL-CODE",
            "byteOffset": 45,
            "dataLength": 1,
            "byteLength": 1,
            "indexList": [],
            "parent": "ACCOUNT-CONTROL-RECORD"
          },
          {
            "level": 5,
            "depth": 3,
            "name": "FILLER%219",
            "byteOffset": 46,
            "dataLength": 7,
            "byteLength": 7,
            "indexList": [],
            "parent": "ACCOUNT-CONTROL-RECORD",
            "decimalNumberPortion": 2
          },
          {
            "level": 5,
            "depth": 3,
            "name": "FILLER%220",
            "byteOffset": 53,
            "dataLength": 8,
            "byteLength": 8,
            "indexList": [],
            "parent": "ACCOUNT-CONTROL-RECORD"
          },
          {
            "level": 5,
            "depth": 3,
            "name": "FILLER%221",
            "byteOffset": 61,
            "dataLength": 8,
            "byteLength": 8,
            "indexList": [],
            "parent": "ACCOUNT-CONTROL-RECORD"
          },
          {
            "level": 5,
            "depth": 3,
            "name": "FILLER%222",
            "byteOffset": 69,
            "dataLength": 8,
            "byteLength": 8,
            "indexList": [],
            "parent": "ACCOUNT-CONTROL-RECORD"
          },
          {
            "level": 5,
            "depth": 3,
            "name": "FILLER%223",
            "byteOffset": 77,
            "dataLength": 8,
            "byteLength": 8,
            "indexList": [],
            "parent": "ACCOUNT-CONTROL-RECORD"
          },
          {
            "level": 5,
            "depth": 3,
            "name": "FILLER%224",
            "byteOffset": 85,
            "dataLength": 13,
            "byteLength": 13,
            "indexList": [],
            "parent": "ACCOUNT-CONTROL-RECORD",
            "decimalNumberPortion": 2
          },
          {
            "level": 5,
            "depth": 3,
            "name": "FILLER%225",
            "byteOffset": 98,
            "dataLength": 2,
            "byteLength": 2,
            "indexList": [],
            "parent": "ACCOUNT-CONTROL-RECORD"
          }
        ]
      }
    ]
  },
  {
    "level": 1,
    "depth": 1,
    "name": "HOST-CONTROL-ROW",
    "byteOffset": 0,
    "dataLength": 81,
    "byteLength": 76,
    "indexList": [],
    "children": [
      {
        "level": 3,
        "depth": 2,
        "name": "HV-CONTROL-NAME",
        "byteOffset": 0,
        "dataLength": 32,
        "byteLength": 32,
        "indexList": [],
        "parent": "HOST-CONTROL-ROW"
      },
      {
        "level": 3,
        "depth": 2,
        "name": "HV-CONTROL-VALUE-NUM",
        "byteOffset": 32,
        "dataLength": 9,
        "byteLength": 4,
        "fieldCompression": "computational",
        "indexList": [],
        "parent": "HOST-CONTROL-ROW"
      },
      {
        "level": 3,
        "depth": 2,
        "name": "HV-CONTROL-VALUE-STR",
        "byteOffset": 36,
        "dataLength": 40,
        "byteLength": 40,
        "indexList": [],
        "parent": "HOST-CONTROL-ROW"
      }
    ]
  },
  {
    "level": 1,
    "depth": 1,
    "name": "WS-WEEKDAYS",
    "byteOffset": 0,
    "dataLength": 63,
    "byteLength": 63,
    "indexList": [],
    "values": [
      " "
    ]
  },
  {
    "level": 1,
    "depth": 1,
    "name": "WS-WEEKDAY-GROUP",
    "redefines": "WS-WEEKDAYS",
    "byteOffset": 0,
    "dataLength": 63,
    "byteLength": 63,
    "indexList": [],
    "topRoot": "WS-WEEKDAYS",
    "children": [
      {
        "level": 3,
        "depth": 2,
        "name": "WS-WEEKDAY",
        "byteOffset": 0,
        "dataLength": 63,
        "byteLength": 63,
        "dataLengthSingle": 9,
        "byteLengthSingle": 9,
        "occurs": 7,
        "indexList": [],
        "parent": "WS-WEEKDAY-GROUP"
      }
    ]
  },
  {
    "level": 1,
    "depth": 1,
    "name": "WS-DT",
    "byteOffset": 0,
    "dataLength": 8,
    "byteLength": 8,
    "indexList": [],
    "values": [
      "0"
    ]
  },
  {
    "level": 1,
    "depth": 1,
    "name": "WS-DT-REM",
    "byteOffset": 0,
    "dataLength": 9,
    "byteLength": 4,
    "fieldCompression": "computational",
    "indexList": [],
    "values": [
      "0"
    ]
  },
  {
    "level": 1,
    "depth": 1,
    "name": "WS-DAY-OF-WEEK-VAL",
    "byteOffset": 0,
    "dataLength": 1,
    "byteLength": 1,
    "indexList": [],
    "values": [
      "0"
    ]
  },
  {
    "level": 1,
    "depth": 1,
    "name": "WS-DAY-TODAY",
    "byteOffset": 0,
    "dataLength": 9,
    "byteLength": 9,
    "indexList": [],
    "values": [
      " "
    ]
  },
  {
    "level": 1,
    "depth": 1,
    "name": "SQLCODE-DISPLAY",
    "byteOffset": 0,
    "dataLength": 8,
    "byteLength": 8,
    "indexList": []
  },
  {
    "level": 1,
    "depth": 1,
    "name": "PARM-BUFFER",
    "byteOffset": 0,
    "dataLength": 260,
    "byteLength": 260,
    "indexList": [],
    "children": [
      {
        "level": 5,
        "depth": 2,
        "name": "PARM-LENGTH",
        "byteOffset": 0,
        "dataLength": 4,
        "byteLength": 4,
        "indexList": [],
        "parent": "PARM-BUFFER"
      },
      {
        "level": 5,
        "depth": 2,
        "name": "PARM",
        "byteOffset": 4,
        "dataLength": 256,
        "byteLength": 256,
        "indexList": [],
        "parent": "PARM-BUFFER"
      }
    ]
  }
]