[
  {
    "level": 1,
    "depth": 1,
    "name": "WS-CICS-WORK-AREA",
    "byteOffset": 0,
    "dataLength": 16,
    "byteLength": 8,
    "indexList": [],
    "children": [
      {
        "level": 3,
        "depth": 2,
        "name": "WS-CICS-RESP",
        "byteOffset": 0,
        "dataLength": 8,
        "byteLength": 4,
        "fieldCompression": "computational",
        "indexList": [],
        "parent": "WS-CICS-WORK-AREA",
        "values": [
          "0"
        ]
      },
      {
        "level": 3,
        "depth": 2,
        "name": "WS-CICS-RESP2",
        "byteOffset": 4,
        "dataLength": 8,
        "byteLength": 4,
        "fieldCompression": "computational",
        "indexList": [],
        "parent": "WS-CICS-WORK-AREA",
        "values": [
          "0"
        ]
      }
    ]
  },
  {
    "level": 1,
    "depth": 1,
    "name": "WS-FAIL-INFO",
    "byteOffset": 0,
    "dataLength": 127,
    "byteLength": 127,
    "indexList": [],
    "children": [
      {
        "level": 3,
        "depth": 2,
        "name": "FILLER",
        "byteOffset": 0,
        "dataLength": 9,
        "byteLength": 9,
        "indexList": [],
        "parent": "WS-FAIL-INFO",
        "values": [
          "BNK1DCS  "
        ]
      },
      {
        "level": 3,
        "depth": 2,
        "name": "WS-CICS-FAIL-MSG",
        "byteOffset": 9,
        "dataLength": 70,
        "byteLength": 70,
        "indexList": [],
        "parent": "WS-FAIL-INFO",
        "values": [
          " "
        ]
      },
      {
        "level": 3,
        "depth": 2,
        "name": "FILLER%6",
        "byteOffset": 79,
        "dataLength": 6,
        "byteLength": 6,
        "indexList": [],
        "parent": "WS-FAIL-INFO",
        "values": [
          " RESP\u003d"
        ]
      },
      {
        "level": 3,
        "depth": 2,
        "name": "WS-CICS-RESP-DISP",
        "byteOffset": 85,
        "dataLength": 10,
        "byteLength": 10,
        "indexList": [],
        "parent": "WS-FAIL-INFO",
        "values": [
          "0"
        ]
      },
      {
        "level": 3,
        "depth": 2,
        "name": "FILLER%8",
        "byteOffset": 95,
        "dataLength": 7,
        "byteLength": 7,
        "indexList": [],
        "parent": "WS-FAIL-INFO",
        "values": [
          " RESP2\u003d"
        ]
      },
      {
        "level": 3,
        "depth": 2,
        "name": "WS-CICS-RESP2-DISP",
        "byteOffset": 102,
        "dataLength": 10,
        "byteLength": 10,
        "indexList": [],
        "parent": "WS-FAIL-INFO",
        "values": [
          "0"
        ]
      },
      {
        "level": 3,
        "depth": 2,
        "name": "FILLER%10",
        "byteOffset": 112,
        "dataLength": 15,
        "byteLength": 15,
        "indexList": [],
        "parent": "WS-FAIL-INFO",
        "values": [
          " ABENDING TASK."
        ]
      }
    ]
  },
  {
    "level": 1,
    "depth": 1,
    "name": "SWITCHES",
    "byteOffset": 0,
    "dataLength": 1,
    "byteLength": 1,
    "indexList": [],
    "children": [
      {
        "level": 3,
        "depth": 2,
        "name": "VALID-DATA-SW",
        "byteOffset": 0,
        "dataLength": 1,
        "byteLength": 1,
        "indexList": [],
        "parent": "SWITCHES",
        "values": [
          "Y"
        ],
        "children": [
          {
            "level": 88,
            "depth": 3,
            "name": "VALID-DATA",
            "byteOffset": 0,
            "dataLength": 1,
            "byteLength": 1,
            "indexList": [],
            "parent": "VALID-DATA-SW",
            "values": [
              "Y"
            ]
          }
        ]
      }
    ]
  },
  {
    "level": 1,
    "depth": 1,
    "name": "FLAGS",
    "byteOffset": 0,
    "dataLength": 1,
    "byteLength": 1,
    "indexList": [],
    "children": [
      {
        "level": 3,
        "depth": 2,
        "name": "SEND-FLAG",
        "byteOffset": 0,
        "dataLength": 1,
        "byteLength": 1,
        "indexList": [],
        "parent": "FLAGS",
        "children": [
          {
            "level": 88,
            "depth": 3,
            "name": "SEND-ERASE",
            "byteOffset": 0,
            "dataLength": 1,
            "byteLength": 1,
            "indexList": [],
            "parent": "SEND-FLAG",
            "values": [
              "1"
            ]
          },
          {
            "level": 88,
            "depth": 3,
            "name": "SEND-DATAONLY",
            "byteOffset": 0,
            "dataLength": 1,
            "byteLength": 1,
            "indexList": [],
            "parent": "SEND-FLAG",
            "values": [
              "2"
            ]
          },
          {
            "level": 88,
            "depth": 3,
            "name": "SEND-DATAONLY-ALARM",
            "byteOffset": 0,
            "dataLength": 1,
            "byteLength": 1,
            "indexList": [],
            "parent": "SEND-FLAG",
            "values": [
              "3"
            ]
          }
        ]
      }
    ]
  },
  {
    "level": 1,
    "depth": 1,
    "name": "ACTION-ALPHA",
    "byteOffset": 0,
    "dataLength": 1,
    "byteLength": 1,
    "indexList": [],
    "children": [
      {
        "level": 3,
        "depth": 2,
        "name": "ACTION-NUM",
        "byteOffset": 0,
        "dataLength": 1,
        "byteLength": 1,
        "indexList": [],
        "parent": "ACTION-ALPHA"
      }
    ]
  },
  {
    "level": 1,
    "depth": 1,
    "name": "END-OF-SESSION-MESSAGE",
    "byteOffset": 0,
    "dataLength": 13,
    "byteLength": 13,
    "indexList": [],
    "values": [
      "Session Ended"
    ]
  },
  {
    "level": 1,
    "depth": 1,
    "name": "RESPONSE-CODE",
    "byteOffset": 0,
    "dataLength": 8,
    "byteLength": 4,
    "fieldCompression": "computational",
    "indexList": []
  },
  {
    "level": 1,
    "depth": 1,
    "name": "COMMUNICATION-AREA",
    "byteOffset": 0,
    "dataLength": 1,
    "byteLength": 1,
    "indexList": []
  },
  {
    "level": 1,
    "depth": 1,
    "name": "WS-UCTRANS",
    "byteOffset": 0,
    "dataLength": 8,
    "byteLength": 4,
    "fieldCompression": "computational",
    "indexList": [],
    "values": [
      "0"
    ]
  },
  {
    "level": 1,
    "depth": 1,
    "name": "STORED-UCTRANS",
    "byteOffset": 0,
    "dataLength": 8,
    "byteLength": 4,
    "fieldCompression": "computational",
    "indexList": [],
    "values": [
      "0"
    ]
  },
  {
    "level": 1,
    "depth": 1,
    "name": "COMM-DOB-SPLIT",
    "byteOffset": 0,
    "dataLength": 8,
    "byteLength": 8,
    "indexList": [],
    "children": [
      {
        "level": 3,
        "depth": 2,
        "name": "COMM-DOB-SPLIT-DD",
        "byteOffset": 0,
        "dataLength": 2,
        "byteLength": 2,
        "indexList": [],
        "parent": "COMM-DOB-SPLIT"
      },
      {
        "level": 3,
        "depth": 2,
        "name": "COMM-DOB-SPLIT-MM",
        "byteOffset": 2,
        "dataLength": 2,
        "byteLength": 2,
        "indexList": [],
        "parent": "COMM-DOB-SPLIT"
      },
      {
        "level": 3,
        "depth": 2,
        "name": "COMM-DOB-SPLIT-YYYY",
        "byteOffset": 4,
        "dataLength": 4,
        "byteLength": 4,
        "indexList": [],
        "parent": "COMM-DOB-SPLIT"
      }
    ]
  },
  {
    "level": 1,
    "depth": 1,
    "name": "COMM-ADDR-SPLIT",
    "byteOffset": 0,
    "dataLength": 160,
    "byteLength": 160,
    "indexList": [],
    "children": [
      {
        "level": 3,
        "depth": 2,
        "name": "COMM-ADDR-SPLIT1",
        "byteOffset": 0,
        "dataLength": 60,
        "byteLength": 60,
        "indexList": [],
        "parent": "COMM-ADDR-SPLIT"
      },
      {
        "level": 3,
        "depth": 2,
        "name": "COMM-ADDR-SPLIT2",
        "byteOffset": 60,
        "dataLength": 60,
        "byteLength": 60,
        "indexList": [],
        "parent": "COMM-ADDR-SPLIT"
      },
      {
        "level": 3,
        "depth": 2,
        "name": "COMM-ADDR-SPLIT3",
        "byteOffset": 120,
        "dataLength": 40,
        "byteLength": 40,
        "indexList": [],
        "parent": "COMM-ADDR-SPLIT"
      }
    ]
  },
  {
    "level": 1,
    "depth": 1,
    "name": "COMM-DOB-UPD-FORMAT",
    "byteOffset": 0,
    "dataLength": 8,
    "byteLength": 8,
    "indexList": [],
    "children": [
      {
        "level": 3,
        "depth": 2,
        "name": "COMM-DOB-UPD-X",
        "byteOffset": 0,
        "dataLength": 8,
        "byteLength": 8,
        "indexList": [],
        "parent": "COMM-DOB-UPD-FORMAT",
        "children": [
          {
            "level": 5,
            "depth": 3,
            "name": "COMM-DOBX-DD",
            "byteOffset": 0,
            "dataLength": 2,
            "byteLength": 2,
            "indexList": [],
            "parent": "COMM-DOB-UPD-X"
          },
          {
            "level": 5,
            "depth": 3,
            "name": "COMM-DOBX-MM",
            "byteOffset": 2,
            "dataLength": 2,
            "byteLength": 2,
            "indexList": [],
            "parent": "COMM-DOB-UPD-X"
          },
          {
            "level": 5,
            "depth": 3,
            "name": "COMM-DOBX-YYYY",
            "byteOffset": 4,
            "dataLength": 4,
            "byteLength": 4,
            "indexList": [],
            "parent": "COMM-DOB-UPD-X"
          }
        ]
      },
      {
        "level": 3,
        "depth": 2,
        "name": "COMM-DOB-UPD-9",
        "redefines": "COMM-DOB-UPD-X",
        "byteOffset": 0,
        "dataLength": 8,
        "byteLength": 8,
        "indexList": [],
        "parent": "COMM-DOB-UPD-FORMAT",
        "topRoot": "COMM-DOB-UPD-FORMAT",
        "children": [
          {
            "level": 5,
            "depth": 3,
            "name": "COMM-DOB9-DD",
            "byteOffset": 0,
            "dataLength": 2,
            "byteLength": 2,
            "indexList": [],
            "parent": "COMM-DOB-UPD-9"
          },
          {
            "level": 5,
            "depth": 3,
            "name": "COMM-DOB9-MM",
            "byteOffset": 2,
            "dataLength": 2,
            "byteLength": 2,
            "indexList": [],
            "parent": "COMM-DOB-UPD-9"
          },
          {
            "level": 5,
            "depth": 3,
            "name": "COMM-DOB9-YYYY",
            "byteOffset": 4,
            "dataLength": 4,
            "byteLength": 4,
            "indexList": [],
            "parent": "COMM-DOB-UPD-9"
          }
        ]
      }
    ]
  },
  {
    "level": 1,
    "depth": 1,
    "name": "COMM-CS-REVIEW-UPD-FORMAT",
    "byteOffset": 0,
    "dataLength": 8,
    "byteLength": 8,
    "indexList": [],
    "children": [
      {
        "level": 3,
        "depth": 2,
        "name": "COMM-CS-REVIEW-UPD-X",
        "byteOffset": 0,
        "dataLength": 8,
        "byteLength": 8,
        "indexList": [],
        "parent": "COMM-CS-REVIEW-UPD-FORMAT",
        "children": [
          {
            "level": 5,
            "depth": 3,
            "name": "COMM-CS-REVIEWX-DD",
            "byteOffset": 0,
            "dataLength": 2,
            "byteLength": 2,
            "indexList": [],
            "parent": "COMM-CS-REVIEW-UPD-X"
          },
          {
            "level": 5,
            "depth": 3,
            "name": "COMM-CS-REVIEWX-MM",
            "byteOffset": 2,
            "dataLength": 2,
            "byteLength": 2,
            "indexList": [],
            "parent": "COMM-CS-REVIEW-UPD-X"
          },
          {
            "level": 5,
            "depth": 3,
            "name": "COMM-CS-REVIEWX-YYYY",
            "byteOffset": 4,
            "dataLength": 4,
            "byteLength": 4,
            "indexList": [],
            "parent": "COMM-CS-REVIEW-UPD-X"
          }
        ]
      },
      {
        "level": 3,
        "depth": 2,
        "name": "COMM-CS-REVIEW-UPD-9",
        "redefines": "COMM-CS-REVIEW-UPD-X",
        "byteOffset": 0,
        "dataLength": 8,
        "byteLength": 8,
        "indexList": [],
        "parent": "COMM-CS-REVIEW-UPD-FORMAT",
        "topRoot": "COMM-CS-REVIEW-UPD-FORMAT",
        "children": [
          {
            "level": 5,
            "depth": 3,
            "name": "COMM-CS-REVIEW9-DD",
            "byteOffset": 0,
            "dataLength": 2,
            "byteLength": 2,
            "indexList": [],
            "parent": "COMM-CS-REVIEW-UPD-9"
          },
          {
            "level": 5,
            "depth": 3,
            "name": "COMM-CS-REVIEW9-MM",
            "byteOffset": 2,
            "dataLength": 2,
            "byteLength": 2,
            "indexList": [],
            "parent": "COMM-CS-REVIEW-UPD-9"
          },
          {
            "level": 5,
            "depth": 3,
            "name": "COMM-CS-REVIEW9-YYYY",
            "byteOffset": 4,
            "dataLength": 4,
            "byteLength": 4,
            "indexList": [],
            "parent": "COMM-CS-REVIEW-UPD-9"
          }
        ]
      }
    ]
  },
  {
    "level": 1,
    "depth": 1,
    "name": "CREDIT-SCORE-UPD-FORMAT",
    "byteOffset": 0,
    "dataLength": 3,
    "byteLength": 3,
    "indexList": [],
    "children": [
      {
        "level": 3,
        "depth": 2,
        "name": "CREDIT-SCORE-UPD-X",
        "byteOffset": 0,
        "dataLength": 3,
        "byteLength": 3,
        "indexList": [],
        "parent": "CREDIT-SCORE-UPD-FORMAT",
        "children": [
          {
            "level": 5,
            "depth": 3,
            "name": "CREDIT-SCORE-X",
            "byteOffset": 0,
            "dataLength": 3,
            "byteLength": 3,
            "indexList": [],
            "parent": "CREDIT-SCORE-UPD-X"
          }
        ]
      },
      {
        "level": 3,
        "depth": 2,
        "name": "CREDIT-SCORE-UPD-9",
        "redefines": "CREDIT-SCORE-UPD-X",
        "byteOffset": 0,
        "dataLength": 3,
        "byteLength": 3,
        "indexList": [],
        "parent": "CREDIT-SCORE-UPD-FORMAT",
        "topRoot": "CREDIT-SCORE-UPD-FORMAT",
        "children": [
          {
            "level": 5,
            "depth": 3,
            "name": "CREDIT-SCORE-9",
            "byteOffset": 0,
            "dataLength": 3,
            "byteLength": 3,
            "indexList": [],
            "parent": "CREDIT-SCORE-UPD-9"
          }
        ]
      }
    ]
  },
  {
    "level": 1,
    "depth": 1,
    "name": "COMM-ADDR-UPD-SPLIT",
    "byteOffset": 0,
    "dataLength": 160,
    "byteLength": 160,
    "indexList": [],
    "children": [
      {
        "level": 3,
        "depth": 2,
        "name": "COMM-ADDR-UPD1",
        "byteOffset": 0,
        "dataLength": 60,
        "byteLength": 60,
        "indexList": [],
        "parent": "COMM-ADDR-UPD-SPLIT"
      },
      {
        "level": 3,
        "depth": 2,
        "name": "COMM-ADDR-UPD2",
        "byteOffset": 60,
        "dataLength": 60,
        "byteLength": 60,
        "indexList": [],
        "parent": "COMM-ADDR-UPD-SPLIT"
      },
      {
        "level": 3,
        "depth": 2,
        "name": "COMM-ADDR-UPD3",
        "byteOffset": 120,
        "dataLength": 40,
        "byteLength": 40,
        "indexList": [],
        "parent": "COMM-ADDR-UPD-SPLIT"
      }
    ]
  },
  {
    "level": 1,
    "depth": 1,
    "name": "INQCUST-COMMAREA",
    "byteOffset": 0,
    "dataLength": 261,
    "byteLength": 261,
    "indexList": [],
    "children": [
      {
        "level": 3,
        "depth": 2,
        "name": "INQCUST-EYE",
        "byteOffset": 0,
        "dataLength": 4,
        "byteLength": 4,
        "indexList": [],
        "parent": "INQCUST-COMMAREA"
      },
      {
        "level": 3,
        "depth": 2,
        "name": "INQCUST-SCODE",
        "byteOffset": 4,
        "dataLength": 6,
        "byteLength": 6,
        "indexList": [],
        "parent": "INQCUST-COMMAREA"
      },
      {
        "level": 3,
        "depth": 2,
        "name": "INQCUST-CUSTNO",
        "byteOffset": 10,
        "dataLength": 10,
        "byteLength": 10,
        "indexList": [],
        "parent": "INQCUST-COMMAREA"
      },
      {
        "level": 3,
        "depth": 2,
        "name": "INQCUST-NAME",
        "byteOffset": 20,
        "dataLength": 60,
        "byteLength": 60,
        "indexList": [],
        "parent": "INQCUST-COMMAREA"
      },
      {
        "level": 3,
        "depth": 2,
        "name": "INQCUST-ADDR",
        "byteOffset": 80,
        "dataLength": 160,
        "byteLength": 160,
        "indexList": [],
        "parent": "INQCUST-COMMAREA"
      },
      {
        "level": 3,
        "depth": 2,
        "name": "INQCUST-DOB",
        "byteOffset": 240,
        "dataLength": 8,
        "byteLength": 8,
        "indexList": [],
        "parent": "INQCUST-COMMAREA",
        "children": [
          {
            "level": 5,
            "depth": 3,
            "name": "INQCUST-DOB-DD",
            "byteOffset": 240,
            "dataLength": 2,
            "byteLength": 2,
            "indexList": [],
            "parent": "INQCUST-DOB"
          },
          {
            "level": 5,
            "depth": 3,
            "name": "INQCUST-DOB-MM",
            "byteOffset": 242,
            "dataLength": 2,
            "byteLength": 2,
            "indexList": [],
            "parent": "INQCUST-DOB"
          },
          {
            "level": 5,
            "depth": 3,
            "name": "INQCUST-DOB-YYYY",
            "byteOffset": 244,
            "dataLength": 4,
            "byteLength": 4,
            "indexList": [],
            "parent": "INQCUST-DOB"
          }
        ]
      },
      {
        "level": 3,
        "depth": 2,
        "name": "INQCUST-CREDIT-SCORE",
        "byteOffset": 248,
        "dataLength": 3,
        "byteLength": 3,
        "indexList": [],
        "parent": "INQCUST-COMMAREA"
      },
      {
        "level": 3,
        "depth": 2,
        "name": "INQCUST-CS-REVIEW-DT",
        "byteOffset": 251,
        "dataLength": 8,
        "byteLength": 8,
        "indexList": [],
        "parent": "INQCUST-COMMAREA",
        "children": [
          {
            "level": 5,
            "depth": 3,
            "name": "INQCUST-CS-REVIEW-DD",
            "byteOffset": 251,
            "dataLength": 2,
            "byteLength": 2,
            "indexList": [],
            "parent": "INQCUST-CS-REVIEW-DT"
          },
          {
            "level": 5,
            "depth": 3,
            "name": "INQCUST-CS-REVIEW-MM",
            "byteOffset": 253,
            "dataLength": 2,
            "byteLength": 2,
            "indexList": [],
            "parent": "INQCUST-CS-REVIEW-DT"
          },
          {
            "level": 5,
            "depth": 3,
            "name": "INQCUST-CS-REVIEW-YYYY",
            "byteOffset": 255,
            "dataLength": 4,
            "byteLength": 4,
            "indexList": [],
            "parent": "INQCUST-CS-REVIEW-DT"
          }
        ]
      },
      {
        "level": 3,
        "depth": 2,
        "name": "INQCUST-INQ-SUCCESS",
        "byteOffset": 259,
        "dataLength": 1,
        "byteLength": 1,
        "indexList": [],
        "parent": "INQCUST-COMMAREA"
      },
      {
        "level": 3,
        "depth": 2,
        "name": "INQCUST-INQ-FAIL-CD",
        "byteOffset": 260,
        "dataLength": 1,
        "byteLength": 1,
        "indexList": [],
        "parent": "INQCUST-COMMAREA"
      },
      {
        "level": 3,
        "depth": 2,
        "name": "INQCUST-PCB-POINTER",
        "byteOffset": 261,
        "indexList": [],
        "parent": "INQCUST-COMMAREA"
      }
    ]
  },
  {
    "level": 1,
    "depth": 1,
    "name": "DELCUS-COMMAREA",
    "byteOffset": 0,
    "dataLength": 261,
    "byteLength": 261,
    "indexList": [],
    "children": [
      {
        "level": 3,
        "depth": 2,
        "name": "COMM-EYE",
        "byteOffset": 0,
        "dataLength": 4,
        "byteLength": 4,
        "indexList": [],
        "parent": "DELCUS-COMMAREA"
      },
      {
        "level": 3,
        "depth": 2,
        "name": "COMM-SCODE",
        "byteOffset": 4,
        "dataLength": 6,
        "byteLength": 6,
        "indexList": [],
        "parent": "DELCUS-COMMAREA"
      },
      {
        "level": 3,
        "depth": 2,
        "name": "COMM-CUSTNO",
        "byteOffset": 10,
        "dataLength": 10,
        "byteLength": 10,
        "indexList": [],
        "parent": "DELCUS-COMMAREA"
      },
      {
        "level": 3,
        "depth": 2,
        "name": "COMM-NAME",
        "byteOffset": 20,
        "dataLength": 60,
        "byteLength": 60,
        "indexList": [],
        "parent": "DELCUS-COMMAREA"
      },
      {
        "level": 3,
        "depth": 2,
        "name": "COMM-ADDR",
        "byteOffset": 80,
        "dataLength": 160,
        "byteLength": 160,
        "indexList": [],
        "parent": "DELCUS-COMMAREA"
      },
      {
        "level": 3,
        "depth": 2,
        "name": "COMM-DOB",
        "byteOffset": 240,
        "dataLength": 8,
        "byteLength": 8,
        "indexList": [],
        "parent": "DELCUS-COMMAREA"
      },
      {
        "level": 3,
        "depth": 2,
        "name": "COMM-DOB-GROUP",
        "redefines": "COMM-DOB",
        "byteOffset": 240,
        "dataLength": 8,
        "byteLength": 8,
        "indexList": [],
        "parent": "DELCUS-COMMAREA",
        "topRoot": "DELCUS-COMMAREA",
        "children": [
          {
            "level": 5,
            "depth": 3,
            "name": "COMM-BIRTH-DAY",
            "byteOffset": 240,
            "dataLength": 2,
            "byteLength": 2,
            "indexList": [],
            "parent": "COMM-DOB-GROUP"
          },
          {
            "level": 5,
            "depth": 3,
            "name": "COMM-BIRTH-MONTH",
            "byteOffset": 242,
            "dataLength": 2,
            "byteLength": 2,
            "indexList": [],
            "parent": "COMM-DOB-GROUP"
          },
          {
            "level": 5,
            "depth": 3,
            "name": "COMM-BIRTH-YEAR",
            "byteOffset": 244,
            "dataLength": 4,
            "byteLength": 4,
            "indexList": [],
            "parent": "COMM-DOB-GROUP"
          }
        ]
      },
      {
        "level": 3,
        "depth": 2,
        "name": "COMM-CREDIT-SCORE",
        "byteOffset": 248,
        "dataLength": 3,
        "byteLength": 3,
        "indexList": [],
        "parent": "DELCUS-COMMAREA"
      },
      {
        "level": 3,
        "depth": 2,
        "name": "COMM-CS-REVIEW-DATE",
        "byteOffset": 251,
        "dataLength": 8,
        "byteLength": 8,
        "indexList": [],
        "parent": "DELCUS-COMMAREA"
      },
      {
        "level": 3,
        "depth": 2,
        "name": "COMM-CS-REVIEW-GROUP",
        "redefines": "COMM-CS-REVIEW-DATE",
        "byteOffset": 251,
        "dataLength": 8,
        "byteLength": 8,
        "indexList": [],
        "parent": "DELCUS-COMMAREA",
        "topRoot": "DELCUS-COMMAREA",
        "children": [
          {
            "level": 5,
            "depth": 3,
            "name": "COMM-CS-REVIEW-DD",
            "byteOffset": 251,
            "dataLength": 2,
            "byteLength": 2,
            "indexList": [],
            "parent": "COMM-CS-REVIEW-GROUP"
          },
          {
            "level": 5,
            "depth": 3,
            "name": "COMM-CS-REVIEW-MM",
            "byteOffset": 253,
            "dataLength": 2,
            "byteLength": 2,
            "indexList": [],
            "parent": "COMM-CS-REVIEW-GROUP"
          },
          {
            "level": 5,
            "depth": 3,
            "name": "COMM-CS-REVIEW-YYYY",
            "byteOffset": 255,
            "dataLength": 4,
            "byteLength": 4,
            "indexList": [],
            "parent": "COMM-CS-REVIEW-GROUP"
          }
        ]
      },
      {
        "level": 3,
        "depth": 2,
        "name": "COMM-DEL-SUCCESS",
        "byteOffset": 259,
        "dataLength": 1,
        "byteLength": 1,
        "indexList": [],
        "parent": "DELCUS-COMMAREA"
      },
      {
        "level": 3,
        "depth": 2,
        "name": "COMM-DEL-FAIL-CD",
        "byteOffset": 260,
        "dataLength": 1,
        "byteLength": 1,
        "indexList": [],
        "parent": "DELCUS-COMMAREA"
      }
    ]
  },
  {
    "level": 1,
    "depth": 1,
    "name": "UPDCUST-COMMAREA",
    "byteOffset": 0,
    "dataLength": 261,
    "byteLength": 261,
    "indexList": [],
    "children": [
      {
        "level": 3,
        "depth": 2,
        "name": "COMM-EYE%99",
        "byteOffset": 0,
        "dataLength": 4,
        "byteLength": 4,
        "indexList": [],
        "parent": "UPDCUST-COMMAREA"
      },
      {
        "level": 3,
        "depth": 2,
        "name": "COMM-SCODE%100",
        "byteOffset": 4,
        "dataLength": 6,
        "byteLength": 6,
        "indexList": [],
        "parent": "UPDCUST-COMMAREA"
      },
      {
        "level": 3,
        "depth": 2,
        "name": "COMM-CUSTNO%101",
        "byteOffset": 10,
        "dataLength": 10,
        "byteLength": 10,
        "indexList": [],
        "parent": "UPDCUST-COMMAREA"
      },
      {
        "level": 3,
        "depth": 2,
        "name": "COMM-NAME%102",
        "byteOffset": 20,
        "dataLength": 60,
        "byteLength": 60,
        "indexList": [],
        "parent": "UPDCUST-COMMAREA"
      },
      {
        "level": 3,
        "depth": 2,
        "name": "COMM-ADDR%103",
        "byteOffset": 80,
        "dataLength": 160,
        "byteLength": 160,
        "indexList": [],
        "parent": "UPDCUST-COMMAREA"
      },
      {
        "level": 3,
        "depth": 2,
        "name": "COMM-DOB%104",
        "byteOffset": 240,
        "dataLength": 8,
        "byteLength": 8,
        "indexList": [],
        "parent": "UPDCUST-COMMAREA"
      },
      {
        "level": 3,
        "depth": 2,
        "name": "COMM-DOB-GROUP%105",
        "redefines": "COMM-DOB",
        "byteOffset": 240,
        "dataLength": 8,
        "byteLength": 8,
        "indexList": [],
        "parent": "UPDCUST-COMMAREA",
        "topRoot": "DELCUS-COMMAREA",
        "children": [
          {
            "level": 5,
            "depth": 3,
            "name": "COMM-BIRTH-DAY%106",
            "byteOffset": 240,
            "dataLength": 2,
            "byteLength": 2,
            "indexList": [],
            "parent": "COMM-DOB-GROUP%105"
          },
          {
            "level": 5,
            "depth": 3,
            "name": "COMM-BIRTH-MONTH%107",
            "byteOffset": 242,
            "dataLength": 2,
            "byteLength": 2,
            "indexList": [],
            "parent": "COMM-DOB-GROUP%105"
          },
          {
            "level": 5,
            "depth": 3,
            "name": "COMM-BIRTH-YEAR%108",
            "byteOffset": 244,
            "dataLength": 4,
            "byteLength": 4,
            "indexList": [],
            "parent": "COMM-DOB-GROUP%105"
          }
        ]
      },
      {
        "level": 3,
        "depth": 2,
        "name": "COMM-CREDIT-SCORE%109",
        "byteOffset": 248,
        "dataLength": 3,
        "byteLength": 3,
        "indexList": [],
        "parent": "UPDCUST-COMMAREA"
      },
      {
        "level": 3,
        "depth": 2,
        "name": "COMM-CS-REVIEW-DATE%110",
        "byteOffset": 251,
        "dataLength": 8,
        "byteLength": 8,
        "indexList": [],
        "parent": "UPDCUST-COMMAREA"
      },
      {
        "level": 3,
        "depth": 2,
        "name": "COMM-CS-GROUP",
        "redefines": "COMM-CS-REVIEW-DATE",
        "byteOffset": 251,
        "dataLength": 8,
        "byteLength": 8,
        "indexList": [],
        "parent": "UPDCUST-COMMAREA",
        "topRoot": "DELCUS-COMMAREA",
        "children": [
          {
            "level": 5,
            "depth": 3,
            "name": "COMM-CS-DAY",
            "byteOffset": 251,
            "dataLength": 2,
            "byteLength": 2,
            "indexList": [],
            "parent": "COMM-CS-GROUP"
          },
          {
            "level": 5,
            "depth": 3,
            "name": "COMM-CS-MONTH",
            "byteOffset": 253,
            "dataLength": 2,
            "byteLength": 2,
            "indexList": [],
            "parent": "COMM-CS-GROUP"
          },
          {
            "level": 5,
            "depth": 3,
            "name": "COMM-CS-YEAR",
            "byteOffset": 255,
            "dataLength": 4,
            "byteLength": 4,
            "indexList": [],
            "parent": "COMM-CS-GROUP"
          }
        ]
      },
      {
        "level": 3,
        "depth": 2,
        "name": "COMM-UPD-SUCCESS",
        "byteOffset": 259,
        "dataLength": 1,
        "byteLength": 1,
        "indexList": [],
        "parent": "UPDCUST-COMMAREA"
      },
      {
        "level": 3,
        "depth": 2,
        "name": "COMM-UPD-FAIL-CD",
        "byteOffset": 260,
        "dataLength": 1,
        "byteLength": 1,
        "indexList": [],
        "parent": "UPDCUST-COMMAREA"
      }
    ]
  },
  {
    "level": 1,
    "depth": 1,
    "name": "WS-COMM-AREA",
    "byteOffset": 0,
    "dataLength": 270,
    "byteLength": 266,
    "indexList": [],
    "children": [
      {
        "level": 3,
        "depth": 2,
        "name": "WS-COMM-TERM",
        "byteOffset": 0,
        "dataLength": 8,
        "byteLength": 4,
        "fieldCompression": "computational",
        "indexList": [],
        "parent": "WS-COMM-AREA"
      },
      {
        "level": 3,
        "depth": 2,
        "name": "WS-COMM-EYE",
        "byteOffset": 4,
        "dataLength": 4,
        "byteLength": 4,
        "indexList": [],
        "parent": "WS-COMM-AREA"
      },
      {
        "level": 3,
        "depth": 2,
        "name": "WS-COMM-SCODE",
        "byteOffset": 8,
        "dataLength": 6,
        "byteLength": 6,
        "indexList": [],
        "parent": "WS-COMM-AREA"
      },
      {
        "level": 3,
        "depth": 2,
        "name": "WS-COMM-CUSTNO",
        "byteOffset": 14,
        "dataLength": 10,
        "byteLength": 10,
        "indexList": [],
        "parent": "WS-COMM-AREA"
      },
      {
        "level": 3,
        "depth": 2,
        "name": "WS-COMM-NAME",
        "byteOffset": 24,
        "dataLength": 60,
        "byteLength": 60,
        "indexList": [],
        "parent": "WS-COMM-AREA"
      },
      {
        "level": 3,
        "depth": 2,
        "name": "WS-COMM-ADDR",
        "byteOffset": 84,
        "dataLength": 160,
        "byteLength": 160,
        "indexList": [],
        "parent": "WS-COMM-AREA"
      },
      {
        "level": 3,
        "depth": 2,
        "name": "WS-COMM-DOB",
        "byteOffset": 244,
        "dataLength": 8,
        "byteLength": 8,
        "indexList": [],
        "parent": "WS-COMM-AREA"
      },
      {
        "level": 3,
        "depth": 2,
        "name": "WS-COMM-CREDIT-SCORE",
        "byteOffset": 252,
        "dataLength": 3,
        "byteLength": 3,
        "indexList": [],
        "parent": "WS-COMM-AREA"
      },
      {
        "level": 3,
        "depth": 2,
        "name": "WS-COMM-CS-REVIEW-DATE",
        "byteOffset": 255,
        "dataLength": 8,
        "byteLength": 8,
        "indexList": [],
        "parent": "WS-COMM-AREA"
      },
      {
        "level": 3,
        "depth": 2,
        "name": "WS-COMM-DEL-SUCCESS",
        "byteOffset": 263,
        "dataLength": 1,
        "byteLength": 1,
        "indexList": [],
        "parent": "WS-COMM-AREA"
      },
      {
        "level": 3,
        "depth": 2,
        "name": "WS-COMM-DEL-FAIL-CD",
        "byteOffset": 264,
        "dataLength": 1,
        "byteLength": 1,
        "indexList": [],
        "parent": "WS-COMM-AREA"
      },
      {
        "level": 3,
        "depth": 2,
        "name": "WS-COMM-UPDATE",
        "byteOffset": 265,
        "dataLength": 1,
        "byteLength": 1,
        "indexList": [],
        "parent": "WS-COMM-AREA"
      }
    ]
  },
  {
    "level": 1,
    "depth": 1,
    "name": "WS-VALIDATE-NAME",
    "byteOffset": 0,
    "dataLength": 60,
    "byteLength": 60,
    "indexList": [],
    "values": [
      " "
    ]
  },
  {
    "level": 1,
    "depth": 1,
    "name": "WS-UNSTR-TITLE",
    "byteOffset": 0,
    "dataLength": 9,
    "byteLength": 9,
    "indexList": [],
    "values": [
      " "
    ]
  },
  {
    "level": 1,
    "depth": 1,
    "name": "WS-TITLE-VALID",
    "byteOffset": 0,
    "dataLength": 1,
    "byteLength": 1,
    "indexList": [],
    "values": [
      " "
    ]
  },
  {
    "level": 1,
    "depth": 1,
    "name": "WS-U-TIME",
    "byteOffset": 0,
    "dataLength": 15,
    "byteLength": 8,
    "fieldCompression": "computational-3",
    "indexList": []
  },
  {
    "level": 1,
    "depth": 1,
    "name": "WS-ORIG-DATE",
    "byteOffset": 0,
    "dataLength": 10,
    "byteLength": 10,
    "indexList": []
  },
  {
    "level": 1,
    "depth": 1,
    "name": "WS-ORIG-DATE-GRP",
    "redefines": "WS-ORIG-DATE",
    "byteOffset": 0,
    "dataLength": 10,
    "byteLength": 10,
    "indexList": [],
    "topRoot": "WS-ORIG-DATE",
    "children": [
      {
        "level": 3,
        "depth": 2,
        "name": "WS-ORIG-DATE-DD",
        "byteOffset": 0,
        "dataLength": 2,
        "byteLength": 2,
        "indexList": [],
        "parent": "WS-ORIG-DATE-GRP"
      },
      {
        "level": 3,
        "depth": 2,
        "name": "FILLER%137",
        "byteOffset": 2,
        "dataLength": 1,
        "byteLength": 1,
        "indexList": [],
        "parent": "WS-ORIG-DATE-GRP"
      },
      {
        "level": 3,
        "depth": 2,
        "name": "WS-ORIG-DATE-MM",
        "byteOffset": 3,
        "dataLength": 2,
        "byteLength": 2,
        "indexList": [],
        "parent": "WS-ORIG-DATE-GRP"
      },
      {
        "level": 3,
        "depth": 2,
        "name": "FILLER%139",
        "byteOffset": 5,
        "dataLength": 1,
        "byteLength": 1,
        "indexList": [],
        "parent": "WS-ORIG-DATE-GRP"
      },
      {
        "level": 3,
        "depth": 2,
        "name": "WS-ORIG-DATE-YYYY",
        "byteOffset": 6,
        "dataLength": 4,
        "byteLength": 4,
        "indexList": [],
        "parent": "WS-ORIG-DATE-GRP"
      }
    ]
  },
  {
    "level": 1,
    "depth": 1,
    "name": "WS-ORIG-DATE-GRP-X",
    "byteOffset": 0,
    "dataLength": 10,
    "byteLength": 10,
    "indexList": [],
    "children": [
      {
        "level": 3,
        "depth": 2,
        "name": "WS-ORIG-DATE-DD-X",
        "byteOffset": 0,
        "dataLength": 2,
        "byteLength": 2,
        "indexList": [],
        "parent": "WS-ORIG-DATE-GRP-X"
      },
      {
        "level": 3,
        "depth": 2,
        "name": "FILLER%143",
        "byteOffset": 2,
        "dataLength": 1,
        "byteLength": 1,
        "indexList": [],
        "parent": "WS-ORIG-DATE-GRP-X",
        "values": [
          "."
        ]
      },
      {
        "level": 3,
        "depth": 2,
        "name": "WS-ORIG-DATE-MM-X",
        "byteOffset": 3,
        "dataLength": 2,
        "byteLength": 2,
        "indexList": [],
        "parent": "WS-ORIG-DATE-GRP-X"
      },
      {
        "level": 3,
        "depth": 2,
        "name": "FILLER%145",
        "byteOffset": 5,
        "dataLength": 1,
        "byteLength": 1,
        "indexList": [],
        "parent": "WS-ORIG-DATE-GRP-X",
        "values": [
          "."
        ]
      },
      {
        "level": 3,
        "depth": 2,
        "name": "WS-ORIG-DATE-YYYY-X",
        "byteOffset": 6,
        "dataLength": 4,
        "byteLength": 4,
        "indexList": [],
        "parent": "WS-ORIG-DATE-GRP-X"
      }
    ]
  },
  {
    "level": 1,
    "depth": 1,
    "name": "WS-TIME-DATA",
    "byteOffset": 0,
    "dataLength": 6,
    "byteLength": 6,
    "indexList": [],
    "children": [
      {
        "level": 3,
        "depth": 2,
        "name": "WS-TIME-NOW",
        "byteOffset": 0,
        "dataLength": 6,
        "byteLength": 6,
        "indexList": [],
        "parent": "WS-TIME-DATA"
      },
      {
        "level": 3,
        "depth": 2,
        "name": "WS-TIME-NOW-GRP",
        "redefines": "WS-TIME-NOW",
        "byteOffset": 0,
        "dataLength": 6,
        "byteLength": 6,
        "indexList": [],
        "parent": "WS-TIME-DATA",
        "topRoot": "WS-TIME-DATA",
        "children": [
          {
            "level": 5,
            "depth": 3,
            "name": "WS-TIME-NOW-GRP-HH",
            "byteOffset": 0,
            "dataLength": 2,
            "byteLength": 2,
            "indexList": [],
            "parent": "WS-TIME-NOW-GRP"
          },
          {
            "level": 5,
            "depth": 3,
            "name": "WS-TIME-NOW-GRP-MM",
            "byteOffset": 2,
            "dataLength": 2,
            "byteLength": 2,
            "indexList": [],
            "parent": "WS-TIME-NOW-GRP"
          },
          {
            "level": 5,
            "depth": 3,
            "name": "WS-TIME-NOW-GRP-SS",
            "byteOffset": 4,
            "dataLength": 2,
            "byteLength": 2,
            "indexList": [],
            "parent": "WS-TIME-NOW-GRP"
          }
        ]
      }
    ]
  },
  {
    "level": 1,
    "depth": 1,
    "name": "WS-ABEND-PGM",
    "byteOffset": 0,
    "dataLength": 8,
    "byteLength": 8,
    "indexList": [],
    "values": [
      "ABNDPROC"
    ]
  },
  {
    "level": 1,
    "depth": 1,
    "name": "ABNDINFO-REC",
    "byteOffset": 0,
    "dataLength": 685,
    "byteLength": 678,
    "indexList": [],
    "children": [
      {
        "level": 3,
        "depth": 2,
        "name": "ABND-VSAM-KEY",
        "byteOffset": 0,
        "dataLength": 19,
        "byteLength": 12,
        "indexList": [],
        "parent": "ABNDINFO-REC",
        "children": [
          {
            "level": 5,
            "depth": 3,
            "name": "ABND-UTIME-KEY",
            "byteOffset": 0,
            "dataLength": 15,
            "byteLength": 8,
            "fieldCompression": "computational-3",
            "indexList": [],
            "parent": "ABND-VSAM-KEY"
          },
          {
            "level": 5,
            "depth": 3,
            "name": "ABND-TASKNO-KEY",
            "byteOffset": 8,
            "dataLength": 4,
            "byteLength": 4,
            "indexList": [],
            "parent": "ABND-VSAM-KEY"
          }
        ]
      },
      {
        "level": 3,
        "depth": 2,
        "name": "ABND-APPLID",
        "byteOffset": 12,
        "dataLength": 8,
        "byteLength": 8,
        "indexList": [],
        "parent": "ABNDINFO-REC"
      },
      {
        "level": 3,
        "depth": 2,
        "name": "ABND-TRANID",
        "byteOffset": 20,
        "dataLength": 4,
        "byteLength": 4,
        "indexList": [],
        "parent": "ABNDINFO-REC"
      },
      {
        "level": 3,
        "depth": 2,
        "name": "ABND-DATE",
        "byteOffset": 24,
        "dataLength": 10,
        "byteLength": 10,
        "indexList": [],
        "parent": "ABNDINFO-REC"
      },
      {
        "level": 3,
        "depth": 2,
        "name": "ABND-TIME",
        "byteOffset": 34,
        "dataLength": 8,
        "byteLength": 8,
        "indexList": [],
        "parent": "ABNDINFO-REC"
      },
      {
        "level": 3,
        "depth": 2,
        "name": "ABND-CODE",
        "byteOffset": 42,
        "dataLength": 4,
        "byteLength": 4,
        "indexList": [],
        "parent": "ABNDINFO-REC"
      },
      {
        "level": 3,
        "depth": 2,
        "name": "ABND-PROGRAM",
        "byteOffset": 46,
        "dataLength": 8,
        "byteLength": 8,
        "indexList": [],
        "parent": "ABNDINFO-REC"
      },
      {
        "level": 3,
        "depth": 2,
        "name": "ABND-RESPCODE",
        "byteOffset": 54,
        "dataLength": 8,
        "byteLength": 8,
        "indexList": [],
        "parent": "ABNDINFO-REC"
      },
      {
        "level": 3,
        "depth": 2,
        "name": "ABND-RESP2CODE",
        "byteOffset": 62,
        "dataLength": 8,
        "byteLength": 8,
        "indexList": [],
        "parent": "ABNDINFO-REC"
      },
      {
        "level": 3,
        "depth": 2,
        "name": "ABND-SQLCODE",
        "byteOffset": 70,
        "dataLength": 8,
        "byteLength": 8,
        "indexList": [],
        "parent": "ABNDINFO-REC"
      },
      {
        "level": 3,
        "depth": 2,
        "name": "ABND-FREEFORM",
        "byteOffset": 78,
        "dataLength": 600,
        "byteLength": 600,
        "indexList": [],
        "parent": "ABNDINFO-REC"
      }
    ]
  },
  {
    "level": 1,
    "depth": 1,
    "name": "DFHCOMMAREA",
    "byteOffset": 0,
    "dataLength": 270,
    "byteLength": 266,
    "indexList": [],
    "children": [
      {
        "level": 3,
        "depth": 2,
        "name": "COMM-TERM",
        "byteOffset": 0,
        "dataLength": 8,
        "byteLength": 4,
        "fieldCompression": "computational",
        "indexList": [],
        "parent": "DFHCOMMAREA"
      },
      {
        "level": 3,
        "depth": 2,
        "name": "COMM-EYE%170",
        "byteOffset": 4,
        "dataLength": 4,
        "byteLength": 4,
        "indexList": [],
        "parent": "DFHCOMMAREA"
      },
      {
        "level": 3,
        "depth": 2,
        "name": "COMM-SCODE%171",
        "byteOffset": 8,
        "dataLength": 6,
        "byteLength": 6,
        "indexList": [],
        "parent": "DFHCOMMAREA"
      },
      {
        "level": 3,
        "depth": 2,
        "name": "COMM-CUSTNO%172",
        "byteOffset": 14,
        "dataLength": 10,
        "byteLength": 10,
        "indexList": [],
        "parent": "DFHCOMMAREA"
      },
      {
        "level": 3,
        "depth": 2,
        "name": "COMM-NAME%173",
        "byteOffset": 24,
        "dataLength": 60,
        "byteLength": 60,
        "indexList": [],
        "parent": "DFHCOMMAREA"
      },
      {
        "level": 3,
        "depth": 2,
        "name": "COMM-ADDR%174",
        "byteOffset": 84,
        "dataLength": 160,
        "byteLength": 160,
        "indexList": [],
        "parent": "DFHCOMMAREA"
      },
      {
        "level": 3,
        "depth": 2,
        "name": "COMM-DOB%175",
        "byteOffset": 244,
        "dataLength": 8,
        "byteLength": 8,
        "indexList": [],
        "parent": "DFHCOMMAREA"
      },
      {
        "level": 3,
        "depth": 2,
        "name": "COMM-CREDIT-SCORE%176",
        "byteOffset": 252,
        "dataLength": 3,
        "byteLength": 3,
        "indexList": [],
        "parent": "DFHCOMMAREA"
      },
      {
        "level": 3,
        "depth": 2,
        "name": "COMM-CS-REVIEW-DATE%177",
        "byteOffset": 255,
        "dataLength": 8,
        "byteLength": 8,
        "indexList": [],
        "parent": "DFHCOMMAREA"
      },
      {
        "level": 3,
        "depth": 2,
        "name": "COMM-DEL-SUCCESS%178",
        "byteOffset": 263,
        "dataLength": 1,
        "byteLength": 1,
        "indexList": [],
        "parent": "DFHCOMMAREA"
      },
      {
        "level": 3,
        "depth": 2,
        "name": "COMM-DEL-FAIL-CD%179",
        "byteOffset": 264,
        "dataLength": 1,
        "byteLength": 1,
        "indexList": [],
        "parent": "DFHCOMMAREA"
      },
      {
        "level": 3,
        "depth": 2,
        "name": "COMM-UPD",
        "byteOffset": 265,
        "dataLength": 1,
        "byteLength": 1,
        "indexList": [],
        "parent": "DFHCOMMAREA"
      }
    ]
  }
]