[
  {
    "level": 1,
    "depth": 1,
    "name": "WS-CICS-WORK-AREA",
    "byteOffset": 0,
    "dataLength": 16,
    "byteLength": 8,
    "indexList": [],
    "children": [
      {
        "level": 3,
        "depth": 2,
        "name": "WS-CICS-RESP",
        "byteOffset": 0,
        "dataLength": 8,
        "byteLength": 4,
        "fieldCompression": "computational",
        "indexList": [],
        "parent": "WS-CICS-WORK-AREA",
        "values": [
          "0"
        ]
      },
      {
        "level": 3,
        "depth": 2,
        "name": "WS-CICS-RESP2",
        "byteOffset": 4,
        "dataLength": 8,
        "byteLength": 4,
        "fieldCompression": "computational",
        "indexList": [],
        "parent": "WS-CICS-WORK-AREA",
        "values": [
          "0"
        ]
      }
    ]
  },
  {
    "level": 1,
    "depth": 1,
    "name": "WS-FAIL-INFO",
    "byteOffset": 0,
    "dataLength": 127,
    "byteLength": 127,
    "indexList": [],
    "children": [
      {
        "level": 3,
        "depth": 2,
        "name": "FILLER",
        "byteOffset": 0,
        "dataLength": 9,
        "byteLength": 9,
        "indexList": [],
        "parent": "WS-FAIL-INFO",
        "values": [
          "BNK1CAC  "
        ]
      },
      {
        "level": 3,
        "depth": 2,
        "name": "WS-CICS-FAIL-MSG",
        "byteOffset": 9,
        "dataLength": 70,
        "byteLength": 70,
        "indexList": [],
        "parent": "WS-FAIL-INFO",
        "values": [
          " "
        ]
      },
      {
        "level": 3,
        "depth": 2,
        "name": "FILLER%6",
        "byteOffset": 79,
        "dataLength": 6,
        "byteLength": 6,
        "indexList": [],
        "parent": "WS-FAIL-INFO",
        "values": [
          " RESP\u003d"
        ]
      },
      {
        "level": 3,
        "depth": 2,
        "name": "WS-CICS-RESP-DISP",
        "byteOffset": 85,
        "dataLength": 10,
        "byteLength": 10,
        "indexList": [],
        "parent": "WS-FAIL-INFO",
        "values": [
          "0"
        ]
      },
      {
        "level": 3,
        "depth": 2,
        "name": "FILLER%8",
        "byteOffset": 95,
        "dataLength": 7,
        "byteLength": 7,
        "indexList": [],
        "parent": "WS-FAIL-INFO",
        "values": [
          " RESP2\u003d"
        ]
      },
      {
        "level": 3,
        "depth": 2,
        "name": "WS-CICS-RESP2-DISP",
        "byteOffset": 102,
        "dataLength": 10,
        "byteLength": 10,
        "indexList": [],
        "parent": "WS-FAIL-INFO",
        "values": [
          "0"
        ]
      },
      {
        "level": 3,
        "depth": 2,
        "name": "FILLER%10",
        "byteOffset": 112,
        "dataLength": 15,
        "byteLength": 15,
        "indexList": [],
        "parent": "WS-FAIL-INFO",
        "values": [
          " ABENDING TASK."
        ]
      }
    ]
  },
  {
    "level": 1,
    "depth": 1,
    "name": "SWITCHES",
    "byteOffset": 0,
    "dataLength": 1,
    "byteLength": 1,
    "indexList": [],
    "children": [
      {
        "level": 3,
        "depth": 2,
        "name": "VALID-DATA-SW",
        "byteOffset": 0,
        "dataLength": 1,
        "byteLength": 1,
        "indexList": [],
        "parent": "SWITCHES",
        "values": [
          "Y"
        ],
        "children": [
          {
            "level": 88,
            "depth": 3,
            "name": "VALID-DATA",
            "byteOffset": 0,
            "dataLength": 1,
            "byteLength": 1,
            "indexList": [],
            "parent": "VALID-DATA-SW",
            "values": [
              "Y"
            ]
          }
        ]
      }
    ]
  },
  {
    "level": 1,
    "depth": 1,
    "name": "FLAGS",
    "byteOffset": 0,
    "dataLength": 1,
    "byteLength": 1,
    "indexList": [],
    "children": [
      {
        "level": 3,
        "depth": 2,
        "name": "SEND-FLAG",
        "byteOffset": 0,
        "dataLength": 1,
        "byteLength": 1,
        "indexList": [],
        "parent": "FLAGS",
        "children": [
          {
            "level": 88,
            "depth": 3,
            "name": "SEND-ERASE",
            "byteOffset": 0,
            "dataLength": 1,
            "byteLength": 1,
            "indexList": [],
            "parent": "SEND-FLAG",
            "values": [
              "1"
            ]
          },
          {
            "level": 88,
            "depth": 3,
            "name": "SEND-DATAONLY",
            "byteOffset": 0,
            "dataLength": 1,
            "byteLength": 1,
            "indexList": [],
            "parent": "SEND-FLAG",
            "values": [
              "2"
            ]
          },
          {
            "level": 88,
            "depth": 3,
            "name": "SEND-DATAONLY-ALARM",
            "byteOffset": 0,
            "dataLength": 1,
            "byteLength": 1,
            "indexList": [],
            "parent": "SEND-FLAG",
            "values": [
              "3"
            ]
          }
        ]
      }
    ]
  },
  {
    "level": 1,
    "depth": 1,
    "name": "ACTION-ALPHA",
    "byteOffset": 0,
    "dataLength": 1,
    "byteLength": 1,
    "indexList": [],
    "children": [
      {
        "level": 3,
        "depth": 2,
        "name": "ACTION-NUM",
        "byteOffset": 0,
        "dataLength": 1,
        "byteLength": 1,
        "indexList": [],
        "parent": "ACTION-ALPHA"
      }
    ]
  },
  {
    "level": 1,
    "depth": 1,
    "name": "END-OF-SESSION-MESSAGE",
    "byteOffset": 0,
    "dataLength": 13,
    "byteLength": 13,
    "indexList": [],
    "values": [
      "Session Ended"
    ]
  },
  {
    "level": 1,
    "depth": 1,
    "name": "RESPONSE-CODE",
    "byteOffset": 0,
    "dataLength": 8,
    "byteLength": 4,
    "fieldCompression": "computational",
    "indexList": []
  },
  {
    "level": 1,
    "depth": 1,
    "name": "COMMUNICATION-AREA",
    "byteOffset": 0,
    "dataLength": 1,
    "byteLength": 1,
    "indexList": []
  },
  {
    "level": 1,
    "depth": 1,
    "name": "COMM-DOB-SPLIT",
    "byteOffset": 0,
    "dataLength": 8,
    "byteLength": 8,
    "indexList": [],
    "children": [
      {
        "level": 3,
        "depth": 2,
        "name": "COMM-DOB-SPLIT-DD",
        "byteOffset": 0,
        "dataLength": 2,
        "byteLength": 2,
        "indexList": [],
        "parent": "COMM-DOB-SPLIT"
      },
      {
        "level": 3,
        "depth": 2,
        "name": "COMM-DOB-SPLIT-MM",
        "byteOffset": 2,
        "dataLength": 2,
        "byteLength": 2,
        "indexList": [],
        "parent": "COMM-DOB-SPLIT"
      },
      {
        "level": 3,
        "depth": 2,
        "name": "COMM-DOB-SPLIT-YYYY",
        "byteOffset": 4,
        "dataLength": 4,
        "byteLength": 4,
        "indexList": [],
        "parent": "COMM-DOB-SPLIT"
      }
    ]
  },
  {
    "level": 1,
    "depth": 1,
    "name": "WS-COMM-AREA",
    "byteOffset": 0,
    "dataLength": 33,
    "byteLength": 33,
    "indexList": [],
    "children": [
      {
        "level": 3,
        "depth": 2,
        "name": "WS-COMM-CUSTNO",
        "byteOffset": 0,
        "dataLength": 10,
        "byteLength": 10,
        "indexList": [],
        "parent": "WS-COMM-AREA"
      },
      {
        "level": 3,
        "depth": 2,
        "name": "WS-COMM-ACCTYPE",
        "byteOffset": 10,
        "dataLength": 8,
        "byteLength": 8,
        "indexList": [],
        "parent": "WS-COMM-AREA"
      },
      {
        "level": 3,
        "depth": 2,
        "name": "WS-COMM-INTRT",
        "byteOffset": 18,
        "dataLength": 7,
        "byteLength": 7,
        "indexList": [],
        "parent": "WS-COMM-AREA",
        "decimalNumberPortion": 2
      },
      {
        "level": 3,
        "depth": 2,
        "name": "WS-COMM-OVERDR",
        "byteOffset": 25,
        "dataLength": 8,
        "byteLength": 8,
        "indexList": [],
        "parent": "WS-COMM-AREA"
      }
    ]
  },
  {
    "level": 1,
    "depth": 1,
    "name": "DATE-REFORMED",
    "byteOffset": 0,
    "dataLength": 6,
    "byteLength": 6,
    "indexList": [],
    "children": [
      {
        "level": 3,
        "depth": 2,
        "name": "NSTMTDD-CHAR",
        "byteOffset": 0,
        "dataLength": 2,
        "byteLength": 2,
        "indexList": [],
        "parent": "DATE-REFORMED"
      },
      {
        "level": 3,
        "depth": 2,
        "name": "NSTMTDD-REFORM",
        "redefines": "NSTMTDD-CHAR",
        "byteOffset": 0,
        "dataLength": 2,
        "byteLength": 2,
        "indexList": [],
        "parent": "DATE-REFORMED",
        "topRoot": "DATE-REFORMED",
        "children": [
          {
            "level": 5,
            "depth": 3,
            "name": "NSTMTDD-NUM",
            "byteOffset": 0,
            "dataLength": 2,
            "byteLength": 2,
            "indexList": [],
            "parent": "NSTMTDD-REFORM"
          }
        ]
      },
      {
        "level": 3,
        "depth": 2,
        "name": "NSTMTMMI-CHAR",
        "byteOffset": 2,
        "dataLength": 2,
        "byteLength": 2,
        "indexList": [],
        "parent": "DATE-REFORMED"
      },
      {
        "level": 3,
        "depth": 2,
        "name": "NSTMTMMI-REFORM",
        "redefines": "NSTMTMMI-CHAR",
        "byteOffset": 2,
        "dataLength": 2,
        "byteLength": 2,
        "indexList": [],
        "parent": "DATE-REFORMED",
        "topRoot": "DATE-REFORMED",
        "children": [
          {
            "level": 5,
            "depth": 3,
            "name": "NSTMTMMI-NUM",
            "byteOffset": 2,
            "dataLength": 2,
            "byteLength": 2,
            "indexList": [],
            "parent": "NSTMTMMI-REFORM"
          }
        ]
      },
      {
        "level": 3,
        "depth": 2,
        "name": "NSTMTYYI-CHAR",
        "byteOffset": 4,
        "dataLength": 2,
        "byteLength": 2,
        "indexList": [],
        "parent": "DATE-REFORMED"
      },
      {
        "level": 3,
        "depth": 2,
        "name": "NSTMTYYI-REFORM",
        "redefines": "NSTMTYYI-CHAR",
        "byteOffset": 4,
        "dataLength": 2,
        "byteLength": 2,
        "indexList": [],
        "parent": "DATE-REFORMED",
        "topRoot": "DATE-REFORMED",
        "children": [
          {
            "level": 5,
            "depth": 3,
            "name": "NSTMTYYI-NUM",
            "byteOffset": 4,
            "dataLength": 2,
            "byteLength": 2,
            "indexList": [],
            "parent": "NSTMTYYI-REFORM"
          }
        ]
      }
    ]
  },
  {
    "level": 1,
    "depth": 1,
    "name": "MORE-STRING-CONVS",
    "byteOffset": 0,
    "dataLength": 8,
    "byteLength": 8,
    "indexList": [],
    "children": [
      {
        "level": 3,
        "depth": 2,
        "name": "NST-CHAR",
        "byteOffset": 0,
        "dataLength": 8,
        "byteLength": 8,
        "indexList": [],
        "parent": "MORE-STRING-CONVS"
      },
      {
        "level": 3,
        "depth": 2,
        "name": "NST-DATE-GRP",
        "redefines": "NST-CHAR",
        "byteOffset": 0,
        "dataLength": 8,
        "byteLength": 8,
        "indexList": [],
        "parent": "MORE-STRING-CONVS",
        "topRoot": "MORE-STRING-CONVS",
        "children": [
          {
            "level": 5,
            "depth": 3,
            "name": "NST-NUM",
            "byteOffset": 0,
            "dataLength": 8,
            "byteLength": 8,
            "indexList": [],
            "parent": "NST-DATE-GRP"
          }
        ]
      }
    ]
  },
  {
    "level": 1,
    "depth": 1,
    "name": "INTRTI-COMP-1",
    "byteOffset": 0,
    "indexList": []
  },
  {
    "level": 1,
    "depth": 1,
    "name": "INTRT-PIC9",
    "byteOffset": 0,
    "dataLength": 7,
    "byteLength": 7,
    "indexList": []
  },
  {
    "level": 1,
    "depth": 1,
    "name": "WS-NUM-COUNT-POINT",
    "byteOffset": 0,
    "dataLength": 8,
    "byteLength": 8,
    "indexList": []
  },
  {
    "level": 1,
    "depth": 1,
    "name": "WS-NUM-COUNT-TOTAL",
    "byteOffset": 0,
    "dataLength": 8,
    "byteLength": 8,
    "indexList": []
  },
  {
    "level": 1,
    "depth": 1,
    "name": "WS-REVERSE",
    "byteOffset": 0,
    "dataLength": 8,
    "byteLength": 8,
    "indexList": []
  },
  {
    "level": 1,
    "depth": 1,
    "name": "SUBPGM-PARMS",
    "byteOffset": 0,
    "dataLength": 103,
    "byteLength": 103,
    "indexList": [],
    "children": [
      {
        "level": 3,
        "depth": 2,
        "name": "SUBPGM-EYECATCHER",
        "byteOffset": 0,
        "dataLength": 4,
        "byteLength": 4,
        "indexList": [],
        "parent": "SUBPGM-PARMS"
      },
      {
        "level": 3,
        "depth": 2,
        "name": "SUBPGM-CUSTNO",
        "byteOffset": 4,
        "dataLength": 10,
        "byteLength": 10,
        "indexList": [],
        "parent": "SUBPGM-PARMS"
      },
      {
        "level": 3,
        "depth": 2,
        "name": "SUBPGM-KEY",
        "byteOffset": 14,
        "dataLength": 14,
        "byteLength": 14,
        "indexList": [],
        "parent": "SUBPGM-PARMS",
        "children": [
          {
            "level": 5,
            "depth": 3,
            "name": "SUBPGM-SORTCODE",
            "byteOffset": 14,
            "dataLength": 6,
            "byteLength": 6,
            "indexList": [],
            "parent": "SUBPGM-KEY"
          },
          {
            "level": 5,
            "depth": 3,
            "name": "SUBPGM-NUMBER",
            "byteOffset": 20,
            "dataLength": 8,
            "byteLength": 8,
            "indexList": [],
            "parent": "SUBPGM-KEY"
          }
        ]
      },
      {
        "level": 3,
        "depth": 2,
        "name": "SUBPGM-ACC-TYPE",
        "byteOffset": 28,
        "dataLength": 8,
        "byteLength": 8,
        "indexList": [],
        "parent": "SUBPGM-PARMS"
      },
      {
        "level": 3,
        "depth": 2,
        "name": "SUBPGM-INT-RT",
        "byteOffset": 36,
        "dataLength": 7,
        "byteLength": 7,
        "indexList": [],
        "parent": "SUBPGM-PARMS",
        "decimalNumberPortion": 2
      },
      {
        "level": 3,
        "depth": 2,
        "name": "SUBPGM-OPENED",
        "byteOffset": 43,
        "dataLength": 8,
        "byteLength": 8,
        "indexList": [],
        "parent": "SUBPGM-PARMS"
      },
      {
        "level": 3,
        "depth": 2,
        "name": "SUBPGM-OVERDR-LIM",
        "byteOffset": 51,
        "dataLength": 8,
        "byteLength": 8,
        "indexList": [],
        "parent": "SUBPGM-PARMS"
      },
      {
        "level": 3,
        "depth": 2,
        "name": "SUBPGM-LAST-STMT-DT",
        "byteOffset": 59,
        "dataLength": 8,
        "byteLength": 8,
        "indexList": [],
        "parent": "SUBPGM-PARMS"
      },
      {
        "level": 3,
        "depth": 2,
        "name": "SUBPGM-NEXT-STMT-DT",
        "byteOffset": 67,
        "dataLength": 8,
        "byteLength": 8,
        "indexList": [],
        "parent": "SUBPGM-PARMS"
      },
      {
        "level": 3,
        "depth": 2,
        "name": "SUBPGM-AVAIL-BAL",
        "byteOffset": 75,
        "dataLength": 13,
        "byteLength": 13,
        "indexList": [],
        "parent": "SUBPGM-PARMS",
        "decimalNumberPortion": 2
      },
      {
        "level": 3,
        "depth": 2,
        "name": "SUBPGM-ACT-BAL",
        "byteOffset": 88,
        "dataLength": 13,
        "byteLength": 13,
        "indexList": [],
        "parent": "SUBPGM-PARMS",
        "decimalNumberPortion": 2
      },
      {
        "level": 3,
        "depth": 2,
        "name": "SUBPGM-SUCCESS",
        "byteOffset": 101,
        "dataLength": 1,
        "byteLength": 1,
        "indexList": [],
        "parent": "SUBPGM-PARMS"
      },
      {
        "level": 3,
        "depth": 2,
        "name": "SUBPGM-FAIL-CODE",
        "byteOffset": 102,
        "dataLength": 1,
        "byteLength": 1,
        "indexList": [],
        "parent": "SUBPGM-PARMS"
      }
    ]
  },
  {
    "level": 1,
    "depth": 1,
    "name": "COMPANY-NAME-FULL",
    "byteOffset": 0,
    "dataLength": 32,
    "byteLength": 32,
    "indexList": []
  },
  {
    "level": 1,
    "depth": 1,
    "name": "AVAILABLE-BALANCE-DISPLAY",
    "byteOffset": 0,
    "dataLength": 11,
    "byteLength": 11,
    "indexList": []
  },
  {
    "level": 1,
    "depth": 1,
    "name": "ACTUAL-BALANCE-DISPLAY",
    "byteOffset": 0,
    "dataLength": 11,
    "byteLength": 11,
    "indexList": []
  },
  {
    "level": 1,
    "depth": 1,
    "name": "WS-U-TIME",
    "byteOffset": 0,
    "dataLength": 15,
    "byteLength": 8,
    "fieldCompression": "computational-3",
    "indexList": []
  },
  {
    "level": 1,
    "depth": 1,
    "name": "WS-ORIG-DATE",
    "byteOffset": 0,
    "dataLength": 10,
    "byteLength": 10,
    "indexList": []
  },
  {
    "level": 1,
    "depth": 1,
    "name": "WS-ORIG-DATE-GRP",
    "redefines": "WS-ORIG-DATE",
    "byteOffset": 0,
    "dataLength": 10,
    "byteLength": 10,
    "indexList": [],
    "topRoot": "WS-ORIG-DATE",
    "children": [
      {
        "level": 3,
        "depth": 2,
        "name": "WS-ORIG-DATE-DD",
        "byteOffset": 0,
        "dataLength": 2,
        "byteLength": 2,
        "indexList": [],
        "parent": "WS-ORIG-DATE-GRP"
      },
      {
        "level": 3,
        "depth": 2,
        "name": "FILLER%75",
        "byteOffset": 2,
        "dataLength": 1,
        "byteLength": 1,
        "indexList": [],
        "parent": "WS-ORIG-DATE-GRP"
      },
      {
        "level": 3,
        "depth": 2,
        "name": "WS-ORIG-DATE-MM",
        "byteOffset": 3,
        "dataLength": 2,
        "byteLength": 2,
        "indexList": [],
        "parent": "WS-ORIG-DATE-GRP"
      },
      {
        "level": 3,
        "depth": 2,
        "name": "FILLER%77",
        "byteOffset": 5,
        "dataLength": 1,
        "byteLength": 1,
        "indexList": [],
        "parent": "WS-ORIG-DATE-GRP"
      },
      {
        "level": 3,
        "depth": 2,
        "name": "WS-ORIG-DATE-YYYY",
        "byteOffset": 6,
        "dataLength": 4,
        "byteLength": 4,
        "indexList": [],
        "parent": "WS-ORIG-DATE-GRP"
      }
    ]
  },
  {
    "level": 1,
    "depth": 1,
    "name": "WS-ORIG-DATE-GRP-X",
    "byteOffset": 0,
    "dataLength": 10,
    "byteLength": 10,
    "indexList": [],
    "children": [
      {
        "level": 3,
        "depth": 2,
        "name": "WS-ORIG-DATE-DD-X",
        "byteOffset": 0,
        "dataLength": 2,
        "byteLength": 2,
        "indexList": [],
        "parent": "WS-ORIG-DATE-GRP-X"
      },
      {
        "level": 3,
        "depth": 2,
        "name": "FILLER%81",
        "byteOffset": 2,
        "dataLength": 1,
        "byteLength": 1,
        "indexList": [],
        "parent": "WS-ORIG-DATE-GRP-X",
        "values": [
          "."
        ]
      },
      {
        "level": 3,
        "depth": 2,
        "name": "WS-ORIG-DATE-MM-X",
        "byteOffset": 3,
        "dataLength": 2,
        "byteLength": 2,
        "indexList": [],
        "parent": "WS-ORIG-DATE-GRP-X"
      },
      {
        "level": 3,
        "depth": 2,
        "name": "FILLER%83",
        "byteOffset": 5,
        "dataLength": 1,
        "byteLength": 1,
        "indexList": [],
        "parent": "WS-ORIG-DATE-GRP-X",
        "values": [
          "."
        ]
      },
      {
        "level": 3,
        "depth": 2,
        "name": "WS-ORIG-DATE-YYYY-X",
        "byteOffset": 6,
        "dataLength": 4,
        "byteLength": 4,
        "indexList": [],
        "parent": "WS-ORIG-DATE-GRP-X"
      }
    ]
  },
  {
    "level": 1,
    "depth": 1,
    "name": "WS-TIME-DATA",
    "byteOffset": 0,
    "dataLength": 6,
    "byteLength": 6,
    "indexList": [],
    "children": [
      {
        "level": 3,
        "depth": 2,
        "name": "WS-TIME-NOW",
        "byteOffset": 0,
        "dataLength": 6,
        "byteLength": 6,
        "indexList": [],
        "parent": "WS-TIME-DATA"
      },
      {
        "level": 3,
        "depth": 2,
        "name": "WS-TIME-NOW-GRP",
        "redefines": "WS-TIME-NOW",
        "byteOffset": 0,
        "dataLength": 6,
        "byteLength": 6,
        "indexList": [],
        "parent": "WS-TIME-DATA",
        "topRoot": "WS-TIME-DATA",
        "children": [
          {
            "level": 5,
            "depth": 3,
            "name": "WS-TIME-NOW-GRP-HH",
            "byteOffset": 0,
            "dataLength": 2,
            "byteLength": 2,
            "indexList": [],
            "parent": "WS-TIME-NOW-GRP"
          },
          {
            "level": 5,
            "depth": 3,
            "name": "WS-TIME-NOW-GRP-MM",
            "byteOffset": 2,
            "dataLength": 2,
            "byteLength": 2,
            "indexList": [],
            "parent": "WS-TIME-NOW-GRP"
          },
          {
            "level": 5,
            "depth": 3,
            "name": "WS-TIME-NOW-GRP-SS",
            "byteOffset": 4,
            "dataLength": 2,
            "byteLength": 2,
            "indexList": [],
            "parent": "WS-TIME-NOW-GRP"
          }
        ]
      }
    ]
  },
  {
    "level": 1,
    "depth": 1,
    "name": "WS-ABEND-PGM",
    "byteOffset": 0,
    "dataLength": 8,
    "byteLength": 8,
    "indexList": [],
    "values": [
      "ABNDPROC"
    ]
  },
  {
    "level": 1,
    "depth": 1,
    "name": "ABNDINFO-REC",
    "byteOffset": 0,
    "dataLength": 685,
    "byteLength": 678,
    "indexList": [],
    "children": [
      {
        "level": 3,
        "depth": 2,
        "name": "ABND-VSAM-KEY",
        "byteOffset": 0,
        "dataLength": 19,
        "byteLength": 12,
        "indexList": [],
        "parent": "ABNDINFO-REC",
        "children": [
          {
            "level": 5,
            "depth": 3,
            "name": "ABND-UTIME-KEY",
            "byteOffset": 0,
            "dataLength": 15,
            "byteLength": 8,
            "fieldCompression": "computational-3",
            "indexList": [],
            "parent": "ABND-VSAM-KEY"
          },
          {
            "level": 5,
            "depth": 3,
            "name": "ABND-TASKNO-KEY",
            "byteOffset": 8,
            "dataLength": 4,
            "byteLength": 4,
            "indexList": [],
            "parent": "ABND-VSAM-KEY"
          }
        ]
      },
      {
        "level": 3,
        "depth": 2,
        "name": "ABND-APPLID",
        "byteOffset": 12,
        "dataLength": 8,
        "byteLength": 8,
        "indexList": [],
        "parent": "ABNDINFO-REC"
      },
      {
        "level": 3,
        "depth": 2,
        "name": "ABND-TRANID",
        "byteOffset": 20,
        "dataLength": 4,
        "byteLength": 4,
        "indexList": [],
        "parent": "ABNDINFO-REC"
      },
      {
        "level": 3,
        "depth": 2,
        "name": "ABND-DATE",
        "byteOffset": 24,
        "dataLength": 10,
        "byteLength": 10,
        "indexList": [],
        "parent": "ABNDINFO-REC"
      },
      {
        "level": 3,
        "depth": 2,
        "name": "ABND-TIME",
        "byteOffset": 34,
        "dataLength": 8,
        "byteLength": 8,
        "indexList": [],
        "parent": "ABNDINFO-REC"
      },
      {
        "level": 3,
        "depth": 2,
        "name": "ABND-CODE",
        "byteOffset": 42,
        "dataLength": 4,
        "byteLength": 4,
        "indexList": [],
        "parent": "ABNDINFO-REC"
      },
      {
        "level": 3,
        "depth": 2,
        "name": "ABND-PROGRAM",
        "byteOffset": 46,
        "dataLength": 8,
        "byteLength": 8,
        "indexList": [],
        "parent": "ABNDINFO-REC"
      },
      {
        "level": 3,
        "depth": 2,
        "name": "ABND-RESPCODE",
        "byteOffset": 54,
        "dataLength": 8,
        "byteLength": 8,
        "indexList": [],
        "parent": "ABNDINFO-REC"
      },
      {
        "level": 3,
        "depth": 2,
        "name": "ABND-RESP2CODE",
        "byteOffset": 62,
        "dataLength": 8,
        "byteLength": 8,
        "indexList": [],
        "parent": "ABNDINFO-REC"
      },
      {
        "level": 3,
        "depth": 2,
        "name": "ABND-SQLCODE",
        "byteOffset": 70,
        "dataLength": 8,
        "byteLength": 8,
        "indexList": [],
        "parent": "ABNDINFO-REC"
      },
      {
        "level": 3,
        "depth": 2,
        "name": "ABND-FREEFORM",
        "byteOffset": 78,
        "dataLength": 600,
        "byteLength": 600,
        "indexList": [],
        "parent": "ABNDINFO-REC"
      }
    ]
  },
  {
    "level": 1,
    "depth": 1,
    "name": "DFHCOMMAREA",
    "byteOffset": 0,
    "dataLength": 33,
    "byteLength": 33,
    "indexList": [],
    "children": [
      {
        "level": 3,
        "depth": 2,
        "name": "COMM-CUSTNO",
        "byteOffset": 0,
        "dataLength": 10,
        "byteLength": 10,
        "indexList": [],
        "parent": "DFHCOMMAREA"
      },
      {
        "level": 3,
        "depth": 2,
        "name": "COMM-ACCTYPE",
        "byteOffset": 10,
        "dataLength": 8,
        "byteLength": 8,
        "indexList": [],
        "parent": "DFHCOMMAREA"
      },
      {
        "level": 3,
        "depth": 2,
        "name": "COMM-INTRT",
        "byteOffset": 18,
        "dataLength": 7,
        "byteLength": 7,
        "indexList": [],
        "parent": "DFHCOMMAREA",
        "decimalNumberPortion": 2
      },
      {
        "level": 3,
        "depth": 2,
        "name": "COMM-OVERDR",
        "byteOffset": 25,
        "dataLength": 8,
        "byteLength": 8,
        "indexList": [],
        "parent": "DFHCOMMAREA"
      }
    ]
  }
]