[
  {
    "level": 1,
    "depth": 1,
    "name": "WS-CICS-WORK-AREA",
    "byteOffset": 0,
    "dataLength": 16,
    "byteLength": 8,
    "indexList": [],
    "children": [
      {
        "level": 3,
        "depth": 2,
        "name": "WS-CICS-RESP",
        "byteOffset": 0,
        "dataLength": 8,
        "byteLength": 4,
        "fieldCompression": "computational",
        "indexList": [],
        "parent": "WS-CICS-WORK-AREA",
        "values": [
          "0"
        ]
      },
      {
        "level": 3,
        "depth": 2,
        "name": "WS-CICS-RESP2",
        "byteOffset": 4,
        "dataLength": 8,
        "byteLength": 4,
        "fieldCompression": "computational",
        "indexList": [],
        "parent": "WS-CICS-WORK-AREA",
        "values": [
          "0"
        ]
      }
    ]
  },
  {
    "level": 1,
    "depth": 1,
    "name": "WS-FAIL-INFO",
    "byteOffset": 0,
    "dataLength": 127,
    "byteLength": 127,
    "indexList": [],
    "children": [
      {
        "level": 3,
        "depth": 2,
        "name": "FILLER",
        "byteOffset": 0,
        "dataLength": 9,
        "byteLength": 9,
        "indexList": [],
        "parent": "WS-FAIL-INFO",
        "values": [
          "BNK1CRA  "
        ]
      },
      {
        "level": 3,
        "depth": 2,
        "name": "WS-CICS-FAIL-MSG",
        "byteOffset": 9,
        "dataLength": 70,
        "byteLength": 70,
        "indexList": [],
        "parent": "WS-FAIL-INFO",
        "values": [
          " "
        ]
      },
      {
        "level": 3,
        "depth": 2,
        "name": "FILLER%6",
        "byteOffset": 79,
        "dataLength": 6,
        "byteLength": 6,
        "indexList": [],
        "parent": "WS-FAIL-INFO",
        "values": [
          " RESP\u003d"
        ]
      },
      {
        "level": 3,
        "depth": 2,
        "name": "WS-CICS-RESP-DISP",
        "byteOffset": 85,
        "dataLength": 10,
        "byteLength": 10,
        "indexList": [],
        "parent": "WS-FAIL-INFO",
        "values": [
          "0"
        ]
      },
      {
        "level": 3,
        "depth": 2,
        "name": "FILLER%8",
        "byteOffset": 95,
        "dataLength": 7,
        "byteLength": 7,
        "indexList": [],
        "parent": "WS-FAIL-INFO",
        "values": [
          " RESP2\u003d"
        ]
      },
      {
        "level": 3,
        "depth": 2,
        "name": "WS-CICS-RESP2-DISP",
        "byteOffset": 102,
        "dataLength": 10,
        "byteLength": 10,
        "indexList": [],
        "parent": "WS-FAIL-INFO",
        "values": [
          "0"
        ]
      },
      {
        "level": 3,
        "depth": 2,
        "name": "FILLER%10",
        "byteOffset": 112,
        "dataLength": 15,
        "byteLength": 15,
        "indexList": [],
        "parent": "WS-FAIL-INFO",
        "values": [
          " ABENDING TASK."
        ]
      }
    ]
  },
  {
    "level": 1,
    "depth": 1,
    "name": "SWITCHES",
    "byteOffset": 0,
    "dataLength": 1,
    "byteLength": 1,
    "indexList": [],
    "children": [
      {
        "level": 3,
        "depth": 2,
        "name": "VALID-DATA-SW",
        "byteOffset": 0,
        "dataLength": 1,
        "byteLength": 1,
        "indexList": [],
        "parent": "SWITCHES",
        "values": [
          "Y"
        ],
        "children": [
          {
            "level": 88,
            "depth": 3,
            "name": "VALID-DATA",
            "byteOffset": 0,
            "dataLength": 1,
            "byteLength": 1,
            "indexList": [],
            "parent": "VALID-DATA-SW",
            "values": [
              "Y"
            ]
          }
        ]
      }
    ]
  },
  {
    "level": 1,
    "depth": 1,
    "name": "FLAGS",
    "byteOffset": 0,
    "dataLength": 1,
    "byteLength": 1,
    "indexList": [],
    "children": [
      {
        "level": 3,
        "depth": 2,
        "name": "SEND-FLAG",
        "byteOffset": 0,
        "dataLength": 1,
        "byteLength": 1,
        "indexList": [],
        "parent": "FLAGS",
        "children": [
          {
            "level": 88,
            "depth": 3,
            "name": "SEND-ERASE",
            "byteOffset": 0,
            "dataLength": 1,
            "byteLength": 1,
            "indexList": [],
            "parent": "SEND-FLAG",
            "values": [
              "1"
            ]
          },
          {
            "level": 88,
            "depth": 3,
            "name": "SEND-DATAONLY",
            "byteOffset": 0,
            "dataLength": 1,
            "byteLength": 1,
            "indexList": [],
            "parent": "SEND-FLAG",
            "values": [
              "2"
            ]
          },
          {
            "level": 88,
            "depth": 3,
            "name": "SEND-DATAONLY-ALARM",
            "byteOffset": 0,
            "dataLength": 1,
            "byteLength": 1,
            "indexList": [],
            "parent": "SEND-FLAG",
            "values": [
              "3"
            ]
          }
        ]
      }
    ]
  },
  {
    "level": 1,
    "depth": 1,
    "name": "ACTION-ALPHA",
    "byteOffset": 0,
    "dataLength": 1,
    "byteLength": 1,
    "indexList": [],
    "children": [
      {
        "level": 3,
        "depth": 2,
        "name": "ACTION-NUM",
        "byteOffset": 0,
        "dataLength": 1,
        "byteLength": 1,
        "indexList": [],
        "parent": "ACTION-ALPHA"
      }
    ]
  },
  {
    "level": 1,
    "depth": 1,
    "name": "END-OF-SESSION-MESSAGE",
    "byteOffset": 0,
    "dataLength": 13,
    "byteLength": 13,
    "indexList": [],
    "values": [
      "Session Ended"
    ]
  },
  {
    "level": 1,
    "depth": 1,
    "name": "RESPONSE-CODE",
    "byteOffset": 0,
    "dataLength": 8,
    "byteLength": 4,
    "fieldCompression": "computational",
    "indexList": []
  },
  {
    "level": 1,
    "depth": 1,
    "name": "COMMUNICATION-AREA",
    "byteOffset": 0,
    "dataLength": 1,
    "byteLength": 1,
    "indexList": []
  },
  {
    "level": 1,
    "depth": 1,
    "name": "AMTI9",
    "byteOffset": 0,
    "dataLength": 12,
    "byteLength": 12,
    "indexList": []
  },
  {
    "level": 1,
    "depth": 1,
    "name": "WS-AMOUNT-AS-FLOAT",
    "byteOffset": 0,
    "indexList": []
  },
  {
    "level": 1,
    "depth": 1,
    "name": "WS-NUM-COUNT-TOTAL",
    "byteOffset": 0,
    "dataLength": 8,
    "byteLength": 8,
    "indexList": []
  },
  {
    "level": 1,
    "depth": 1,
    "name": "WS-NUM-COUNT-POINT",
    "byteOffset": 0,
    "dataLength": 8,
    "byteLength": 8,
    "indexList": []
  },
  {
    "level": 1,
    "depth": 1,
    "name": "WS-NUM-COUNT-SPACE",
    "byteOffset": 0,
    "dataLength": 8,
    "byteLength": 8,
    "indexList": []
  },
  {
    "level": 1,
    "depth": 1,
    "name": "WS-AMOUNT-UNSTR",
    "byteOffset": 0,
    "dataLength": 13,
    "byteLength": 13,
    "indexList": []
  },
  {
    "level": 1,
    "depth": 1,
    "name": "WS-AMOUNT-UNSTR-L",
    "byteOffset": 0,
    "dataLength": 8,
    "byteLength": 8,
    "indexList": []
  },
  {
    "level": 1,
    "depth": 1,
    "name": "WS-AMOUNT-UNSTR-REVERSE",
    "byteOffset": 0,
    "dataLength": 13,
    "byteLength": 13,
    "indexList": []
  },
  {
    "level": 1,
    "depth": 1,
    "name": "WS-STUFF1",
    "byteOffset": 0,
    "dataLength": 12,
    "byteLength": 12,
    "indexList": [],
    "children": [
      {
        "level": 3,
        "depth": 2,
        "name": "WS-COMM-ACT-BAL-UNSIGN",
        "byteOffset": 0,
        "dataLength": 12,
        "byteLength": 12,
        "indexList": [],
        "parent": "WS-STUFF1"
      }
    ]
  },
  {
    "level": 1,
    "depth": 1,
    "name": "WS-STUFF2",
    "redefines": "WS-STUFF1",
    "byteOffset": 0,
    "dataLength": 12,
    "byteLength": 12,
    "indexList": [],
    "topRoot": "WS-STUFF1",
    "children": [
      {
        "level": 3,
        "depth": 2,
        "name": "WS-COMM-ACT-BAL-X",
        "byteOffset": 0,
        "dataLength": 12,
        "byteLength": 12,
        "indexList": [],
        "parent": "WS-STUFF2"
      }
    ]
  },
  {
    "level": 1,
    "depth": 1,
    "name": "WS-STUFF3",
    "byteOffset": 0,
    "dataLength": 12,
    "byteLength": 12,
    "indexList": [],
    "children": [
      {
        "level": 3,
        "depth": 2,
        "name": "WS-COMM-AMT-UNSIGN",
        "byteOffset": 0,
        "dataLength": 12,
        "byteLength": 12,
        "indexList": [],
        "parent": "WS-STUFF3"
      }
    ]
  },
  {
    "level": 1,
    "depth": 1,
    "name": "WS-STUFF4",
    "redefines": "WS-STUFF3",
    "byteOffset": 0,
    "dataLength": 12,
    "byteLength": 12,
    "indexList": [],
    "topRoot": "WS-STUFF3",
    "children": [
      {
        "level": 3,
        "depth": 2,
        "name": "WS-COMM-AMT-X",
        "byteOffset": 0,
        "dataLength": 12,
        "byteLength": 12,
        "indexList": [],
        "parent": "WS-STUFF4"
      }
    ]
  },
  {
    "level": 1,
    "depth": 1,
    "name": "WS-STUFF5",
    "byteOffset": 0,
    "dataLength": 12,
    "byteLength": 12,
    "indexList": [],
    "children": [
      {
        "level": 3,
        "depth": 2,
        "name": "WS-COMM-AV-BAL-UNSIGN",
        "byteOffset": 0,
        "dataLength": 12,
        "byteLength": 12,
        "indexList": [],
        "parent": "WS-STUFF5"
      }
    ]
  },
  {
    "level": 1,
    "depth": 1,
    "name": "WS-STUFF6",
    "redefines": "WS-STUFF5",
    "byteOffset": 0,
    "dataLength": 12,
    "byteLength": 12,
    "indexList": [],
    "topRoot": "WS-STUFF5",
    "children": [
      {
        "level": 3,
        "depth": 2,
        "name": "WS-COMM-AV-BAL-X",
        "byteOffset": 0,
        "dataLength": 12,
        "byteLength": 12,
        "indexList": [],
        "parent": "WS-STUFF6"
      }
    ]
  },
  {
    "level": 1,
    "depth": 1,
    "name": "WS-COMM-AREA",
    "byteOffset": 0,
    "dataLength": 21,
    "byteLength": 21,
    "indexList": [],
    "children": [
      {
        "level": 3,
        "depth": 2,
        "name": "WS-COMM-ACCNO",
        "byteOffset": 0,
        "dataLength": 8,
        "byteLength": 8,
        "indexList": [],
        "parent": "WS-COMM-AREA"
      },
      {
        "level": 3,
        "depth": 2,
        "name": "WS-COMM-SIGN",
        "byteOffset": 8,
        "dataLength": 1,
        "byteLength": 1,
        "indexList": [],
        "parent": "WS-COMM-AREA"
      },
      {
        "level": 3,
        "depth": 2,
        "name": "WS-COMM-AMT",
        "byteOffset": 9,
        "dataLength": 12,
        "byteLength": 12,
        "indexList": [],
        "parent": "WS-COMM-AREA"
      }
    ]
  },
  {
    "level": 1,
    "depth": 1,
    "name": "WS-CONVERSIONA",
    "byteOffset": 0,
    "dataLength": 13,
    "byteLength": 13,
    "indexList": [],
    "children": [
      {
        "level": 3,
        "depth": 2,
        "name": "WS-CONVERT-PIC1",
        "byteOffset": 0,
        "dataLength": 13,
        "byteLength": 13,
        "indexList": [],
        "parent": "WS-CONVERSIONA"
      },
      {
        "level": 3,
        "depth": 2,
        "name": "WS-CONVERT-PIC1SP",
        "redefines": "WS-CONVERT-PIC1",
        "byteOffset": 0,
        "dataLength": 13,
        "byteLength": 13,
        "indexList": [],
        "parent": "WS-CONVERSIONA",
        "topRoot": "WS-CONVERSIONA",
        "children": [
          {
            "level": 5,
            "depth": 3,
            "name": "WS-CONVERT-PIC1-1ST",
            "byteOffset": 0,
            "dataLength": 10,
            "byteLength": 10,
            "indexList": [],
            "parent": "WS-CONVERT-PIC1SP"
          },
          {
            "level": 5,
            "depth": 3,
            "name": "WS-CONVERT-PIC1-POINT",
            "byteOffset": 10,
            "dataLength": 1,
            "byteLength": 1,
            "indexList": [],
            "parent": "WS-CONVERT-PIC1SP"
          },
          {
            "level": 5,
            "depth": 3,
            "name": "WS-CONVERT-PIC1-2ND",
            "byteOffset": 11,
            "dataLength": 2,
            "byteLength": 2,
            "indexList": [],
            "parent": "WS-CONVERT-PIC1SP"
          }
        ]
      }
    ]
  },
  {
    "level": 1,
    "depth": 1,
    "name": "WS-CONVERSIONB",
    "byteOffset": 0,
    "dataLength": 13,
    "byteLength": 13,
    "indexList": [],
    "children": [
      {
        "level": 3,
        "depth": 2,
        "name": "WS-CONVERT-PICX",
        "byteOffset": 0,
        "dataLength": 13,
        "byteLength": 13,
        "indexList": [],
        "parent": "WS-CONVERSIONB"
      },
      {
        "level": 3,
        "depth": 2,
        "name": "WS-CONVERT-SPLIT",
        "redefines": "WS-CONVERT-PICX",
        "byteOffset": 0,
        "dataLength": 13,
        "byteLength": 13,
        "indexList": [],
        "parent": "WS-CONVERSIONB",
        "topRoot": "WS-CONVERSIONB",
        "children": [
          {
            "level": 5,
            "depth": 3,
            "name": "WS-CONVERT-DEC",
            "byteOffset": 0,
            "dataLength": 10,
            "byteLength": 10,
            "indexList": [],
            "parent": "WS-CONVERT-SPLIT"
          },
          {
            "level": 5,
            "depth": 3,
            "name": "WS-CONVERT-POINT",
            "byteOffset": 10,
            "dataLength": 1,
            "byteLength": 1,
            "indexList": [],
            "parent": "WS-CONVERT-SPLIT"
          },
          {
            "level": 5,
            "depth": 3,
            "name": "WS-CONVERT-REMAIN",
            "byteOffset": 11,
            "dataLength": 2,
            "byteLength": 2,
            "indexList": [],
            "parent": "WS-CONVERT-SPLIT"
          }
        ]
      }
    ]
  },
  {
    "level": 1,
    "depth": 1,
    "name": "WS-CONVERTED-VAL1",
    "byteOffset": 0,
    "dataLength": 13,
    "byteLength": 13,
    "indexList": [],
    "values": [
      "0"
    ],
    "decimalNumberPortion": 2
  },
  {
    "level": 1,
    "depth": 1,
    "name": "WS-CONVERTED-VAL2",
    "byteOffset": 0,
    "dataLength": 13,
    "byteLength": 13,
    "indexList": [],
    "values": [
      "0"
    ],
    "decimalNumberPortion": 2
  },
  {
    "level": 1,
    "depth": 1,
    "name": "WS-CONVERTED-VAL3",
    "byteOffset": 0,
    "dataLength": 13,
    "byteLength": 13,
    "indexList": [],
    "values": [
      "0"
    ],
    "decimalNumberPortion": 2
  },
  {
    "level": 1,
    "depth": 1,
    "name": "WS-CONVERTED-VAL4",
    "byteOffset": 0,
    "dataLength": 13,
    "byteLength": 13,
    "indexList": [],
    "values": [
      "0"
    ],
    "decimalNumberPortion": 2
  },
  {
    "level": 1,
    "depth": 1,
    "name": "SUBPGM-PARMS",
    "byteOffset": 0,
    "dataLength": 99,
    "byteLength": 95,
    "indexList": [],
    "children": [
      {
        "level": 3,
        "depth": 2,
        "name": "SUBPGM-ACCNO",
        "byteOffset": 0,
        "dataLength": 8,
        "byteLength": 8,
        "indexList": [],
        "parent": "SUBPGM-PARMS"
      },
      {
        "level": 3,
        "depth": 2,
        "name": "SUBPGM-AMT",
        "byteOffset": 8,
        "dataLength": 13,
        "byteLength": 13,
        "indexList": [],
        "parent": "SUBPGM-PARMS",
        "decimalNumberPortion": 2
      },
      {
        "level": 3,
        "depth": 2,
        "name": "SUBPGM-SORTC",
        "byteOffset": 21,
        "dataLength": 6,
        "byteLength": 6,
        "indexList": [],
        "parent": "SUBPGM-PARMS"
      },
      {
        "level": 3,
        "depth": 2,
        "name": "SUBPGM-AV-BAL",
        "byteOffset": 27,
        "dataLength": 13,
        "byteLength": 13,
        "indexList": [],
        "parent": "SUBPGM-PARMS",
        "decimalNumberPortion": 2
      },
      {
        "level": 3,
        "depth": 2,
        "name": "SUBPGM-ACT-BAL",
        "byteOffset": 40,
        "dataLength": 13,
        "byteLength": 13,
        "indexList": [],
        "parent": "SUBPGM-PARMS",
        "decimalNumberPortion": 2
      },
      {
        "level": 3,
        "depth": 2,
        "name": "SUBPGM-ORIGIN",
        "byteOffset": 53,
        "dataLength": 44,
        "byteLength": 40,
        "indexList": [],
        "parent": "SUBPGM-PARMS",
        "children": [
          {
            "level": 5,
            "depth": 3,
            "name": "SUBPGM-APPLID",
            "byteOffset": 53,
            "dataLength": 8,
            "byteLength": 8,
            "indexList": [],
            "parent": "SUBPGM-ORIGIN"
          },
          {
            "level": 5,
            "depth": 3,
            "name": "SUBPGM-USERID",
            "byteOffset": 61,
            "dataLength": 8,
            "byteLength": 8,
            "indexList": [],
            "parent": "SUBPGM-ORIGIN"
          },
          {
            "level": 5,
            "depth": 3,
            "name": "SUBPGM-FACILITY-NAME",
            "byteOffset": 69,
            "dataLength": 8,
            "byteLength": 8,
            "indexList": [],
            "parent": "SUBPGM-ORIGIN"
          },
          {
            "level": 5,
            "depth": 3,
            "name": "SUBPGM-NETWRK-ID",
            "byteOffset": 77,
            "dataLength": 8,
            "byteLength": 8,
            "indexList": [],
            "parent": "SUBPGM-ORIGIN"
          },
          {
            "level": 5,
            "depth": 3,
            "name": "SUBPGM-FACILTYPE",
            "byteOffset": 85,
            "dataLength": 8,
            "byteLength": 4,
            "fieldCompression": "computational",
            "indexList": [],
            "parent": "SUBPGM-ORIGIN"
          },
          {
            "level": 5,
            "depth": 3,
            "name": "FILLER%76",
            "byteOffset": 89,
            "dataLength": 4,
            "byteLength": 4,
            "indexList": [],
            "parent": "SUBPGM-ORIGIN",
            "values": [
              "SPACES"
            ]
          }
        ]
      },
      {
        "level": 3,
        "depth": 2,
        "name": "SUBPGM-SUCCESS",
        "byteOffset": 93,
        "dataLength": 1,
        "byteLength": 1,
        "indexList": [],
        "parent": "SUBPGM-PARMS"
      },
      {
        "level": 3,
        "depth": 2,
        "name": "SUBPGM-FAIL-CODE",
        "byteOffset": 94,
        "dataLength": 1,
        "byteLength": 1,
        "indexList": [],
        "parent": "SUBPGM-PARMS"
      }
    ]
  },
  {
    "level": 1,
    "depth": 1,
    "name": "COMPANY-NAME-FULL",
    "byteOffset": 0,
    "dataLength": 32,
    "byteLength": 32,
    "indexList": []
  },
  {
    "level": 1,
    "depth": 1,
    "name": "AVAILABLE-BALANCE-DISPLAY",
    "byteOffset": 0,
    "dataLength": 11,
    "byteLength": 11,
    "indexList": []
  },
  {
    "level": 1,
    "depth": 1,
    "name": "ACTUAL-BALANCE-DISPLAY",
    "byteOffset": 0,
    "dataLength": 11,
    "byteLength": 11,
    "indexList": []
  },
  {
    "level": 1,
    "depth": 1,
    "name": "WS-U-TIME",
    "byteOffset": 0,
    "dataLength": 15,
    "byteLength": 8,
    "fieldCompression": "computational-3",
    "indexList": []
  },
  {
    "level": 1,
    "depth": 1,
    "name": "WS-ORIG-DATE",
    "byteOffset": 0,
    "dataLength": 10,
    "byteLength": 10,
    "indexList": []
  },
  {
    "level": 1,
    "depth": 1,
    "name": "WS-ORIG-DATE-GRP",
    "redefines": "WS-ORIG-DATE",
    "byteOffset": 0,
    "dataLength": 10,
    "byteLength": 10,
    "indexList": [],
    "topRoot": "WS-ORIG-DATE",
    "children": [
      {
        "level": 3,
        "depth": 2,
        "name": "WS-ORIG-DATE-DD",
        "byteOffset": 0,
        "dataLength": 2,
        "byteLength": 2,
        "indexList": [],
        "parent": "WS-ORIG-DATE-GRP"
      },
      {
        "level": 3,
        "depth": 2,
        "name": "FILLER%86",
        "byteOffset": 2,
        "dataLength": 1,
        "byteLength": 1,
        "indexList": [],
        "parent": "WS-ORIG-DATE-GRP"
      },
      {
        "level": 3,
        "depth": 2,
        "name": "WS-ORIG-DATE-MM",
        "byteOffset": 3,
        "dataLength": 2,
        "byteLength": 2,
        "indexList": [],
        "parent": "WS-ORIG-DATE-GRP"
      },
      {
        "level": 3,
        "depth": 2,
        "name": "FILLER%88",
        "byteOffset": 5,
        "dataLength": 1,
        "byteLength": 1,
        "indexList": [],
        "parent": "WS-ORIG-DATE-GRP"
      },
      {
        "level": 3,
        "depth": 2,
        "name": "WS-ORIG-DATE-YYYY",
        "byteOffset": 6,
        "dataLength": 4,
        "byteLength": 4,
        "indexList": [],
        "parent": "WS-ORIG-DATE-GRP"
      }
    ]
  },
  {
    "level": 1,
    "depth": 1,
    "name": "WS-ORIG-DATE-GRP-X",
    "byteOffset": 0,
    "dataLength": 10,
    "byteLength": 10,
    "indexList": [],
    "children": [
      {
        "level": 3,
        "depth": 2,
        "name": "WS-ORIG-DATE-DD-X",
        "byteOffset": 0,
        "dataLength": 2,
        "byteLength": 2,
        "indexList": [],
        "parent": "WS-ORIG-DATE-GRP-X"
      },
      {
        "level": 3,
        "depth": 2,
        "name": "FILLER%92",
        "byteOffset": 2,
        "dataLength": 1,
        "byteLength": 1,
        "indexList": [],
        "parent": "WS-ORIG-DATE-GRP-X",
        "values": [
          "."
        ]
      },
      {
        "level": 3,
        "depth": 2,
        "name": "WS-ORIG-DATE-MM-X",
        "byteOffset": 3,
        "dataLength": 2,
        "byteLength": 2,
        "indexList": [],
        "parent": "WS-ORIG-DATE-GRP-X"
      },
      {
        "level": 3,
        "depth": 2,
        "name": "FILLER%94",
        "byteOffset": 5,
        "dataLength": 1,
        "byteLength": 1,
        "indexList": [],
        "parent": "WS-ORIG-DATE-GRP-X",
        "values": [
          "."
        ]
      },
      {
        "level": 3,
        "depth": 2,
        "name": "WS-ORIG-DATE-YYYY-X",
        "byteOffset": 6,
        "dataLength": 4,
        "byteLength": 4,
        "indexList": [],
        "parent": "WS-ORIG-DATE-GRP-X"
      }
    ]
  },
  {
    "level": 1,
    "depth": 1,
    "name": "WS-TIME-DATA",
    "byteOffset": 0,
    "dataLength": 6,
    "byteLength": 6,
    "indexList": [],
    "children": [
      {
        "level": 3,
        "depth": 2,
        "name": "WS-TIME-NOW",
        "byteOffset": 0,
        "dataLength": 6,
        "byteLength": 6,
        "indexList": [],
        "parent": "WS-TIME-DATA"
      },
      {
        "level": 3,
        "depth": 2,
        "name": "WS-TIME-NOW-GRP",
        "redefines": "WS-TIME-NOW",
        "byteOffset": 0,
        "dataLength": 6,
        "byteLength": 6,
        "indexList": [],
        "parent": "WS-TIME-DATA",
        "topRoot": "WS-TIME-DATA",
        "children": [
          {
            "level": 5,
            "depth": 3,
            "name": "WS-TIME-NOW-GRP-HH",
            "byteOffset": 0,
            "dataLength": 2,
            "byteLength": 2,
            "indexList": [],
            "parent": "WS-TIME-NOW-GRP"
          },
          {
            "level": 5,
            "depth": 3,
            "name": "WS-TIME-NOW-GRP-MM",
            "byteOffset": 2,
            "dataLength": 2,
            "byteLength": 2,
            "indexList": [],
            "parent": "WS-TIME-NOW-GRP"
          },
          {
            "level": 5,
            "depth": 3,
            "name": "WS-TIME-NOW-GRP-SS",
            "byteOffset": 4,
            "dataLength": 2,
            "byteLength": 2,
            "indexList": [],
            "parent": "WS-TIME-NOW-GRP"
          }
        ]
      }
    ]
  },
  {
    "level": 1,
    "depth": 1,
    "name": "WS-ABEND-PGM",
    "byteOffset": 0,
    "dataLength": 8,
    "byteLength": 8,
    "indexList": [],
    "values": [
      "ABNDPROC"
    ]
  },
  {
    "level": 1,
    "depth": 1,
    "name": "ABNDINFO-REC",
    "byteOffset": 0,
    "dataLength": 685,
    "byteLength": 678,
    "indexList": [],
    "children": [
      {
        "level": 3,
        "depth": 2,
        "name": "ABND-VSAM-KEY",
        "byteOffset": 0,
        "dataLength": 19,
        "byteLength": 12,
        "indexList": [],
        "parent": "ABNDINFO-REC",
        "children": [
          {
            "level": 5,
            "depth": 3,
            "name": "ABND-UTIME-KEY",
            "byteOffset": 0,
            "dataLength": 15,
            "byteLength": 8,
            "fieldCompression": "computational-3",
            "indexList": [],
            "parent": "ABND-VSAM-KEY"
          },
          {
            "level": 5,
            "depth": 3,
            "name": "ABND-TASKNO-KEY",
            "byteOffset": 8,
            "dataLength": 4,
            "byteLength": 4,
            "indexList": [],
            "parent": "ABND-VSAM-KEY"
          }
        ]
      },
      {
        "level": 3,
        "depth": 2,
        "name": "ABND-APPLID",
        "byteOffset": 12,
        "dataLength": 8,
        "byteLength": 8,
        "indexList": [],
        "parent": "ABNDINFO-REC"
      },
      {
        "level": 3,
        "depth": 2,
        "name": "ABND-TRANID",
        "byteOffset": 20,
        "dataLength": 4,
        "byteLength": 4,
        "indexList": [],
        "parent": "ABNDINFO-REC"
      },
      {
        "level": 3,
        "depth": 2,
        "name": "ABND-DATE",
        "byteOffset": 24,
        "dataLength": 10,
        "byteLength": 10,
        "indexList": [],
        "parent": "ABNDINFO-REC"
      },
      {
        "level": 3,
        "depth": 2,
        "name": "ABND-TIME",
        "byteOffset": 34,
        "dataLength": 8,
        "byteLength": 8,
        "indexList": [],
        "parent": "ABNDINFO-REC"
      },
      {
        "level": 3,
        "depth": 2,
        "name": "ABND-CODE",
        "byteOffset": 42,
        "dataLength": 4,
        "byteLength": 4,
        "indexList": [],
        "parent": "ABNDINFO-REC"
      },
      {
        "level": 3,
        "depth": 2,
        "name": "ABND-PROGRAM",
        "byteOffset": 46,
        "dataLength": 8,
        "byteLength": 8,
        "indexList": [],
        "parent": "ABNDINFO-REC"
      },
      {
        "level": 3,
        "depth": 2,
        "name": "ABND-RESPCODE",
        "byteOffset": 54,
        "dataLength": 8,
        "byteLength": 8,
        "indexList": [],
        "parent": "ABNDINFO-REC"
      },
      {
        "level": 3,
        "depth": 2,
        "name": "ABND-RESP2CODE",
        "byteOffset": 62,
        "dataLength": 8,
        "byteLength": 8,
        "indexList": [],
        "parent": "ABNDINFO-REC"
      },
      {
        "level": 3,
        "depth": 2,
        "name": "ABND-SQLCODE",
        "byteOffset": 70,
        "dataLength": 8,
        "byteLength": 8,
        "indexList": [],
        "parent": "ABNDINFO-REC"
      },
      {
        "level": 3,
        "depth": 2,
        "name": "ABND-FREEFORM",
        "byteOffset": 78,
        "dataLength": 600,
        "byteLength": 600,
        "indexList": [],
        "parent": "ABNDINFO-REC"
      }
    ]
  },
  {
    "level": 1,
    "depth": 1,
    "name": "DFHCOMMAREA",
    "byteOffset": 0,
    "dataLength": 21,
    "byteLength": 21,
    "indexList": [],
    "children": [
      {
        "level": 3,
        "depth": 2,
        "name": "COMM-ACCNO",
        "byteOffset": 0,
        "dataLength": 8,
        "byteLength": 8,
        "indexList": [],
        "parent": "DFHCOMMAREA"
      },
      {
        "level": 3,
        "depth": 2,
        "name": "COMM-SIGN",
        "byteOffset": 8,
        "dataLength": 1,
        "byteLength": 1,
        "indexList": [],
        "parent": "DFHCOMMAREA"
      },
      {
        "level": 3,
        "depth": 2,
        "name": "COMM-AMT",
        "byteOffset": 9,
        "dataLength": 12,
        "byteLength": 12,
        "indexList": [],
        "parent": "DFHCOMMAREA"
      }
    ]
  }
]