[
  {
    "level": 1,
    "depth": 1,
    "name": "WS-UCTRANS",
    "byteOffset": 0,
    "dataLength": 8,
    "byteLength": 4,
    "fieldCompression": "computational",
    "indexList": [],
    "values": [
      "0"
    ]
  },
  {
    "level": 1,
    "depth": 1,
    "name": "STORED-UCTRANS",
    "byteOffset": 0,
    "dataLength": 8,
    "byteLength": 4,
    "fieldCompression": "computational",
    "indexList": [],
    "values": [
      "0"
    ]
  },
  {
    "level": 1,
    "depth": 1,
    "name": "WS-CICS-WORK-AREA",
    "byteOffset": 0,
    "dataLength": 16,
    "byteLength": 8,
    "indexList": [],
    "children": [
      {
        "level": 3,
        "depth": 2,
        "name": "WS-CICS-RESP",
        "byteOffset": 0,
        "dataLength": 8,
        "byteLength": 4,
        "fieldCompression": "computational",
        "indexList": [],
        "parent": "WS-CICS-WORK-AREA",
        "values": [
          "0"
        ]
      },
      {
        "level": 3,
        "depth": 2,
        "name": "WS-CICS-RESP2",
        "byteOffset": 4,
        "dataLength": 8,
        "byteLength": 4,
        "fieldCompression": "computational",
        "indexList": [],
        "parent": "WS-CICS-WORK-AREA",
        "values": [
          "0"
        ]
      }
    ]
  },
  {
    "level": 1,
    "depth": 1,
    "name": "WS-FAIL-INFO",
    "byteOffset": 0,
    "dataLength": 127,
    "byteLength": 127,
    "indexList": [],
    "children": [
      {
        "level": 3,
        "depth": 2,
        "name": "FILLER",
        "byteOffset": 0,
        "dataLength": 9,
        "byteLength": 9,
        "indexList": [],
        "parent": "WS-FAIL-INFO",
        "values": [
          "BNK1CCS  "
        ]
      },
      {
        "level": 3,
        "depth": 2,
        "name": "WS-CICS-FAIL-MSG",
        "byteOffset": 9,
        "dataLength": 70,
        "byteLength": 70,
        "indexList": [],
        "parent": "WS-FAIL-INFO",
        "values": [
          " "
        ]
      },
      {
        "level": 3,
        "depth": 2,
        "name": "FILLER%8",
        "byteOffset": 79,
        "dataLength": 6,
        "byteLength": 6,
        "indexList": [],
        "parent": "WS-FAIL-INFO",
        "values": [
          " RESP\u003d"
        ]
      },
      {
        "level": 3,
        "depth": 2,
        "name": "WS-CICS-RESP-DISP",
        "byteOffset": 85,
        "dataLength": 10,
        "byteLength": 10,
        "indexList": [],
        "parent": "WS-FAIL-INFO",
        "values": [
          "0"
        ]
      },
      {
        "level": 3,
        "depth": 2,
        "name": "FILLER%10",
        "byteOffset": 95,
        "dataLength": 7,
        "byteLength": 7,
        "indexList": [],
        "parent": "WS-FAIL-INFO",
        "values": [
          " RESP2\u003d"
        ]
      },
      {
        "level": 3,
        "depth": 2,
        "name": "WS-CICS-RESP2-DISP",
        "byteOffset": 102,
        "dataLength": 10,
        "byteLength": 10,
        "indexList": [],
        "parent": "WS-FAIL-INFO",
        "values": [
          "0"
        ]
      },
      {
        "level": 3,
        "depth": 2,
        "name": "FILLER%12",
        "byteOffset": 112,
        "dataLength": 15,
        "byteLength": 15,
        "indexList": [],
        "parent": "WS-FAIL-INFO",
        "values": [
          " ABENDING TASK."
        ]
      }
    ]
  },
  {
    "level": 1,
    "depth": 1,
    "name": "SWITCHES",
    "byteOffset": 0,
    "dataLength": 1,
    "byteLength": 1,
    "indexList": [],
    "children": [
      {
        "level": 3,
        "depth": 2,
        "name": "VALID-DATA-SW",
        "byteOffset": 0,
        "dataLength": 1,
        "byteLength": 1,
        "indexList": [],
        "parent": "SWITCHES",
        "values": [
          "Y"
        ],
        "children": [
          {
            "level": 88,
            "depth": 3,
            "name": "VALID-DATA",
            "byteOffset": 0,
            "dataLength": 1,
            "byteLength": 1,
            "indexList": [],
            "parent": "VALID-DATA-SW",
            "values": [
              "Y"
            ]
          }
        ]
      }
    ]
  },
  {
    "level": 1,
    "depth": 1,
    "name": "FLAGS",
    "byteOffset": 0,
    "dataLength": 1,
    "byteLength": 1,
    "indexList": [],
    "children": [
      {
        "level": 3,
        "depth": 2,
        "name": "SEND-FLAG",
        "byteOffset": 0,
        "dataLength": 1,
        "byteLength": 1,
        "indexList": [],
        "parent": "FLAGS",
        "children": [
          {
            "level": 88,
            "depth": 3,
            "name": "SEND-ERASE",
            "byteOffset": 0,
            "dataLength": 1,
            "byteLength": 1,
            "indexList": [],
            "parent": "SEND-FLAG",
            "values": [
              "1"
            ]
          },
          {
            "level": 88,
            "depth": 3,
            "name": "SEND-DATAONLY",
            "byteOffset": 0,
            "dataLength": 1,
            "byteLength": 1,
            "indexList": [],
            "parent": "SEND-FLAG",
            "values": [
              "2"
            ]
          },
          {
            "level": 88,
            "depth": 3,
            "name": "SEND-DATAONLY-ALARM",
            "byteOffset": 0,
            "dataLength": 1,
            "byteLength": 1,
            "indexList": [],
            "parent": "SEND-FLAG",
            "values": [
              "3"
            ]
          }
        ]
      }
    ]
  },
  {
    "level": 1,
    "depth": 1,
    "name": "ACTION-ALPHA",
    "byteOffset": 0,
    "dataLength": 1,
    "byteLength": 1,
    "indexList": [],
    "children": [
      {
        "level": 3,
        "depth": 2,
        "name": "ACTION-NUM",
        "byteOffset": 0,
        "dataLength": 1,
        "byteLength": 1,
        "indexList": [],
        "parent": "ACTION-ALPHA"
      }
    ]
  },
  {
    "level": 1,
    "depth": 1,
    "name": "END-OF-SESSION-MESSAGE",
    "byteOffset": 0,
    "dataLength": 13,
    "byteLength": 13,
    "indexList": [],
    "values": [
      "Session Ended"
    ]
  },
  {
    "level": 1,
    "depth": 1,
    "name": "RESPONSE-CODE",
    "byteOffset": 0,
    "dataLength": 8,
    "byteLength": 4,
    "fieldCompression": "computational",
    "indexList": []
  },
  {
    "level": 1,
    "depth": 1,
    "name": "COMMUNICATION-AREA",
    "byteOffset": 0,
    "dataLength": 1,
    "byteLength": 1,
    "indexList": []
  },
  {
    "level": 1,
    "depth": 1,
    "name": "COMM-DOB-SPLIT",
    "byteOffset": 0,
    "dataLength": 8,
    "byteLength": 8,
    "indexList": [],
    "children": [
      {
        "level": 3,
        "depth": 2,
        "name": "COMM-DOB-SPLIT-DD",
        "byteOffset": 0,
        "dataLength": 2,
        "byteLength": 2,
        "indexList": [],
        "parent": "COMM-DOB-SPLIT"
      },
      {
        "level": 3,
        "depth": 2,
        "name": "COMM-DOB-SPLIT-MM",
        "byteOffset": 2,
        "dataLength": 2,
        "byteLength": 2,
        "indexList": [],
        "parent": "COMM-DOB-SPLIT"
      },
      {
        "level": 3,
        "depth": 2,
        "name": "COMM-DOB-SPLIT-YYYY",
        "byteOffset": 4,
        "dataLength": 4,
        "byteLength": 4,
        "indexList": [],
        "parent": "COMM-DOB-SPLIT"
      }
    ]
  },
  {
    "level": 1,
    "depth": 1,
    "name": "COMM-ADDR-SPLIT",
    "byteOffset": 0,
    "dataLength": 160,
    "byteLength": 160,
    "indexList": [],
    "children": [
      {
        "level": 3,
        "depth": 2,
        "name": "COMM-ADDR-SPLIT1",
        "byteOffset": 0,
        "dataLength": 60,
        "byteLength": 60,
        "indexList": [],
        "parent": "COMM-ADDR-SPLIT"
      },
      {
        "level": 3,
        "depth": 2,
        "name": "COMM-ADDR-SPLIT2",
        "byteOffset": 60,
        "dataLength": 60,
        "byteLength": 60,
        "indexList": [],
        "parent": "COMM-ADDR-SPLIT"
      },
      {
        "level": 3,
        "depth": 2,
        "name": "COMM-ADDR-SPLIT3",
        "byteOffset": 120,
        "dataLength": 40,
        "byteLength": 40,
        "indexList": [],
        "parent": "COMM-ADDR-SPLIT"
      }
    ]
  },
  {
    "level": 1,
    "depth": 1,
    "name": "WS-COMM-AREA",
    "byteOffset": 0,
    "dataLength": 9,
    "byteLength": 5,
    "indexList": [],
    "children": [
      {
        "level": 3,
        "depth": 2,
        "name": "WS-COMM-DATA",
        "byteOffset": 0,
        "dataLength": 1,
        "byteLength": 1,
        "indexList": [],
        "parent": "WS-COMM-AREA"
      },
      {
        "level": 3,
        "depth": 2,
        "name": "WS-COMM-TERM",
        "byteOffset": 1,
        "dataLength": 8,
        "byteLength": 4,
        "fieldCompression": "computational",
        "indexList": [],
        "parent": "WS-COMM-AREA"
      }
    ]
  },
  {
    "level": 1,
    "depth": 1,
    "name": "DATE-REFORMED",
    "byteOffset": 0,
    "dataLength": 6,
    "byteLength": 6,
    "indexList": [],
    "children": [
      {
        "level": 3,
        "depth": 2,
        "name": "DOBDDI-CHAR",
        "byteOffset": 0,
        "dataLength": 2,
        "byteLength": 2,
        "indexList": [],
        "parent": "DATE-REFORMED"
      },
      {
        "level": 3,
        "depth": 2,
        "name": "DOBDDI-REFORM",
        "redefines": "DOBDDI-CHAR",
        "byteOffset": 0,
        "dataLength": 2,
        "byteLength": 2,
        "indexList": [],
        "parent": "DATE-REFORMED",
        "topRoot": "DATE-REFORMED",
        "children": [
          {
            "level": 5,
            "depth": 3,
            "name": "DOBDDI-NUM",
            "byteOffset": 0,
            "dataLength": 2,
            "byteLength": 2,
            "indexList": [],
            "parent": "DOBDDI-REFORM"
          }
        ]
      },
      {
        "level": 3,
        "depth": 2,
        "name": "DOBMMI-CHAR",
        "byteOffset": 2,
        "dataLength": 2,
        "byteLength": 2,
        "indexList": [],
        "parent": "DATE-REFORMED"
      },
      {
        "level": 3,
        "depth": 2,
        "name": "DOBMMI-REFORM",
        "redefines": "DOBMMI-CHAR",
        "byteOffset": 2,
        "dataLength": 2,
        "byteLength": 2,
        "indexList": [],
        "parent": "DATE-REFORMED",
        "topRoot": "DATE-REFORMED",
        "children": [
          {
            "level": 5,
            "depth": 3,
            "name": "DOBMMI-NUM",
            "byteOffset": 2,
            "dataLength": 2,
            "byteLength": 2,
            "indexList": [],
            "parent": "DOBMMI-REFORM"
          }
        ]
      },
      {
        "level": 3,
        "depth": 2,
        "name": "DOBYYI-CHAR",
        "byteOffset": 4,
        "dataLength": 2,
        "byteLength": 2,
        "indexList": [],
        "parent": "DATE-REFORMED"
      },
      {
        "level": 3,
        "depth": 2,
        "name": "DOBYYI-REFORM",
        "redefines": "DOBYYI-CHAR",
        "byteOffset": 4,
        "dataLength": 2,
        "byteLength": 2,
        "indexList": [],
        "parent": "DATE-REFORMED",
        "topRoot": "DATE-REFORMED",
        "children": [
          {
            "level": 5,
            "depth": 3,
            "name": "DOBYYI-NUM",
            "byteOffset": 4,
            "dataLength": 2,
            "byteLength": 2,
            "indexList": [],
            "parent": "DOBYYI-REFORM"
          }
        ]
      }
    ]
  },
  {
    "level": 1,
    "depth": 1,
    "name": "WS-ABCODE",
    "byteOffset": 0,
    "dataLength": 4,
    "byteLength": 4,
    "indexList": []
  },
  {
    "level": 1,
    "depth": 1,
    "name": "WS-ADDR-SPLIT",
    "byteOffset": 0,
    "dataLength": 160,
    "byteLength": 160,
    "indexList": [],
    "children": [
      {
        "level": 3,
        "depth": 2,
        "name": "WS-ADDR-SPLIT1",
        "byteOffset": 0,
        "dataLength": 60,
        "byteLength": 60,
        "indexList": [],
        "parent": "WS-ADDR-SPLIT"
      },
      {
        "level": 3,
        "depth": 2,
        "name": "WS-ADDR-SPLIT2",
        "byteOffset": 60,
        "dataLength": 60,
        "byteLength": 60,
        "indexList": [],
        "parent": "WS-ADDR-SPLIT"
      },
      {
        "level": 3,
        "depth": 2,
        "name": "WS-ADDR-SPLIT3",
        "byteOffset": 120,
        "dataLength": 40,
        "byteLength": 40,
        "indexList": [],
        "parent": "WS-ADDR-SPLIT"
      }
    ]
  },
  {
    "level": 1,
    "depth": 1,
    "name": "SUBPGM-PARMS",
    "byteOffset": 0,
    "dataLength": 261,
    "byteLength": 261,
    "indexList": [],
    "children": [
      {
        "level": 3,
        "depth": 2,
        "name": "SUBPGM-EYECATCHER",
        "byteOffset": 0,
        "dataLength": 4,
        "byteLength": 4,
        "indexList": [],
        "parent": "SUBPGM-PARMS"
      },
      {
        "level": 3,
        "depth": 2,
        "name": "SUBPGM-KEY",
        "byteOffset": 4,
        "dataLength": 16,
        "byteLength": 16,
        "indexList": [],
        "parent": "SUBPGM-PARMS",
        "children": [
          {
            "level": 5,
            "depth": 3,
            "name": "SUBPGM-SORTCODE",
            "byteOffset": 4,
            "dataLength": 6,
            "byteLength": 6,
            "indexList": [],
            "parent": "SUBPGM-KEY"
          },
          {
            "level": 5,
            "depth": 3,
            "name": "SUBPGM-NUMBER",
            "byteOffset": 10,
            "dataLength": 10,
            "byteLength": 10,
            "indexList": [],
            "parent": "SUBPGM-KEY"
          }
        ]
      },
      {
        "level": 3,
        "depth": 2,
        "name": "SUBPGM-NAME",
        "byteOffset": 20,
        "dataLength": 60,
        "byteLength": 60,
        "indexList": [],
        "parent": "SUBPGM-PARMS"
      },
      {
        "level": 3,
        "depth": 2,
        "name": "SUBPGM-ADDRESS",
        "byteOffset": 80,
        "dataLength": 160,
        "byteLength": 160,
        "indexList": [],
        "parent": "SUBPGM-PARMS"
      },
      {
        "level": 3,
        "depth": 2,
        "name": "SUBPGM-DATE-OF-BIRTH",
        "byteOffset": 240,
        "dataLength": 8,
        "byteLength": 8,
        "indexList": [],
        "parent": "SUBPGM-PARMS"
      },
      {
        "level": 3,
        "depth": 2,
        "name": "SUBPGM-DOB-GROUP",
        "redefines": "SUBPGM-DATE-OF-BIRTH",
        "byteOffset": 240,
        "dataLength": 8,
        "byteLength": 8,
        "indexList": [],
        "parent": "SUBPGM-PARMS",
        "topRoot": "SUBPGM-PARMS",
        "children": [
          {
            "level": 5,
            "depth": 3,
            "name": "SUBPGM-BIRTH-DAY",
            "byteOffset": 240,
            "dataLength": 2,
            "byteLength": 2,
            "indexList": [],
            "parent": "SUBPGM-DOB-GROUP"
          },
          {
            "level": 5,
            "depth": 3,
            "name": "SUBPGM-BIRTH-MONTH",
            "byteOffset": 242,
            "dataLength": 2,
            "byteLength": 2,
            "indexList": [],
            "parent": "SUBPGM-DOB-GROUP"
          },
          {
            "level": 5,
            "depth": 3,
            "name": "SUBPGM-BIRTH-YEAR",
            "byteOffset": 244,
            "dataLength": 4,
            "byteLength": 4,
            "indexList": [],
            "parent": "SUBPGM-DOB-GROUP"
          }
        ]
      },
      {
        "level": 3,
        "depth": 2,
        "name": "SUBPGM-CREDIT-SCORE",
        "byteOffset": 248,
        "dataLength": 3,
        "byteLength": 3,
        "indexList": [],
        "parent": "SUBPGM-PARMS"
      },
      {
        "level": 3,
        "depth": 2,
        "name": "SUBPGM-CS-REVIEW-DATE",
        "byteOffset": 251,
        "dataLength": 8,
        "byteLength": 8,
        "indexList": [],
        "parent": "SUBPGM-PARMS"
      },
      {
        "level": 3,
        "depth": 2,
        "name": "SUBPGM-SUCCESS",
        "byteOffset": 259,
        "dataLength": 1,
        "byteLength": 1,
        "indexList": [],
        "parent": "SUBPGM-PARMS"
      },
      {
        "level": 3,
        "depth": 2,
        "name": "SUBPGM-FAIL-CODE",
        "byteOffset": 260,
        "dataLength": 1,
        "byteLength": 1,
        "indexList": [],
        "parent": "SUBPGM-PARMS"
      }
    ]
  },
  {
    "level": 1,
    "depth": 1,
    "name": "COMPANY-NAME-FULL",
    "byteOffset": 0,
    "dataLength": 32,
    "byteLength": 32,
    "indexList": []
  },
  {
    "level": 1,
    "depth": 1,
    "name": "CURSOR-POSITION",
    "byteOffset": 0,
    "dataLength": 4,
    "byteLength": 4,
    "indexList": []
  },
  {
    "level": 1,
    "depth": 1,
    "name": "WS-U-TIME",
    "byteOffset": 0,
    "dataLength": 15,
    "byteLength": 8,
    "fieldCompression": "computational-3",
    "indexList": []
  },
  {
    "level": 1,
    "depth": 1,
    "name": "WS-ORIG-DATE",
    "byteOffset": 0,
    "dataLength": 10,
    "byteLength": 10,
    "indexList": []
  },
  {
    "level": 1,
    "depth": 1,
    "name": "WS-ORIG-DATE-GRP",
    "redefines": "WS-ORIG-DATE",
    "byteOffset": 0,
    "dataLength": 10,
    "byteLength": 10,
    "indexList": [],
    "topRoot": "WS-ORIG-DATE",
    "children": [
      {
        "level": 3,
        "depth": 2,
        "name": "WS-ORIG-DATE-DD",
        "byteOffset": 0,
        "dataLength": 2,
        "byteLength": 2,
        "indexList": [],
        "parent": "WS-ORIG-DATE-GRP"
      },
      {
        "level": 3,
        "depth": 2,
        "name": "FILLER%74",
        "byteOffset": 2,
        "dataLength": 1,
        "byteLength": 1,
        "indexList": [],
        "parent": "WS-ORIG-DATE-GRP"
      },
      {
        "level": 3,
        "depth": 2,
        "name": "WS-ORIG-DATE-MM",
        "byteOffset": 3,
        "dataLength": 2,
        "byteLength": 2,
        "indexList": [],
        "parent": "WS-ORIG-DATE-GRP"
      },
      {
        "level": 3,
        "depth": 2,
        "name": "FILLER%76",
        "byteOffset": 5,
        "dataLength": 1,
        "byteLength": 1,
        "indexList": [],
        "parent": "WS-ORIG-DATE-GRP"
      },
      {
        "level": 3,
        "depth": 2,
        "name": "WS-ORIG-DATE-YYYY",
        "byteOffset": 6,
        "dataLength": 4,
        "byteLength": 4,
        "indexList": [],
        "parent": "WS-ORIG-DATE-GRP"
      }
    ]
  },
  {
    "level": 1,
    "depth": 1,
    "name": "WS-ORIG-DATE-GRP-X",
    "byteOffset": 0,
    "dataLength": 10,
    "byteLength": 10,
    "indexList": [],
    "children": [
      {
        "level": 3,
        "depth": 2,
        "name": "WS-ORIG-DATE-DD-X",
        "byteOffset": 0,
        "dataLength": 2,
        "byteLength": 2,
        "indexList": [],
        "parent": "WS-ORIG-DATE-GRP-X"
      },
      {
        "level": 3,
        "depth": 2,
        "name": "FILLER%80",
        "byteOffset": 2,
        "dataLength": 1,
        "byteLength": 1,
        "indexList": [],
        "parent": "WS-ORIG-DATE-GRP-X",
        "values": [
          "."
        ]
      },
      {
        "level": 3,
        "depth": 2,
        "name": "WS-ORIG-DATE-MM-X",
        "byteOffset": 3,
        "dataLength": 2,
        "byteLength": 2,
        "indexList": [],
        "parent": "WS-ORIG-DATE-GRP-X"
      },
      {
        "level": 3,
        "depth": 2,
        "name": "FILLER%82",
        "byteOffset": 5,
        "dataLength": 1,
        "byteLength": 1,
        "indexList": [],
        "parent": "WS-ORIG-DATE-GRP-X",
        "values": [
          "."
        ]
      },
      {
        "level": 3,
        "depth": 2,
        "name": "WS-ORIG-DATE-YYYY-X",
        "byteOffset": 6,
        "dataLength": 4,
        "byteLength": 4,
        "indexList": [],
        "parent": "WS-ORIG-DATE-GRP-X"
      }
    ]
  },
  {
    "level": 1,
    "depth": 1,
    "name": "WS-TIME-DATA",
    "byteOffset": 0,
    "dataLength": 6,
    "byteLength": 6,
    "indexList": [],
    "children": [
      {
        "level": 3,
        "depth": 2,
        "name": "WS-TIME-NOW",
        "byteOffset": 0,
        "dataLength": 6,
        "byteLength": 6,
        "indexList": [],
        "parent": "WS-TIME-DATA"
      },
      {
        "level": 3,
        "depth": 2,
        "name": "WS-TIME-NOW-GRP",
        "redefines": "WS-TIME-NOW",
        "byteOffset": 0,
        "dataLength": 6,
        "byteLength": 6,
        "indexList": [],
        "parent": "WS-TIME-DATA",
        "topRoot": "WS-TIME-DATA",
        "children": [
          {
            "level": 5,
            "depth": 3,
            "name": "WS-TIME-NOW-GRP-HH",
            "byteOffset": 0,
            "dataLength": 2,
            "byteLength": 2,
            "indexList": [],
            "parent": "WS-TIME-NOW-GRP"
          },
          {
            "level": 5,
            "depth": 3,
            "name": "WS-TIME-NOW-GRP-MM",
            "byteOffset": 2,
            "dataLength": 2,
            "byteLength": 2,
            "indexList": [],
            "parent": "WS-TIME-NOW-GRP"
          },
          {
            "level": 5,
            "depth": 3,
            "name": "WS-TIME-NOW-GRP-SS",
            "byteOffset": 4,
            "dataLength": 2,
            "byteLength": 2,
            "indexList": [],
            "parent": "WS-TIME-NOW-GRP"
          }
        ]
      }
    ]
  },
  {
    "level": 1,
    "depth": 1,
    "name": "WS-ABEND-PGM",
    "byteOffset": 0,
    "dataLength": 8,
    "byteLength": 8,
    "indexList": [],
    "values": [
      "ABNDPROC"
    ]
  },
  {
    "level": 1,
    "depth": 1,
    "name": "ABNDINFO-REC",
    "byteOffset": 0,
    "dataLength": 685,
    "byteLength": 678,
    "indexList": [],
    "children": [
      {
        "level": 3,
        "depth": 2,
        "name": "ABND-VSAM-KEY",
        "byteOffset": 0,
        "dataLength": 19,
        "byteLength": 12,
        "indexList": [],
        "parent": "ABNDINFO-REC",
        "children": [
          {
            "level": 5,
            "depth": 3,
            "name": "ABND-UTIME-KEY",
            "byteOffset": 0,
            "dataLength": 15,
            "byteLength": 8,
            "fieldCompression": "computational-3",
            "indexList": [],
            "parent": "ABND-VSAM-KEY"
          },
          {
            "level": 5,
            "depth": 3,
            "name": "ABND-TASKNO-KEY",
            "byteOffset": 8,
            "dataLength": 4,
            "byteLength": 4,
            "indexList": [],
            "parent": "ABND-VSAM-KEY"
          }
        ]
      },
      {
        "level": 3,
        "depth": 2,
        "name": "ABND-APPLID",
        "byteOffset": 12,
        "dataLength": 8,
        "byteLength": 8,
        "indexList": [],
        "parent": "ABNDINFO-REC"
      },
      {
        "level": 3,
        "depth": 2,
        "name": "ABND-TRANID",
        "byteOffset": 20,
        "dataLength": 4,
        "byteLength": 4,
        "indexList": [],
        "parent": "ABNDINFO-REC"
      },
      {
        "level": 3,
        "depth": 2,
        "name": "ABND-DATE",
        "byteOffset": 24,
        "dataLength": 10,
        "byteLength": 10,
        "indexList": [],
        "parent": "ABNDINFO-REC"
      },
      {
        "level": 3,
        "depth": 2,
        "name": "ABND-TIME",
        "byteOffset": 34,
        "dataLength": 8,
        "byteLength": 8,
        "indexList": [],
        "parent": "ABNDINFO-REC"
      },
      {
        "level": 3,
        "depth": 2,
        "name": "ABND-CODE",
        "byteOffset": 42,
        "dataLength": 4,
        "byteLength": 4,
        "indexList": [],
        "parent": "ABNDINFO-REC"
      },
      {
        "level": 3,
        "depth": 2,
        "name": "ABND-PROGRAM",
        "byteOffset": 46,
        "dataLength": 8,
        "byteLength": 8,
        "indexList": [],
        "parent": "ABNDINFO-REC"
      },
      {
        "level": 3,
        "depth": 2,
        "name": "ABND-RESPCODE",
        "byteOffset": 54,
        "dataLength": 8,
        "byteLength": 8,
        "indexList": [],
        "parent": "ABNDINFO-REC"
      },
      {
        "level": 3,
        "depth": 2,
        "name": "ABND-RESP2CODE",
        "byteOffset": 62,
        "dataLength": 8,
        "byteLength": 8,
        "indexList": [],
        "parent": "ABNDINFO-REC"
      },
      {
        "level": 3,
        "depth": 2,
        "name": "ABND-SQLCODE",
        "byteOffset": 70,
        "dataLength": 8,
        "byteLength": 8,
        "indexList": [],
        "parent": "ABNDINFO-REC"
      },
      {
        "level": 3,
        "depth": 2,
        "name": "ABND-FREEFORM",
        "byteOffset": 78,
        "dataLength": 600,
        "byteLength": 600,
        "indexList": [],
        "parent": "ABNDINFO-REC"
      }
    ]
  },
  {
    "level": 1,
    "depth": 1,
    "name": "DFHCOMMAREA",
    "byteOffset": 0,
    "dataLength": 5,
    "byteLength": 5,
    "indexList": [],
    "children": [
      {
        "level": 3,
        "depth": 2,
        "name": "DFHCOMMAREA-DATA",
        "byteOffset": 0,
        "dataLength": 5,
        "byteLength": 5,
        "indexList": [],
        "parent": "DFHCOMMAREA"
      }
    ]
  }
]