[
  {
    "level": 1,
    "depth": 1,
    "name": "WS-CICS-WORK-AREA",
    "byteOffset": 0,
    "dataLength": 16,
    "byteLength": 8,
    "indexList": [],
    "children": [
      {
        "level": 3,
        "depth": 2,
        "name": "WS-CICS-RESP",
        "byteOffset": 0,
        "dataLength": 8,
        "byteLength": 4,
        "fieldCompression": "computational",
        "indexList": [],
        "parent": "WS-CICS-WORK-AREA",
        "values": [
          "0"
        ]
      },
      {
        "level": 3,
        "depth": 2,
        "name": "WS-CICS-RESP2",
        "byteOffset": 4,
        "dataLength": 8,
        "byteLength": 4,
        "fieldCompression": "computational",
        "indexList": [],
        "parent": "WS-CICS-WORK-AREA",
        "values": [
          "0"
        ]
      }
    ]
  },
  {
    "level": 1,
    "depth": 1,
    "name": "WS-FAIL-INFO",
    "byteOffset": 0,
    "dataLength": 127,
    "byteLength": 127,
    "indexList": [],
    "children": [
      {
        "level": 3,
        "depth": 2,
        "name": "FILLER",
        "byteOffset": 0,
        "dataLength": 9,
        "byteLength": 9,
        "indexList": [],
        "parent": "WS-FAIL-INFO",
        "values": [
          "BNK1DAC  "
        ]
      },
      {
        "level": 3,
        "depth": 2,
        "name": "WS-CICS-FAIL-MSG",
        "byteOffset": 9,
        "dataLength": 70,
        "byteLength": 70,
        "indexList": [],
        "parent": "WS-FAIL-INFO",
        "values": [
          " "
        ]
      },
      {
        "level": 3,
        "depth": 2,
        "name": "FILLER%6",
        "byteOffset": 79,
        "dataLength": 6,
        "byteLength": 6,
        "indexList": [],
        "parent": "WS-FAIL-INFO",
        "values": [
          " RESP\u003d"
        ]
      },
      {
        "level": 3,
        "depth": 2,
        "name": "WS-CICS-RESP-DISP",
        "byteOffset": 85,
        "dataLength": 10,
        "byteLength": 10,
        "indexList": [],
        "parent": "WS-FAIL-INFO",
        "values": [
          "0"
        ]
      },
      {
        "level": 3,
        "depth": 2,
        "name": "FILLER%8",
        "byteOffset": 95,
        "dataLength": 7,
        "byteLength": 7,
        "indexList": [],
        "parent": "WS-FAIL-INFO",
        "values": [
          " RESP2\u003d"
        ]
      },
      {
        "level": 3,
        "depth": 2,
        "name": "WS-CICS-RESP2-DISP",
        "byteOffset": 102,
        "dataLength": 10,
        "byteLength": 10,
        "indexList": [],
        "parent": "WS-FAIL-INFO",
        "values": [
          "0"
        ]
      },
      {
        "level": 3,
        "depth": 2,
        "name": "FILLER%10",
        "byteOffset": 112,
        "dataLength": 15,
        "byteLength": 15,
        "indexList": [],
        "parent": "WS-FAIL-INFO",
        "values": [
          " ABENDING TASK."
        ]
      }
    ]
  },
  {
    "level": 1,
    "depth": 1,
    "name": "SWITCHES",
    "byteOffset": 0,
    "dataLength": 1,
    "byteLength": 1,
    "indexList": [],
    "children": [
      {
        "level": 3,
        "depth": 2,
        "name": "VALID-DATA-SW",
        "byteOffset": 0,
        "dataLength": 1,
        "byteLength": 1,
        "indexList": [],
        "parent": "SWITCHES",
        "values": [
          "Y"
        ],
        "children": [
          {
            "level": 88,
            "depth": 3,
            "name": "VALID-DATA",
            "byteOffset": 0,
            "dataLength": 1,
            "byteLength": 1,
            "indexList": [],
            "parent": "VALID-DATA-SW",
            "values": [
              "Y"
            ]
          }
        ]
      }
    ]
  },
  {
    "level": 1,
    "depth": 1,
    "name": "FLAGS",
    "byteOffset": 0,
    "dataLength": 1,
    "byteLength": 1,
    "indexList": [],
    "children": [
      {
        "level": 3,
        "depth": 2,
        "name": "SEND-FLAG",
        "byteOffset": 0,
        "dataLength": 1,
        "byteLength": 1,
        "indexList": [],
        "parent": "FLAGS",
        "children": [
          {
            "level": 88,
            "depth": 3,
            "name": "SEND-ERASE",
            "byteOffset": 0,
            "dataLength": 1,
            "byteLength": 1,
            "indexList": [],
            "parent": "SEND-FLAG",
            "values": [
              "1"
            ]
          },
          {
            "level": 88,
            "depth": 3,
            "name": "SEND-DATAONLY",
            "byteOffset": 0,
            "dataLength": 1,
            "byteLength": 1,
            "indexList": [],
            "parent": "SEND-FLAG",
            "values": [
              "2"
            ]
          },
          {
            "level": 88,
            "depth": 3,
            "name": "SEND-DATAONLY-ALARM",
            "byteOffset": 0,
            "dataLength": 1,
            "byteLength": 1,
            "indexList": [],
            "parent": "SEND-FLAG",
            "values": [
              "3"
            ]
          }
        ]
      }
    ]
  },
  {
    "level": 1,
    "depth": 1,
    "name": "ACTION-ALPHA",
    "byteOffset": 0,
    "dataLength": 1,
    "byteLength": 1,
    "indexList": [],
    "children": [
      {
        "level": 3,
        "depth": 2,
        "name": "ACTION-NUM",
        "byteOffset": 0,
        "dataLength": 1,
        "byteLength": 1,
        "indexList": [],
        "parent": "ACTION-ALPHA"
      }
    ]
  },
  {
    "level": 1,
    "depth": 1,
    "name": "END-OF-SESSION-MESSAGE",
    "byteOffset": 0,
    "dataLength": 13,
    "byteLength": 13,
    "indexList": [],
    "values": [
      "Session Ended"
    ]
  },
  {
    "level": 1,
    "depth": 1,
    "name": "RESPONSE-CODE",
    "byteOffset": 0,
    "dataLength": 8,
    "byteLength": 4,
    "fieldCompression": "computational",
    "indexList": []
  },
  {
    "level": 1,
    "depth": 1,
    "name": "COMMUNICATION-AREA",
    "byteOffset": 0,
    "dataLength": 1,
    "byteLength": 1,
    "indexList": []
  },
  {
    "level": 1,
    "depth": 1,
    "name": "COMM-OPENED-SPLIT",
    "byteOffset": 0,
    "dataLength": 8,
    "byteLength": 8,
    "indexList": [],
    "children": [
      {
        "level": 3,
        "depth": 2,
        "name": "COMM-OPENED-SPLIT-DD",
        "byteOffset": 0,
        "dataLength": 2,
        "byteLength": 2,
        "indexList": [],
        "parent": "COMM-OPENED-SPLIT"
      },
      {
        "level": 3,
        "depth": 2,
        "name": "COMM-OPENED-SPLIT-MM",
        "byteOffset": 2,
        "dataLength": 2,
        "byteLength": 2,
        "indexList": [],
        "parent": "COMM-OPENED-SPLIT"
      },
      {
        "level": 3,
        "depth": 2,
        "name": "COMM-OPENED-SPLIT-YY",
        "byteOffset": 4,
        "dataLength": 4,
        "byteLength": 4,
        "indexList": [],
        "parent": "COMM-OPENED-SPLIT"
      }
    ]
  },
  {
    "level": 1,
    "depth": 1,
    "name": "COMM-LAST-ST-SPLIT",
    "byteOffset": 0,
    "dataLength": 8,
    "byteLength": 8,
    "indexList": [],
    "children": [
      {
        "level": 3,
        "depth": 2,
        "name": "COMM-LAST-ST-DD",
        "byteOffset": 0,
        "dataLength": 2,
        "byteLength": 2,
        "indexList": [],
        "parent": "COMM-LAST-ST-SPLIT"
      },
      {
        "level": 3,
        "depth": 2,
        "name": "COMM-LAST-ST-MM",
        "byteOffset": 2,
        "dataLength": 2,
        "byteLength": 2,
        "indexList": [],
        "parent": "COMM-LAST-ST-SPLIT"
      },
      {
        "level": 3,
        "depth": 2,
        "name": "COMM-LAST-ST-YY",
        "byteOffset": 4,
        "dataLength": 4,
        "byteLength": 4,
        "indexList": [],
        "parent": "COMM-LAST-ST-SPLIT"
      }
    ]
  },
  {
    "level": 1,
    "depth": 1,
    "name": "COMM-NEXT-ST-SPLIT",
    "byteOffset": 0,
    "dataLength": 8,
    "byteLength": 8,
    "indexList": [],
    "children": [
      {
        "level": 3,
        "depth": 2,
        "name": "COMM-NEXT-ST-DD",
        "byteOffset": 0,
        "dataLength": 2,
        "byteLength": 2,
        "indexList": [],
        "parent": "COMM-NEXT-ST-SPLIT"
      },
      {
        "level": 3,
        "depth": 2,
        "name": "COMM-NEXT-ST-MM",
        "byteOffset": 2,
        "dataLength": 2,
        "byteLength": 2,
        "indexList": [],
        "parent": "COMM-NEXT-ST-SPLIT"
      },
      {
        "level": 3,
        "depth": 2,
        "name": "COMM-NEXT-ST-YY",
        "byteOffset": 4,
        "dataLength": 4,
        "byteLength": 4,
        "indexList": [],
        "parent": "COMM-NEXT-ST-SPLIT"
      }
    ]
  },
  {
    "level": 1,
    "depth": 1,
    "name": "PARMS-SUBPGM",
    "byteOffset": 0,
    "dataLength": 113,
    "byteLength": 113,
    "indexList": [],
    "children": [
      {
        "level": 3,
        "depth": 2,
        "name": "PARMS-SUBPGM-EYE",
        "byteOffset": 0,
        "dataLength": 4,
        "byteLength": 4,
        "indexList": [],
        "parent": "PARMS-SUBPGM",
        "children": [
          {
            "level": 88,
            "depth": 3,
            "name": "PARMS-SUBPGM-EYE-VALID",
            "byteOffset": 0,
            "dataLength": 4,
            "byteLength": 4,
            "indexList": [],
            "parent": "PARMS-SUBPGM-EYE",
            "values": [
              "ACCT"
            ]
          }
        ]
      },
      {
        "level": 3,
        "depth": 2,
        "name": "PARMS-SUBPGM-CUSTNO",
        "byteOffset": 4,
        "dataLength": 10,
        "byteLength": 10,
        "indexList": [],
        "parent": "PARMS-SUBPGM"
      },
      {
        "level": 3,
        "depth": 2,
        "name": "PARMS-SUBPGM-SCODE",
        "byteOffset": 14,
        "dataLength": 6,
        "byteLength": 6,
        "indexList": [],
        "parent": "PARMS-SUBPGM"
      },
      {
        "level": 3,
        "depth": 2,
        "name": "PARMS-SUBPGM-ACCNO",
        "byteOffset": 20,
        "dataLength": 8,
        "byteLength": 8,
        "indexList": [],
        "parent": "PARMS-SUBPGM"
      },
      {
        "level": 3,
        "depth": 2,
        "name": "PARMS-SUBPGM-ACC-TYPE",
        "byteOffset": 28,
        "dataLength": 8,
        "byteLength": 8,
        "indexList": [],
        "parent": "PARMS-SUBPGM"
      },
      {
        "level": 3,
        "depth": 2,
        "name": "PARMS-SUBPGM-INT-RATE",
        "byteOffset": 36,
        "dataLength": 7,
        "byteLength": 7,
        "indexList": [],
        "parent": "PARMS-SUBPGM",
        "decimalNumberPortion": 2
      },
      {
        "level": 3,
        "depth": 2,
        "name": "PARMS-SUBPGM-OPENED",
        "byteOffset": 43,
        "dataLength": 8,
        "byteLength": 8,
        "indexList": [],
        "parent": "PARMS-SUBPGM"
      },
      {
        "level": 3,
        "depth": 2,
        "name": "PARMS-SUBPGM-OVERDRAFT",
        "byteOffset": 51,
        "dataLength": 8,
        "byteLength": 8,
        "indexList": [],
        "parent": "PARMS-SUBPGM"
      },
      {
        "level": 3,
        "depth": 2,
        "name": "PARMS-SUBPGM-LAST-STMT-DT",
        "byteOffset": 59,
        "dataLength": 8,
        "byteLength": 8,
        "indexList": [],
        "parent": "PARMS-SUBPGM"
      },
      {
        "level": 3,
        "depth": 2,
        "name": "PARMS-SUBPGM-NEXT-STMT-DT",
        "byteOffset": 67,
        "dataLength": 8,
        "byteLength": 8,
        "indexList": [],
        "parent": "PARMS-SUBPGM"
      },
      {
        "level": 3,
        "depth": 2,
        "name": "PARMS-SUBPGM-AVAIL-BAL",
        "byteOffset": 75,
        "dataLength": 13,
        "byteLength": 13,
        "indexList": [],
        "parent": "PARMS-SUBPGM",
        "decimalNumberPortion": 2
      },
      {
        "level": 3,
        "depth": 2,
        "name": "PARMS-SUBPGM-ACTUAL-BAL",
        "byteOffset": 88,
        "dataLength": 13,
        "byteLength": 13,
        "indexList": [],
        "parent": "PARMS-SUBPGM",
        "decimalNumberPortion": 2
      },
      {
        "level": 3,
        "depth": 2,
        "name": "PARMS-SUBPGM-SUCCESS",
        "byteOffset": 101,
        "dataLength": 1,
        "byteLength": 1,
        "indexList": [],
        "parent": "PARMS-SUBPGM"
      },
      {
        "level": 3,
        "depth": 2,
        "name": "PARMS-SUBPGM-FAIL-CD",
        "byteOffset": 102,
        "dataLength": 1,
        "byteLength": 1,
        "indexList": [],
        "parent": "PARMS-SUBPGM"
      },
      {
        "level": 3,
        "depth": 2,
        "name": "PARMS-SUBPGM-DEL-SUCCESS",
        "byteOffset": 103,
        "dataLength": 1,
        "byteLength": 1,
        "indexList": [],
        "parent": "PARMS-SUBPGM"
      },
      {
        "level": 3,
        "depth": 2,
        "name": "PARMS-SUBPGM-DEL-FAIL-CD",
        "byteOffset": 104,
        "dataLength": 1,
        "byteLength": 1,
        "indexList": [],
        "parent": "PARMS-SUBPGM"
      },
      {
        "level": 3,
        "depth": 2,
        "name": "PARMS-SUBPGM-DEL-APPLID",
        "byteOffset": 105,
        "dataLength": 8,
        "byteLength": 8,
        "indexList": [],
        "parent": "PARMS-SUBPGM"
      },
      {
        "level": 3,
        "depth": 2,
        "name": "PARMS-SUBPGM-DEL-PCB1",
        "byteOffset": 113,
        "indexList": [],
        "parent": "PARMS-SUBPGM"
      },
      {
        "level": 3,
        "depth": 2,
        "name": "PARMS-SUBPGM-DEL-PCB2",
        "byteOffset": 113,
        "indexList": [],
        "parent": "PARMS-SUBPGM"
      },
      {
        "level": 3,
        "depth": 2,
        "name": "PARMS-SUBPGM-DEL-PCB3",
        "byteOffset": 113,
        "indexList": [],
        "parent": "PARMS-SUBPGM"
      }
    ]
  },
  {
    "level": 1,
    "depth": 1,
    "name": "INQACC-COMMAREA",
    "byteOffset": 0,
    "dataLength": 102,
    "byteLength": 102,
    "indexList": [],
    "children": [
      {
        "level": 3,
        "depth": 2,
        "name": "INQACC-EYE",
        "byteOffset": 0,
        "dataLength": 4,
        "byteLength": 4,
        "indexList": [],
        "parent": "INQACC-COMMAREA"
      },
      {
        "level": 3,
        "depth": 2,
        "name": "INQACC-CUSTNO",
        "byteOffset": 4,
        "dataLength": 10,
        "byteLength": 10,
        "indexList": [],
        "parent": "INQACC-COMMAREA"
      },
      {
        "level": 3,
        "depth": 2,
        "name": "INQACC-SCODE",
        "byteOffset": 14,
        "dataLength": 6,
        "byteLength": 6,
        "indexList": [],
        "parent": "INQACC-COMMAREA"
      },
      {
        "level": 3,
        "depth": 2,
        "name": "INQACC-ACCNO",
        "byteOffset": 20,
        "dataLength": 8,
        "byteLength": 8,
        "indexList": [],
        "parent": "INQACC-COMMAREA"
      },
      {
        "level": 3,
        "depth": 2,
        "name": "INQACC-ACC-TYPE",
        "byteOffset": 28,
        "dataLength": 8,
        "byteLength": 8,
        "indexList": [],
        "parent": "INQACC-COMMAREA"
      },
      {
        "level": 3,
        "depth": 2,
        "name": "INQACC-INT-RATE",
        "byteOffset": 36,
        "dataLength": 7,
        "byteLength": 7,
        "indexList": [],
        "parent": "INQACC-COMMAREA",
        "decimalNumberPortion": 2
      },
      {
        "level": 3,
        "depth": 2,
        "name": "INQACC-OPENED",
        "byteOffset": 43,
        "dataLength": 8,
        "byteLength": 8,
        "indexList": [],
        "parent": "INQACC-COMMAREA"
      },
      {
        "level": 3,
        "depth": 2,
        "name": "INQACC-OPENED-GROUP",
        "redefines": "INQACC-OPENED",
        "byteOffset": 43,
        "dataLength": 8,
        "byteLength": 8,
        "indexList": [],
        "parent": "INQACC-COMMAREA",
        "topRoot": "INQACC-COMMAREA",
        "children": [
          {
            "level": 5,
            "depth": 3,
            "name": "INQACC-OPENED-DAY",
            "byteOffset": 43,
            "dataLength": 2,
            "byteLength": 2,
            "indexList": [],
            "parent": "INQACC-OPENED-GROUP"
          },
          {
            "level": 5,
            "depth": 3,
            "name": "INQACC-OPENED-MONTH",
            "byteOffset": 45,
            "dataLength": 2,
            "byteLength": 2,
            "indexList": [],
            "parent": "INQACC-OPENED-GROUP"
          },
          {
            "level": 5,
            "depth": 3,
            "name": "INQACC-OPENED-YEAR",
            "byteOffset": 47,
            "dataLength": 4,
            "byteLength": 4,
            "indexList": [],
            "parent": "INQACC-OPENED-GROUP"
          }
        ]
      },
      {
        "level": 3,
        "depth": 2,
        "name": "INQACC-OVERDRAFT",
        "byteOffset": 51,
        "dataLength": 8,
        "byteLength": 8,
        "indexList": [],
        "parent": "INQACC-COMMAREA"
      },
      {
        "level": 3,
        "depth": 2,
        "name": "INQACC-LAST-STMT-DT",
        "byteOffset": 59,
        "dataLength": 8,
        "byteLength": 8,
        "indexList": [],
        "parent": "INQACC-COMMAREA"
      },
      {
        "level": 3,
        "depth": 2,
        "name": "INQACC-LAST-STMT-GROUP",
        "redefines": "INQACC-LAST-STMT-DT",
        "byteOffset": 59,
        "dataLength": 8,
        "byteLength": 8,
        "indexList": [],
        "parent": "INQACC-COMMAREA",
        "topRoot": "INQACC-COMMAREA",
        "children": [
          {
            "level": 5,
            "depth": 3,
            "name": "INQACC-LAST-STMT-DAY",
            "byteOffset": 59,
            "dataLength": 2,
            "byteLength": 2,
            "indexList": [],
            "parent": "INQACC-LAST-STMT-GROUP"
          },
          {
            "level": 5,
            "depth": 3,
            "name": "INQACC-LAST-STMT-MONTH",
            "byteOffset": 61,
            "dataLength": 2,
            "byteLength": 2,
            "indexList": [],
            "parent": "INQACC-LAST-STMT-GROUP"
          },
          {
            "level": 5,
            "depth": 3,
            "name": "INQACC-LAST-STMT-YEAR",
            "byteOffset": 63,
            "dataLength": 4,
            "byteLength": 4,
            "indexList": [],
            "parent": "INQACC-LAST-STMT-GROUP"
          }
        ]
      },
      {
        "level": 3,
        "depth": 2,
        "name": "INQACC-NEXT-STMT-DT",
        "byteOffset": 67,
        "dataLength": 8,
        "byteLength": 8,
        "indexList": [],
        "parent": "INQACC-COMMAREA"
      },
      {
        "level": 3,
        "depth": 2,
        "name": "INQACC-NEXT-STMT-GROUP",
        "redefines": "INQACC-NEXT-STMT-DT",
        "byteOffset": 67,
        "dataLength": 8,
        "byteLength": 8,
        "indexList": [],
        "parent": "INQACC-COMMAREA",
        "topRoot": "INQACC-COMMAREA",
        "children": [
          {
            "level": 5,
            "depth": 3,
            "name": "INQACC-NEXT-STMT-DAY",
            "byteOffset": 67,
            "dataLength": 2,
            "byteLength": 2,
            "indexList": [],
            "parent": "INQACC-NEXT-STMT-GROUP"
          },
          {
            "level": 5,
            "depth": 3,
            "name": "INQACC-NEXT-STMT-MONTH",
            "byteOffset": 69,
            "dataLength": 2,
            "byteLength": 2,
            "indexList": [],
            "parent": "INQACC-NEXT-STMT-GROUP"
          },
          {
            "level": 5,
            "depth": 3,
            "name": "INQACC-NEXT-STMT-YEAR",
            "byteOffset": 71,
            "dataLength": 4,
            "byteLength": 4,
            "indexList": [],
            "parent": "INQACC-NEXT-STMT-GROUP"
          }
        ]
      },
      {
        "level": 3,
        "depth": 2,
        "name": "INQACC-AVAIL-BAL",
        "byteOffset": 75,
        "dataLength": 13,
        "byteLength": 13,
        "indexList": [],
        "parent": "INQACC-COMMAREA",
        "decimalNumberPortion": 2
      },
      {
        "level": 3,
        "depth": 2,
        "name": "INQACC-ACTUAL-BAL",
        "byteOffset": 88,
        "dataLength": 13,
        "byteLength": 13,
        "indexList": [],
        "parent": "INQACC-COMMAREA",
        "decimalNumberPortion": 2
      },
      {
        "level": 3,
        "depth": 2,
        "name": "INQACC-SUCCESS",
        "byteOffset": 101,
        "dataLength": 1,
        "byteLength": 1,
        "indexList": [],
        "parent": "INQACC-COMMAREA"
      },
      {
        "level": 3,
        "depth": 2,
        "name": "INQACC-PCB1-POINTER",
        "byteOffset": 102,
        "indexList": [],
        "parent": "INQACC-COMMAREA"
      }
    ]
  },
  {
    "level": 1,
    "depth": 1,
    "name": "WS-COMM-AREA",
    "byteOffset": 0,
    "dataLength": 105,
    "byteLength": 105,
    "indexList": [],
    "children": [
      {
        "level": 3,
        "depth": 2,
        "name": "WS-COMM-EYE",
        "byteOffset": 0,
        "dataLength": 4,
        "byteLength": 4,
        "indexList": [],
        "parent": "WS-COMM-AREA"
      },
      {
        "level": 3,
        "depth": 2,
        "name": "WS-COMM-CUSTNO",
        "byteOffset": 4,
        "dataLength": 10,
        "byteLength": 10,
        "indexList": [],
        "parent": "WS-COMM-AREA"
      },
      {
        "level": 3,
        "depth": 2,
        "name": "WS-COMM-SCODE",
        "byteOffset": 14,
        "dataLength": 6,
        "byteLength": 6,
        "indexList": [],
        "parent": "WS-COMM-AREA"
      },
      {
        "level": 3,
        "depth": 2,
        "name": "WS-COMM-ACCNO",
        "byteOffset": 20,
        "dataLength": 8,
        "byteLength": 8,
        "indexList": [],
        "parent": "WS-COMM-AREA"
      },
      {
        "level": 3,
        "depth": 2,
        "name": "WS-COMM-ACC-TYPE",
        "byteOffset": 28,
        "dataLength": 8,
        "byteLength": 8,
        "indexList": [],
        "parent": "WS-COMM-AREA"
      },
      {
        "level": 3,
        "depth": 2,
        "name": "WS-COMM-INT-RATE",
        "byteOffset": 36,
        "dataLength": 7,
        "byteLength": 7,
        "indexList": [],
        "parent": "WS-COMM-AREA",
        "decimalNumberPortion": 2
      },
      {
        "level": 3,
        "depth": 2,
        "name": "WS-COMM-OPENED",
        "byteOffset": 43,
        "dataLength": 8,
        "byteLength": 8,
        "indexList": [],
        "parent": "WS-COMM-AREA"
      },
      {
        "level": 3,
        "depth": 2,
        "name": "WS-COMM-OVERDRAFT",
        "byteOffset": 51,
        "dataLength": 8,
        "byteLength": 8,
        "indexList": [],
        "parent": "WS-COMM-AREA"
      },
      {
        "level": 3,
        "depth": 2,
        "name": "WS-COMM-LAST-STMT-DT",
        "byteOffset": 59,
        "dataLength": 8,
        "byteLength": 8,
        "indexList": [],
        "parent": "WS-COMM-AREA"
      },
      {
        "level": 3,
        "depth": 2,
        "name": "WS-COMM-NEXT-STMT-DT",
        "byteOffset": 67,
        "dataLength": 8,
        "byteLength": 8,
        "indexList": [],
        "parent": "WS-COMM-AREA"
      },
      {
        "level": 3,
        "depth": 2,
        "name": "WS-COMM-AVAIL-BAL",
        "byteOffset": 75,
        "dataLength": 13,
        "byteLength": 13,
        "indexList": [],
        "parent": "WS-COMM-AREA",
        "decimalNumberPortion": 2
      },
      {
        "level": 3,
        "depth": 2,
        "name": "WS-COMM-ACTUAL-BAL",
        "byteOffset": 88,
        "dataLength": 13,
        "byteLength": 13,
        "indexList": [],
        "parent": "WS-COMM-AREA",
        "decimalNumberPortion": 2
      },
      {
        "level": 3,
        "depth": 2,
        "name": "WS-COMM-SUCCESS",
        "byteOffset": 101,
        "dataLength": 1,
        "byteLength": 1,
        "indexList": [],
        "parent": "WS-COMM-AREA"
      },
      {
        "level": 3,
        "depth": 2,
        "name": "WS-COMM-FAIL-CD",
        "byteOffset": 102,
        "dataLength": 1,
        "byteLength": 1,
        "indexList": [],
        "parent": "WS-COMM-AREA"
      },
      {
        "level": 3,
        "depth": 2,
        "name": "WS-COMM-DEL-SUCCESS",
        "byteOffset": 103,
        "dataLength": 1,
        "byteLength": 1,
        "indexList": [],
        "parent": "WS-COMM-AREA"
      },
      {
        "level": 3,
        "depth": 2,
        "name": "WS-COMM-DEL-FAIL-CD",
        "byteOffset": 104,
        "dataLength": 1,
        "byteLength": 1,
        "indexList": [],
        "parent": "WS-COMM-AREA"
      }
    ]
  },
  {
    "level": 1,
    "depth": 1,
    "name": "COMM-AVAIL-BAL-DISP",
    "byteOffset": 0,
    "dataLength": 12,
    "byteLength": 12,
    "indexList": []
  },
  {
    "level": 1,
    "depth": 1,
    "name": "COMM-ACT-BAL-DISP",
    "byteOffset": 0,
    "dataLength": 12,
    "byteLength": 12,
    "indexList": []
  },
  {
    "level": 1,
    "depth": 1,
    "name": "WS-STUFF",
    "byteOffset": 0,
    "dataLength": 24,
    "byteLength": 24,
    "indexList": [],
    "children": [
      {
        "level": 3,
        "depth": 2,
        "name": "WS-AVAIL-BAL-UNSIGN",
        "byteOffset": 0,
        "dataLength": 12,
        "byteLength": 12,
        "indexList": [],
        "parent": "WS-STUFF"
      },
      {
        "level": 3,
        "depth": 2,
        "name": "WS-ACT-BAL-UNSIGN",
        "byteOffset": 12,
        "dataLength": 12,
        "byteLength": 12,
        "indexList": [],
        "parent": "WS-STUFF"
      }
    ]
  },
  {
    "level": 1,
    "depth": 1,
    "name": "COMPANY-NAME-FULL",
    "byteOffset": 0,
    "dataLength": 32,
    "byteLength": 32,
    "indexList": []
  },
  {
    "level": 1,
    "depth": 1,
    "name": "AVAILABLE-BALANCE-DISPLAY",
    "byteOffset": 0,
    "dataLength": 11,
    "byteLength": 11,
    "indexList": []
  },
  {
    "level": 1,
    "depth": 1,
    "name": "ACTUAL-BALANCE-DISPLAY",
    "byteOffset": 0,
    "dataLength": 11,
    "byteLength": 11,
    "indexList": []
  },
  {
    "level": 1,
    "depth": 1,
    "name": "WS-U-TIME",
    "byteOffset": 0,
    "dataLength": 15,
    "byteLength": 8,
    "fieldCompression": "computational-3",
    "indexList": []
  },
  {
    "level": 1,
    "depth": 1,
    "name": "WS-ORIG-DATE",
    "byteOffset": 0,
    "dataLength": 10,
    "byteLength": 10,
    "indexList": []
  },
  {
    "level": 1,
    "depth": 1,
    "name": "WS-ORIG-DATE-GRP",
    "redefines": "WS-ORIG-DATE",
    "byteOffset": 0,
    "dataLength": 10,
    "byteLength": 10,
    "indexList": [],
    "topRoot": "WS-ORIG-DATE",
    "children": [
      {
        "level": 3,
        "depth": 2,
        "name": "WS-ORIG-DATE-DD",
        "byteOffset": 0,
        "dataLength": 2,
        "byteLength": 2,
        "indexList": [],
        "parent": "WS-ORIG-DATE-GRP"
      },
      {
        "level": 3,
        "depth": 2,
        "name": "FILLER%114",
        "byteOffset": 2,
        "dataLength": 1,
        "byteLength": 1,
        "indexList": [],
        "parent": "WS-ORIG-DATE-GRP"
      },
      {
        "level": 3,
        "depth": 2,
        "name": "WS-ORIG-DATE-MM",
        "byteOffset": 3,
        "dataLength": 2,
        "byteLength": 2,
        "indexList": [],
        "parent": "WS-ORIG-DATE-GRP"
      },
      {
        "level": 3,
        "depth": 2,
        "name": "FILLER%116",
        "byteOffset": 5,
        "dataLength": 1,
        "byteLength": 1,
        "indexList": [],
        "parent": "WS-ORIG-DATE-GRP"
      },
      {
        "level": 3,
        "depth": 2,
        "name": "WS-ORIG-DATE-YYYY",
        "byteOffset": 6,
        "dataLength": 4,
        "byteLength": 4,
        "indexList": [],
        "parent": "WS-ORIG-DATE-GRP"
      }
    ]
  },
  {
    "level": 1,
    "depth": 1,
    "name": "WS-ORIG-DATE-GRP-X",
    "byteOffset": 0,
    "dataLength": 10,
    "byteLength": 10,
    "indexList": [],
    "children": [
      {
        "level": 3,
        "depth": 2,
        "name": "WS-ORIG-DATE-DD-X",
        "byteOffset": 0,
        "dataLength": 2,
        "byteLength": 2,
        "indexList": [],
        "parent": "WS-ORIG-DATE-GRP-X"
      },
      {
        "level": 3,
        "depth": 2,
        "name": "FILLER%120",
        "byteOffset": 2,
        "dataLength": 1,
        "byteLength": 1,
        "indexList": [],
        "parent": "WS-ORIG-DATE-GRP-X",
        "values": [
          "."
        ]
      },
      {
        "level": 3,
        "depth": 2,
        "name": "WS-ORIG-DATE-MM-X",
        "byteOffset": 3,
        "dataLength": 2,
        "byteLength": 2,
        "indexList": [],
        "parent": "WS-ORIG-DATE-GRP-X"
      },
      {
        "level": 3,
        "depth": 2,
        "name": "FILLER%122",
        "byteOffset": 5,
        "dataLength": 1,
        "byteLength": 1,
        "indexList": [],
        "parent": "WS-ORIG-DATE-GRP-X",
        "values": [
          "."
        ]
      },
      {
        "level": 3,
        "depth": 2,
        "name": "WS-ORIG-DATE-YYYY-X",
        "byteOffset": 6,
        "dataLength": 4,
        "byteLength": 4,
        "indexList": [],
        "parent": "WS-ORIG-DATE-GRP-X"
      }
    ]
  },
  {
    "level": 1,
    "depth": 1,
    "name": "WS-TIME-DATA",
    "byteOffset": 0,
    "dataLength": 6,
    "byteLength": 6,
    "indexList": [],
    "children": [
      {
        "level": 3,
        "depth": 2,
        "name": "WS-TIME-NOW",
        "byteOffset": 0,
        "dataLength": 6,
        "byteLength": 6,
        "indexList": [],
        "parent": "WS-TIME-DATA"
      },
      {
        "level": 3,
        "depth": 2,
        "name": "WS-TIME-NOW-GRP",
        "redefines": "WS-TIME-NOW",
        "byteOffset": 0,
        "dataLength": 6,
        "byteLength": 6,
        "indexList": [],
        "parent": "WS-TIME-DATA",
        "topRoot": "WS-TIME-DATA",
        "children": [
          {
            "level": 5,
            "depth": 3,
            "name": "WS-TIME-NOW-GRP-HH",
            "byteOffset": 0,
            "dataLength": 2,
            "byteLength": 2,
            "indexList": [],
            "parent": "WS-TIME-NOW-GRP"
          },
          {
            "level": 5,
            "depth": 3,
            "name": "WS-TIME-NOW-GRP-MM",
            "byteOffset": 2,
            "dataLength": 2,
            "byteLength": 2,
            "indexList": [],
            "parent": "WS-TIME-NOW-GRP"
          },
          {
            "level": 5,
            "depth": 3,
            "name": "WS-TIME-NOW-GRP-SS",
            "byteOffset": 4,
            "dataLength": 2,
            "byteLength": 2,
            "indexList": [],
            "parent": "WS-TIME-NOW-GRP"
          }
        ]
      }
    ]
  },
  {
    "level": 1,
    "depth": 1,
    "name": "WS-ABEND-PGM",
    "byteOffset": 0,
    "dataLength": 8,
    "byteLength": 8,
    "indexList": [],
    "values": [
      "ABNDPROC"
    ]
  },
  {
    "level": 1,
    "depth": 1,
    "name": "ABNDINFO-REC",
    "byteOffset": 0,
    "dataLength": 685,
    "byteLength": 678,
    "indexList": [],
    "children": [
      {
        "level": 3,
        "depth": 2,
        "name": "ABND-VSAM-KEY",
        "byteOffset": 0,
        "dataLength": 19,
        "byteLength": 12,
        "indexList": [],
        "parent": "ABNDINFO-REC",
        "children": [
          {
            "level": 5,
            "depth": 3,
            "name": "ABND-UTIME-KEY",
            "byteOffset": 0,
            "dataLength": 15,
            "byteLength": 8,
            "fieldCompression": "computational-3",
            "indexList": [],
            "parent": "ABND-VSAM-KEY"
          },
          {
            "level": 5,
            "depth": 3,
            "name": "ABND-TASKNO-KEY",
            "byteOffset": 8,
            "dataLength": 4,
            "byteLength": 4,
            "indexList": [],
            "parent": "ABND-VSAM-KEY"
          }
        ]
      },
      {
        "level": 3,
        "depth": 2,
        "name": "ABND-APPLID",
        "byteOffset": 12,
        "dataLength": 8,
        "byteLength": 8,
        "indexList": [],
        "parent": "ABNDINFO-REC"
      },
      {
        "level": 3,
        "depth": 2,
        "name": "ABND-TRANID",
        "byteOffset": 20,
        "dataLength": 4,
        "byteLength": 4,
        "indexList": [],
        "parent": "ABNDINFO-REC"
      },
      {
        "level": 3,
        "depth": 2,
        "name": "ABND-DATE",
        "byteOffset": 24,
        "dataLength": 10,
        "byteLength": 10,
        "indexList": [],
        "parent": "ABNDINFO-REC"
      },
      {
        "level": 3,
        "depth": 2,
        "name": "ABND-TIME",
        "byteOffset": 34,
        "dataLength": 8,
        "byteLength": 8,
        "indexList": [],
        "parent": "ABNDINFO-REC"
      },
      {
        "level": 3,
        "depth": 2,
        "name": "ABND-CODE",
        "byteOffset": 42,
        "dataLength": 4,
        "byteLength": 4,
        "indexList": [],
        "parent": "ABNDINFO-REC"
      },
      {
        "level": 3,
        "depth": 2,
        "name": "ABND-PROGRAM",
        "byteOffset": 46,
        "dataLength": 8,
        "byteLength": 8,
        "indexList": [],
        "parent": "ABNDINFO-REC"
      },
      {
        "level": 3,
        "depth": 2,
        "name": "ABND-RESPCODE",
        "byteOffset": 54,
        "dataLength": 8,
        "byteLength": 8,
        "indexList": [],
        "parent": "ABNDINFO-REC"
      },
      {
        "level": 3,
        "depth": 2,
        "name": "ABND-RESP2CODE",
        "byteOffset": 62,
        "dataLength": 8,
        "byteLength": 8,
        "indexList": [],
        "parent": "ABNDINFO-REC"
      },
      {
        "level": 3,
        "depth": 2,
        "name": "ABND-SQLCODE",
        "byteOffset": 70,
        "dataLength": 8,
        "byteLength": 8,
        "indexList": [],
        "parent": "ABNDINFO-REC"
      },
      {
        "level": 3,
        "depth": 2,
        "name": "ABND-FREEFORM",
        "byteOffset": 78,
        "dataLength": 600,
        "byteLength": 600,
        "indexList": [],
        "parent": "ABNDINFO-REC"
      }
    ]
  },
  {
    "level": 1,
    "depth": 1,
    "name": "DFHCOMMAREA",
    "byteOffset": 0,
    "dataLength": 104,
    "byteLength": 104,
    "indexList": [],
    "children": [
      {
        "level": 3,
        "depth": 2,
        "name": "COMM-EYE",
        "byteOffset": 0,
        "dataLength": 4,
        "byteLength": 4,
        "indexList": [],
        "parent": "DFHCOMMAREA"
      },
      {
        "level": 3,
        "depth": 2,
        "name": "COMM-CUSTNO",
        "byteOffset": 4,
        "dataLength": 10,
        "byteLength": 10,
        "indexList": [],
        "parent": "DFHCOMMAREA"
      },
      {
        "level": 3,
        "depth": 2,
        "name": "COMM-SCODE",
        "byteOffset": 14,
        "dataLength": 6,
        "byteLength": 6,
        "indexList": [],
        "parent": "DFHCOMMAREA"
      },
      {
        "level": 3,
        "depth": 2,
        "name": "COMM-ACCNO",
        "byteOffset": 20,
        "dataLength": 8,
        "byteLength": 8,
        "indexList": [],
        "parent": "DFHCOMMAREA"
      },
      {
        "level": 3,
        "depth": 2,
        "name": "COMM-ACC-TYPE",
        "byteOffset": 28,
        "dataLength": 8,
        "byteLength": 8,
        "indexList": [],
        "parent": "DFHCOMMAREA"
      },
      {
        "level": 3,
        "depth": 2,
        "name": "COMM-INT-RATE",
        "byteOffset": 36,
        "dataLength": 6,
        "byteLength": 6,
        "indexList": [],
        "parent": "DFHCOMMAREA"
      },
      {
        "level": 3,
        "depth": 2,
        "name": "COMM-OPENED",
        "byteOffset": 42,
        "dataLength": 8,
        "byteLength": 8,
        "indexList": [],
        "parent": "DFHCOMMAREA"
      },
      {
        "level": 3,
        "depth": 2,
        "name": "COMM-OVERDRAFT",
        "byteOffset": 50,
        "dataLength": 8,
        "byteLength": 8,
        "indexList": [],
        "parent": "DFHCOMMAREA"
      },
      {
        "level": 3,
        "depth": 2,
        "name": "COMM-LAST-STMT-DT",
        "byteOffset": 58,
        "dataLength": 8,
        "byteLength": 8,
        "indexList": [],
        "parent": "DFHCOMMAREA"
      },
      {
        "level": 3,
        "depth": 2,
        "name": "COMM-NEXT-STMT-DT",
        "byteOffset": 66,
        "dataLength": 8,
        "byteLength": 8,
        "indexList": [],
        "parent": "DFHCOMMAREA"
      },
      {
        "level": 3,
        "depth": 2,
        "name": "COMM-AVAIL-BAL",
        "byteOffset": 74,
        "dataLength": 13,
        "byteLength": 13,
        "indexList": [],
        "parent": "DFHCOMMAREA",
        "decimalNumberPortion": 2
      },
      {
        "level": 3,
        "depth": 2,
        "name": "COMM-ACTUAL-BAL",
        "byteOffset": 87,
        "dataLength": 13,
        "byteLength": 13,
        "indexList": [],
        "parent": "DFHCOMMAREA",
        "decimalNumberPortion": 2
      },
      {
        "level": 3,
        "depth": 2,
        "name": "COMM-SUCCESS",
        "byteOffset": 100,
        "dataLength": 1,
        "byteLength": 1,
        "indexList": [],
        "parent": "DFHCOMMAREA"
      },
      {
        "level": 3,
        "depth": 2,
        "name": "COMM-FAIL-CD",
        "byteOffset": 101,
        "dataLength": 1,
        "byteLength": 1,
        "indexList": [],
        "parent": "DFHCOMMAREA"
      },
      {
        "level": 3,
        "depth": 2,
        "name": "COMM-DEL-SUCCESS",
        "byteOffset": 102,
        "dataLength": 1,
        "byteLength": 1,
        "indexList": [],
        "parent": "DFHCOMMAREA"
      },
      {
        "level": 3,
        "depth": 2,
        "name": "COMM-DEL-FAIL-CD",
        "byteOffset": 103,
        "dataLength": 1,
        "byteLength": 1,
        "indexList": [],
        "parent": "DFHCOMMAREA"
      }
    ]
  }
]