[
  {
    "level": 77,
    "depth": 1,
    "name": "SORTCODE",
    "byteOffset": 0,
    "dataLength": 6,
    "byteLength": 6,
    "indexList": [],
    "values": [
      "987654"
    ]
  },
  {
    "level": 1,
    "depth": 1,
    "name": "SYSIDERR-RETRY",
    "byteOffset": 0,
    "dataLength": 3,
    "byteLength": 3,
    "indexList": []
  },
  {
    "level": 1,
    "depth": 1,
    "name": "HOST-PROCTRAN-ROW",
    "byteOffset": 0,
    "dataLength": 102,
    "byteLength": 96,
    "indexList": [],
    "children": [
      {
        "level": 3,
        "depth": 2,
        "name": "HV-PROCTRAN-EYECATCHER",
        "byteOffset": 0,
        "dataLength": 4,
        "byteLength": 4,
        "indexList": [],
        "parent": "HOST-PROCTRAN-ROW"
      },
      {
        "level": 3,
        "depth": 2,
        "name": "HV-PROCTRAN-SORT-CODE",
        "byteOffset": 4,
        "dataLength": 6,
        "byteLength": 6,
        "indexList": [],
        "parent": "HOST-PROCTRAN-ROW"
      },
      {
        "level": 3,
        "depth": 2,
        "name": "HV-PROCTRAN-ACC-NUMBER",
        "byteOffset": 10,
        "dataLength": 8,
        "byteLength": 8,
        "indexList": [],
        "parent": "HOST-PROCTRAN-ROW"
      },
      {
        "level": 3,
        "depth": 2,
        "name": "HV-PROCTRAN-DATE",
        "byteOffset": 18,
        "dataLength": 10,
        "byteLength": 10,
        "indexList": [],
        "parent": "HOST-PROCTRAN-ROW"
      },
      {
        "level": 3,
        "depth": 2,
        "name": "HV-PROCTRAN-TIME",
        "byteOffset": 28,
        "dataLength": 6,
        "byteLength": 6,
        "indexList": [],
        "parent": "HOST-PROCTRAN-ROW"
      },
      {
        "level": 3,
        "depth": 2,
        "name": "HV-PROCTRAN-REF",
        "byteOffset": 34,
        "dataLength": 12,
        "byteLength": 12,
        "indexList": [],
        "parent": "HOST-PROCTRAN-ROW"
      },
      {
        "level": 3,
        "depth": 2,
        "name": "HV-PROCTRAN-TYPE",
        "byteOffset": 46,
        "dataLength": 3,
        "byteLength": 3,
        "indexList": [],
        "parent": "HOST-PROCTRAN-ROW"
      },
      {
        "level": 3,
        "depth": 2,
        "name": "HV-PROCTRAN-DESC",
        "byteOffset": 49,
        "dataLength": 40,
        "byteLength": 40,
        "indexList": [],
        "parent": "HOST-PROCTRAN-ROW"
      },
      {
        "level": 3,
        "depth": 2,
        "name": "HV-PROCTRAN-AMOUNT",
        "byteOffset": 89,
        "dataLength": 13,
        "byteLength": 7,
        "fieldCompression": "computational-3",
        "indexList": [],
        "parent": "HOST-PROCTRAN-ROW",
        "decimalNumberPortion": 2
      }
    ]
  },
  {
    "level": 1,
    "depth": 1,
    "name": "PROCTRAN-AREA",
    "byteOffset": 0,
    "dataLength": 100,
    "byteLength": 100,
    "indexList": [],
    "children": [
      {
        "level": 3,
        "depth": 2,
        "name": "PROC-TRAN-DATA",
        "byteOffset": 0,
        "dataLength": 100,
        "byteLength": 100,
        "indexList": [],
        "parent": "PROCTRAN-AREA",
        "children": [
          {
            "level": 5,
            "depth": 3,
            "name": "PROC-TRAN-EYE-CATCHER",
            "byteOffset": 0,
            "dataLength": 4,
            "byteLength": 4,
            "indexList": [],
            "parent": "PROC-TRAN-DATA",
            "children": [
              {
                "level": 88,
                "depth": 4,
                "name": "PROC-TRAN-VALID",
                "byteOffset": 0,
                "dataLength": 4,
                "byteLength": 4,
                "indexList": [],
                "parent": "PROC-TRAN-EYE-CATCHER",
                "values": [
                  "PRTR"
                ]
              }
            ]
          },
          {
            "level": 5,
            "depth": 3,
            "name": "PROC-TRAN-LOGICAL-DELETE-AREA",
            "redefines": "PROC-TRAN-EYE-CATCHER",
            "byteOffset": 0,
            "dataLength": 4,
            "byteLength": 4,
            "indexList": [],
            "parent": "PROC-TRAN-DATA",
            "topRoot": "PROCTRAN-AREA",
            "children": [
              {
                "level": 7,
                "depth": 4,
                "name": "PROC-TRAN-LOGICAL-DELETE-FLAG",
                "byteOffset": 0,
                "dataLength": 1,
                "byteLength": 1,
                "indexList": [],
                "parent": "PROC-TRAN-LOGICAL-DELETE-AREA",
                "children": [
                  {
                    "level": 88,
                    "depth": 5,
                    "name": "PROC-TRAN-LOGICALLY-DELETED",
                    "byteOffset": 0,
                    "dataLength": 1,
                    "byteLength": 1,
                    "indexList": [],
                    "parent": "PROC-TRAN-LOGICAL-DELETE-FLAG",
                    "values": [
                      "X\u0027FF\u0027"
                    ]
                  }
                ]
              },
              {
                "level": 7,
                "depth": 4,
                "name": "FILLER",
                "byteOffset": 1,
                "dataLength": 3,
                "byteLength": 3,
                "indexList": [],
                "parent": "PROC-TRAN-LOGICAL-DELETE-AREA"
              }
            ]
          },
          {
            "level": 5,
            "depth": 3,
            "name": "PROC-TRAN-ID",
            "byteOffset": 4,
            "dataLength": 14,
            "byteLength": 14,
            "indexList": [],
            "parent": "PROC-TRAN-DATA",
            "children": [
              {
                "level": 7,
                "depth": 4,
                "name": "PROC-TRAN-SORT-CODE",
                "byteOffset": 4,
                "dataLength": 6,
                "byteLength": 6,
                "indexList": [],
                "parent": "PROC-TRAN-ID"
              },
              {
                "level": 7,
                "depth": 4,
                "name": "PROC-TRAN-NUMBER",
                "byteOffset": 10,
                "dataLength": 8,
                "byteLength": 8,
                "indexList": [],
                "parent": "PROC-TRAN-ID"
              }
            ]
          },
          {
            "level": 5,
            "depth": 3,
            "name": "PROC-TRAN-DATE",
            "byteOffset": 18,
            "dataLength": 8,
            "byteLength": 8,
            "indexList": [],
            "parent": "PROC-TRAN-DATA"
          },
          {
            "level": 5,
            "depth": 3,
            "name": "PROC-TRAN-DATE-GRP",
            "redefines": "PROC-TRAN-DATE",
            "byteOffset": 18,
            "dataLength": 8,
            "byteLength": 8,
            "indexList": [],
            "parent": "PROC-TRAN-DATA",
            "topRoot": "PROCTRAN-AREA",
            "children": [
              {
                "level": 7,
                "depth": 4,
                "name": "PROC-TRAN-DATE-GRP-YYYY",
                "byteOffset": 18,
                "dataLength": 4,
                "byteLength": 4,
                "indexList": [],
                "parent": "PROC-TRAN-DATE-GRP"
              },
              {
                "level": 7,
                "depth": 4,
                "name": "PROC-TRAN-DATE-GRP-MM",
                "byteOffset": 22,
                "dataLength": 2,
                "byteLength": 2,
                "indexList": [],
                "parent": "PROC-TRAN-DATE-GRP"
              },
              {
                "level": 7,
                "depth": 4,
                "name": "PROC-TRAN-DATE-GRP-DD",
                "byteOffset": 24,
                "dataLength": 2,
                "byteLength": 2,
                "indexList": [],
                "parent": "PROC-TRAN-DATE-GRP"
              }
            ]
          },
          {
            "level": 5,
            "depth": 3,
            "name": "PROC-TRAN-TIME",
            "byteOffset": 26,
            "dataLength": 6,
            "byteLength": 6,
            "indexList": [],
            "parent": "PROC-TRAN-DATA"
          },
          {
            "level": 5,
            "depth": 3,
            "name": "PROC-TRAN-TIME-GRP",
            "redefines": "PROC-TRAN-TIME",
            "byteOffset": 26,
            "dataLength": 6,
            "byteLength": 6,
            "indexList": [],
            "parent": "PROC-TRAN-DATA",
            "topRoot": "PROCTRAN-AREA",
            "children": [
              {
                "level": 7,
                "depth": 4,
                "name": "PROC-TRAN-TIME-GRP-HH",
                "byteOffset": 26,
                "dataLength": 2,
                "byteLength": 2,
                "indexList": [],
                "parent": "PROC-TRAN-TIME-GRP"
              },
              {
                "level": 7,
                "depth": 4,
                "name": "PROC-TRAN-TIME-GRP-MM",
                "byteOffset": 28,
                "dataLength": 2,
                "byteLength": 2,
                "indexList": [],
                "parent": "PROC-TRAN-TIME-GRP"
              },
              {
                "level": 7,
                "depth": 4,
                "name": "PROC-TRAN-TIME-GRP-SS",
                "byteOffset": 30,
                "dataLength": 2,
                "byteLength": 2,
                "indexList": [],
                "parent": "PROC-TRAN-TIME-GRP"
              }
            ]
          },
          {
            "level": 5,
            "depth": 3,
            "name": "PROC-TRAN-REF",
            "byteOffset": 32,
            "dataLength": 12,
            "byteLength": 12,
            "indexList": [],
            "parent": "PROC-TRAN-DATA"
          },
          {
            "level": 5,
            "depth": 3,
            "name": "PROC-TRAN-TYPE",
            "byteOffset": 44,
            "dataLength": 3,
            "byteLength": 3,
            "indexList": [],
            "parent": "PROC-TRAN-DATA",
            "children": [
              {
                "level": 88,
                "depth": 4,
                "name": "PROC-TY-CHEQUE-ACKNOWLEDGED",
                "byteOffset": 44,
                "dataLength": 3,
                "byteLength": 3,
                "indexList": [],
                "parent": "PROC-TRAN-TYPE",
                "values": [
                  "CHA"
                ]
              },
              {
                "level": 88,
                "depth": 4,
                "name": "PROC-TY-CHEQUE-FAILURE",
                "byteOffset": 44,
                "dataLength": 3,
                "byteLength": 3,
                "indexList": [],
                "parent": "PROC-TRAN-TYPE",
                "values": [
                  "CHF"
                ]
              },
              {
                "level": 88,
                "depth": 4,
                "name": "PROC-TY-CHEQUE-PAID-IN",
                "byteOffset": 44,
                "dataLength": 3,
                "byteLength": 3,
                "indexList": [],
                "parent": "PROC-TRAN-TYPE",
                "values": [
                  "CHI"
                ]
              },
              {
                "level": 88,
                "depth": 4,
                "name": "PROC-TY-CHEQUE-PAID-OUT",
                "byteOffset": 44,
                "dataLength": 3,
                "byteLength": 3,
                "indexList": [],
                "parent": "PROC-TRAN-TYPE",
                "values": [
                  "CHO"
                ]
              },
              {
                "level": 88,
                "depth": 4,
                "name": "PROC-TY-CREDIT",
                "byteOffset": 44,
                "dataLength": 3,
                "byteLength": 3,
                "indexList": [],
                "parent": "PROC-TRAN-TYPE",
                "values": [
                  "CRE"
                ]
              },
              {
                "level": 88,
                "depth": 4,
                "name": "PROC-TY-DEBIT",
                "byteOffset": 44,
                "dataLength": 3,
                "byteLength": 3,
                "indexList": [],
                "parent": "PROC-TRAN-TYPE",
                "values": [
                  "DEB"
                ]
              },
              {
                "level": 88,
                "depth": 4,
                "name": "PROC-TY-WEB-CREATE-ACCOUNT",
                "byteOffset": 44,
                "dataLength": 3,
                "byteLength": 3,
                "indexList": [],
                "parent": "PROC-TRAN-TYPE",
                "values": [
                  "ICA"
                ]
              },
              {
                "level": 88,
                "depth": 4,
                "name": "PROC-TY-WEB-CREATE-CUSTOMER",
                "byteOffset": 44,
                "dataLength": 3,
                "byteLength": 3,
                "indexList": [],
                "parent": "PROC-TRAN-TYPE",
                "values": [
                  "ICC"
                ]
              },
              {
                "level": 88,
                "depth": 4,
                "name": "PROC-TY-WEB-DELETE-ACCOUNT",
                "byteOffset": 44,
                "dataLength": 3,
                "byteLength": 3,
                "indexList": [],
                "parent": "PROC-TRAN-TYPE",
                "values": [
                  "IDA"
                ]
              },
              {
                "level": 88,
                "depth": 4,
                "name": "PROC-TY-WEB-DELETE-CUSTOMER",
                "byteOffset": 44,
                "dataLength": 3,
                "byteLength": 3,
                "indexList": [],
                "parent": "PROC-TRAN-TYPE",
                "values": [
                  "IDC"
                ]
              },
              {
                "level": 88,
                "depth": 4,
                "name": "PROC-TY-BRANCH-CREATE-ACCOUNT",
                "byteOffset": 44,
                "dataLength": 3,
                "byteLength": 3,
                "indexList": [],
                "parent": "PROC-TRAN-TYPE",
                "values": [
                  "OCA"
                ]
              },
              {
                "level": 88,
                "depth": 4,
                "name": "PROC-TY-BRANCH-CREATE-CUSTOMER",
                "byteOffset": 44,
                "dataLength": 3,
                "byteLength": 3,
                "indexList": [],
                "parent": "PROC-TRAN-TYPE",
                "values": [
                  "OCC"
                ]
              },
              {
                "level": 88,
                "depth": 4,
                "name": "PROC-TY-BRANCH-DELETE-ACCOUNT",
                "byteOffset": 44,
                "dataLength": 3,
                "byteLength": 3,
                "indexList": [],
                "parent": "PROC-TRAN-TYPE",
                "values": [
                  "ODA"
                ]
              },
              {
                "level": 88,
                "depth": 4,
                "name": "PROC-TY-BRANCH-DELETE-CUSTOMER",
                "byteOffset": 44,
                "dataLength": 3,
                "byteLength": 3,
                "indexList": [],
                "parent": "PROC-TRAN-TYPE",
                "values": [
                  "ODC"
                ]
              },
              {
                "level": 88,
                "depth": 4,
                "name": "PROC-TY-CREATE-SODD",
                "byteOffset": 44,
                "dataLength": 3,
                "byteLength": 3,
                "indexList": [],
                "parent": "PROC-TRAN-TYPE",
                "values": [
                  "OCS"
                ]
              },
              {
                "level": 88,
                "depth": 4,
                "name": "PROC-TY-PAYMENT-CREDIT",
                "byteOffset": 44,
                "dataLength": 3,
                "byteLength": 3,
                "indexList": [],
                "parent": "PROC-TRAN-TYPE",
                "values": [
                  "PCR"
                ]
              },
              {
                "level": 88,
                "depth": 4,
                "name": "PROC-TY-PAYMENT-DEBIT",
                "byteOffset": 44,
                "dataLength": 3,
                "byteLength": 3,
                "indexList": [],
                "parent": "PROC-TRAN-TYPE",
                "values": [
                  "PDR"
                ]
              },
              {
                "level": 88,
                "depth": 4,
                "name": "PROC-TY-TRANSFER",
                "byteOffset": 44,
                "dataLength": 3,
                "byteLength": 3,
                "indexList": [],
                "parent": "PROC-TRAN-TYPE",
                "values": [
                  "TFR"
                ]
              }
            ]
          },
          {
            "level": 5,
            "depth": 3,
            "name": "PROC-TRAN-DESC",
            "byteOffset": 47,
            "dataLength": 40,
            "byteLength": 40,
            "indexList": [],
            "parent": "PROC-TRAN-DATA"
          },
          {
            "level": 5,
            "depth": 3,
            "name": "PROC-TRAN-DESC-XFR",
            "redefines": "PROC-TRAN-DESC",
            "byteOffset": 47,
            "dataLength": 40,
            "byteLength": 40,
            "indexList": [],
            "parent": "PROC-TRAN-DATA",
            "topRoot": "PROCTRAN-AREA",
            "children": [
              {
                "level": 7,
                "depth": 4,
                "name": "PROC-TRAN-DESC-XFR-HEADER",
                "byteOffset": 47,
                "dataLength": 26,
                "byteLength": 26,
                "indexList": [],
                "parent": "PROC-TRAN-DESC-XFR",
                "children": [
                  {
                    "level": 88,
                    "depth": 5,
                    "name": "PROC-TRAN-DESC-XFR-FLAG",
                    "byteOffset": 47,
                    "dataLength": 26,
                    "byteLength": 26,
                    "indexList": [],
                    "parent": "PROC-TRAN-DESC-XFR-HEADER",
                    "values": [
                      "TRANSFER"
                    ]
                  }
                ]
              },
              {
                "level": 7,
                "depth": 4,
                "name": "PROC-TRAN-DESC-XFR-SORTCODE",
                "byteOffset": 73,
                "dataLength": 6,
                "byteLength": 6,
                "indexList": [],
                "parent": "PROC-TRAN-DESC-XFR"
              },
              {
                "level": 7,
                "depth": 4,
                "name": "PROC-TRAN-DESC-XFR-ACCOUNT",
                "byteOffset": 79,
                "dataLength": 8,
                "byteLength": 8,
                "indexList": [],
                "parent": "PROC-TRAN-DESC-XFR"
              }
            ]
          },
          {
            "level": 5,
            "depth": 3,
            "name": "PROC-TRAN-DESC-DELACC",
            "redefines": "PROC-TRAN-DESC",
            "byteOffset": 47,
            "dataLength": 40,
            "byteLength": 40,
            "indexList": [],
            "parent": "PROC-TRAN-DATA",
            "topRoot": "PROCTRAN-AREA",
            "children": [
              {
                "level": 7,
                "depth": 4,
                "name": "PROC-DESC-DELACC-CUSTOMER",
                "byteOffset": 47,
                "dataLength": 10,
                "byteLength": 10,
                "indexList": [],
                "parent": "PROC-TRAN-DESC-DELACC"
              },
              {
                "level": 7,
                "depth": 4,
                "name": "PROC-DESC-DELACC-ACCTYPE",
                "byteOffset": 57,
                "dataLength": 8,
                "byteLength": 8,
                "indexList": [],
                "parent": "PROC-TRAN-DESC-DELACC"
              },
              {
                "level": 7,
                "depth": 4,
                "name": "PROC-DESC-DELACC-LAST-DD",
                "byteOffset": 65,
                "dataLength": 2,
                "byteLength": 2,
                "indexList": [],
                "parent": "PROC-TRAN-DESC-DELACC"
              },
              {
                "level": 7,
                "depth": 4,
                "name": "PROC-DESC-DELACC-LAST-MM",
                "byteOffset": 67,
                "dataLength": 2,
                "byteLength": 2,
                "indexList": [],
                "parent": "PROC-TRAN-DESC-DELACC"
              },
              {
                "level": 7,
                "depth": 4,
                "name": "PROC-DESC-DELACC-LAST-YYYY",
                "byteOffset": 69,
                "dataLength": 4,
                "byteLength": 4,
                "indexList": [],
                "parent": "PROC-TRAN-DESC-DELACC"
              },
              {
                "level": 7,
                "depth": 4,
                "name": "PROC-DESC-DELACC-NEXT-DD",
                "byteOffset": 73,
                "dataLength": 2,
                "byteLength": 2,
                "indexList": [],
                "parent": "PROC-TRAN-DESC-DELACC"
              },
              {
                "level": 7,
                "depth": 4,
                "name": "PROC-DESC-DELACC-NEXT-MM",
                "byteOffset": 75,
                "dataLength": 2,
                "byteLength": 2,
                "indexList": [],
                "parent": "PROC-TRAN-DESC-DELACC"
              },
              {
                "level": 7,
                "depth": 4,
                "name": "PROC-DESC-DELACC-NEXT-YYYY",
                "byteOffset": 77,
                "dataLength": 4,
                "byteLength": 4,
                "indexList": [],
                "parent": "PROC-TRAN-DESC-DELACC"
              },
              {
                "level": 7,
                "depth": 4,
                "name": "PROC-DESC-DELACC-FOOTER",
                "byteOffset": 81,
                "dataLength": 6,
                "byteLength": 6,
                "indexList": [],
                "parent": "PROC-TRAN-DESC-DELACC",
                "children": [
                  {
                    "level": 88,
                    "depth": 5,
                    "name": "PROC-DESC-DELACC-FLAG",
                    "byteOffset": 81,
                    "dataLength": 6,
                    "byteLength": 6,
                    "indexList": [],
                    "parent": "PROC-DESC-DELACC-FOOTER",
                    "values": [
                      "DELETE"
                    ]
                  }
                ]
              }
            ]
          },
          {
            "level": 5,
            "depth": 3,
            "name": "PROC-TRAN-DESC-CREACC",
            "redefines": "PROC-TRAN-DESC",
            "byteOffset": 47,
            "dataLength": 40,
            "byteLength": 40,
            "indexList": [],
            "parent": "PROC-TRAN-DATA",
            "topRoot": "PROCTRAN-AREA",
            "children": [
              {
                "level": 7,
                "depth": 4,
                "name": "PROC-DESC-CREACC-CUSTOMER",
                "byteOffset": 47,
                "dataLength": 10,
                "byteLength": 10,
                "indexList": [],
                "parent": "PROC-TRAN-DESC-CREACC"
              },
              {
                "level": 7,
                "depth": 4,
                "name": "PROC-DESC-CREACC-ACCTYPE",
                "byteOffset": 57,
                "dataLength": 8,
                "byteLength": 8,
                "indexList": [],
                "parent": "PROC-TRAN-DESC-CREACC"
              },
              {
                "level": 7,
                "depth": 4,
                "name": "PROC-DESC-CREACC-LAST-DD",
                "byteOffset": 65,
                "dataLength": 2,
                "byteLength": 2,
                "indexList": [],
                "parent": "PROC-TRAN-DESC-CREACC"
              },
              {
                "level": 7,
                "depth": 4,
                "name": "PROC-DESC-CREACC-LAST-MM",
                "byteOffset": 67,
                "dataLength": 2,
                "byteLength": 2,
                "indexList": [],
                "parent": "PROC-TRAN-DESC-CREACC"
              },
              {
                "level": 7,
                "depth": 4,
                "name": "PROC-DESC-CREACC-LAST-YYYY",
                "byteOffset": 69,
                "dataLength": 4,
                "byteLength": 4,
                "indexList": [],
                "parent": "PROC-TRAN-DESC-CREACC"
              },
              {
                "level": 7,
                "depth": 4,
                "name": "PROC-DESC-CREACC-NEXT-DD",
                "byteOffset": 73,
                "dataLength": 2,
                "byteLength": 2,
                "indexList": [],
                "parent": "PROC-TRAN-DESC-CREACC"
              },
              {
                "level": 7,
                "depth": 4,
                "name": "PROC-DESC-CREACC-NEXT-MM",
                "byteOffset": 75,
                "dataLength": 2,
                "byteLength": 2,
                "indexList": [],
                "parent": "PROC-TRAN-DESC-CREACC"
              },
              {
                "level": 7,
                "depth": 4,
                "name": "PROC-DESC-CREACC-NEXT-YYYY",
                "byteOffset": 77,
                "dataLength": 4,
                "byteLength": 4,
                "indexList": [],
                "parent": "PROC-TRAN-DESC-CREACC"
              },
              {
                "level": 7,
                "depth": 4,
                "name": "PROC-DESC-CREACC-FOOTER",
                "byteOffset": 81,
                "dataLength": 6,
                "byteLength": 6,
                "indexList": [],
                "parent": "PROC-TRAN-DESC-CREACC",
                "children": [
                  {
                    "level": 88,
                    "depth": 5,
                    "name": "PROC-DESC-CREACC-FLAG",
                    "byteOffset": 81,
                    "dataLength": 6,
                    "byteLength": 6,
                    "indexList": [],
                    "parent": "PROC-DESC-CREACC-FOOTER",
                    "values": [
                      "CREATE"
                    ]
                  }
                ]
              }
            ]
          },
          {
            "level": 5,
            "depth": 3,
            "name": "PROC-TRAN-DESC-DELCUS",
            "redefines": "PROC-TRAN-DESC",
            "byteOffset": 47,
            "dataLength": 40,
            "byteLength": 40,
            "indexList": [],
            "parent": "PROC-TRAN-DATA",
            "topRoot": "PROCTRAN-AREA",
            "children": [
              {
                "level": 7,
                "depth": 4,
                "name": "PROC-DESC-DELCUS-SORTCODE",
                "byteOffset": 47,
                "dataLength": 6,
                "byteLength": 6,
                "indexList": [],
                "parent": "PROC-TRAN-DESC-DELCUS"
              },
              {
                "level": 7,
                "depth": 4,
                "name": "PROC-DESC-DELCUS-CUSTOMER",
                "byteOffset": 53,
                "dataLength": 10,
                "byteLength": 10,
                "indexList": [],
                "parent": "PROC-TRAN-DESC-DELCUS"
              },
              {
                "level": 7,
                "depth": 4,
                "name": "PROC-DESC-DELCUS-NAME",
                "byteOffset": 63,
                "dataLength": 14,
                "byteLength": 14,
                "indexList": [],
                "parent": "PROC-TRAN-DESC-DELCUS"
              },
              {
                "level": 7,
                "depth": 4,
                "name": "PROC-DESC-DELCUS-DOB-YYYY",
                "byteOffset": 77,
                "dataLength": 4,
                "byteLength": 4,
                "indexList": [],
                "parent": "PROC-TRAN-DESC-DELCUS"
              },
              {
                "level": 7,
                "depth": 4,
                "name": "PROC-DESC-DELCUS-FILLER",
                "byteOffset": 81,
                "dataLength": 1,
                "byteLength": 1,
                "indexList": [],
                "parent": "PROC-TRAN-DESC-DELCUS",
                "children": [
                  {
                    "level": 88,
                    "depth": 5,
                    "name": "PROC-DESC-DELCUS-FILLER-SET",
                    "byteOffset": 81,
                    "dataLength": 1,
                    "byteLength": 1,
                    "indexList": [],
                    "parent": "PROC-DESC-DELCUS-FILLER",
                    "values": [
                      "-"
                    ]
                  }
                ]
              },
              {
                "level": 7,
                "depth": 4,
                "name": "PROC-DESC-DELCUS-DOB-MM",
                "byteOffset": 82,
                "dataLength": 2,
                "byteLength": 2,
                "indexList": [],
                "parent": "PROC-TRAN-DESC-DELCUS"
              },
              {
                "level": 7,
                "depth": 4,
                "name": "PROC-DESC-DELCUS-FILLER2",
                "byteOffset": 84,
                "dataLength": 1,
                "byteLength": 1,
                "indexList": [],
                "parent": "PROC-TRAN-DESC-DELCUS",
                "children": [
                  {
                    "level": 88,
                    "depth": 5,
                    "name": "PROC-DESC-DELCUS-FILLER2-SET",
                    "byteOffset": 84,
                    "dataLength": 1,
                    "byteLength": 1,
                    "indexList": [],
                    "parent": "PROC-DESC-DELCUS-FILLER2",
                    "values": [
                      "-"
                    ]
                  }
                ]
              },
              {
                "level": 7,
                "depth": 4,
                "name": "PROC-DESC-DELCUS-DOB-DD",
                "byteOffset": 85,
                "dataLength": 2,
                "byteLength": 2,
                "indexList": [],
                "parent": "PROC-TRAN-DESC-DELCUS"
              }
            ]
          },
          {
            "level": 5,
            "depth": 3,
            "name": "PROC-TRAN-DESC-CRECUS",
            "redefines": "PROC-TRAN-DESC",
            "byteOffset": 47,
            "dataLength": 40,
            "byteLength": 40,
            "indexList": [],
            "parent": "PROC-TRAN-DATA",
            "topRoot": "PROCTRAN-AREA",
            "children": [
              {
                "level": 7,
                "depth": 4,
                "name": "PROC-DESC-CRECUS-SORTCODE",
                "byteOffset": 47,
                "dataLength": 6,
                "byteLength": 6,
                "indexList": [],
                "parent": "PROC-TRAN-DESC-CRECUS"
              },
              {
                "level": 7,
                "depth": 4,
                "name": "PROC-DESC-CRECUS-CUSTOMER",
                "byteOffset": 53,
                "dataLength": 10,
                "byteLength": 10,
                "indexList": [],
                "parent": "PROC-TRAN-DESC-CRECUS"
              },
              {
                "level": 7,
                "depth": 4,
                "name": "PROC-DESC-CRECUS-NAME",
                "byteOffset": 63,
                "dataLength": 14,
                "byteLength": 14,
                "indexList": [],
                "parent": "PROC-TRAN-DESC-CRECUS"
              },
              {
                "level": 7,
                "depth": 4,
                "name": "PROC-DESC-CRECUS-DOB-YYYY",
                "byteOffset": 77,
                "dataLength": 4,
                "byteLength": 4,
                "indexList": [],
                "parent": "PROC-TRAN-DESC-CRECUS"
              },
              {
                "level": 7,
                "depth": 4,
                "name": "PROC-DESC-CRECUS-FILLER",
                "byteOffset": 81,
                "dataLength": 1,
                "byteLength": 1,
                "indexList": [],
                "parent": "PROC-TRAN-DESC-CRECUS",
                "children": [
                  {
                    "level": 88,
                    "depth": 5,
                    "name": "PROC-DESC-CRECUS-FILLER-SET",
                    "byteOffset": 81,
                    "dataLength": 1,
                    "byteLength": 1,
                    "indexList": [],
                    "parent": "PROC-DESC-CRECUS-FILLER",
                    "values": [
                      "-"
                    ]
                  }
                ]
              },
              {
                "level": 7,
                "depth": 4,
                "name": "PROC-DESC-CRECUS-DOB-MM",
                "byteOffset": 82,
                "dataLength": 2,
                "byteLength": 2,
                "indexList": [],
                "parent": "PROC-TRAN-DESC-CRECUS"
              },
              {
                "level": 7,
                "depth": 4,
                "name": "PROC-DESC-CRECUS-FILLER2",
                "byteOffset": 84,
                "dataLength": 1,
                "byteLength": 1,
                "indexList": [],
                "parent": "PROC-TRAN-DESC-CRECUS",
                "children": [
                  {
                    "level": 88,
                    "depth": 5,
                    "name": "PROC-DESC-CRECUS-FILLER2-SET",
                    "byteOffset": 84,
                    "dataLength": 1,
                    "byteLength": 1,
                    "indexList": [],
                    "parent": "PROC-DESC-CRECUS-FILLER2",
                    "values": [
                      "-"
                    ]
                  }
                ]
              },
              {
                "level": 7,
                "depth": 4,
                "name": "PROC-DESC-CRECUS-DOB-DD",
                "byteOffset": 85,
                "dataLength": 2,
                "byteLength": 2,
                "indexList": [],
                "parent": "PROC-TRAN-DESC-CRECUS"
              }
            ]
          },
          {
            "level": 5,
            "depth": 3,
            "name": "PROC-TRAN-AMOUNT",
            "byteOffset": 87,
            "dataLength": 13,
            "byteLength": 13,
            "indexList": [],
            "parent": "PROC-TRAN-DATA",
            "decimalNumberPortion": 2
          }
        ]
      }
    ]
  },
  {
    "level": 1,
    "depth": 1,
    "name": "PROCTRAN-RIDFLD",
    "byteOffset": 0,
    "dataLength": 8,
    "byteLength": 4,
    "fieldCompression": "computational",
    "indexList": []
  },
  {
    "level": 1,
    "depth": 1,
    "name": "WS-CICS-WORK-AREA",
    "byteOffset": 0,
    "dataLength": 16,
    "byteLength": 8,
    "indexList": [],
    "children": [
      {
        "level": 5,
        "depth": 2,
        "name": "WS-CICS-RESP",
        "byteOffset": 0,
        "dataLength": 8,
        "byteLength": 4,
        "fieldCompression": "computational",
        "indexList": [],
        "parent": "WS-CICS-WORK-AREA"
      },
      {
        "level": 5,
        "depth": 2,
        "name": "WS-CICS-RESP2",
        "byteOffset": 4,
        "dataLength": 8,
        "byteLength": 4,
        "fieldCompression": "computational",
        "indexList": [],
        "parent": "WS-CICS-WORK-AREA"
      }
    ]
  },
  {
    "level": 1,
    "depth": 1,
    "name": "WS-CUSTOMER-NO-NUM",
    "byteOffset": 0,
    "dataLength": 10,
    "byteLength": 10,
    "indexList": []
  },
  {
    "level": 1,
    "depth": 1,
    "name": "WS-TIME-DATA",
    "byteOffset": 0,
    "dataLength": 6,
    "byteLength": 6,
    "indexList": [],
    "children": [
      {
        "level": 3,
        "depth": 2,
        "name": "WS-TIME-NOW",
        "byteOffset": 0,
        "dataLength": 6,
        "byteLength": 6,
        "indexList": [],
        "parent": "WS-TIME-DATA"
      },
      {
        "level": 3,
        "depth": 2,
        "name": "WS-TIME-NOW-GRP",
        "redefines": "WS-TIME-NOW",
        "byteOffset": 0,
        "dataLength": 6,
        "byteLength": 6,
        "indexList": [],
        "parent": "WS-TIME-DATA",
        "topRoot": "WS-TIME-DATA",
        "children": [
          {
            "level": 5,
            "depth": 3,
            "name": "WS-TIME-NOW-GRP-HH",
            "byteOffset": 0,
            "dataLength": 2,
            "byteLength": 2,
            "indexList": [],
            "parent": "WS-TIME-NOW-GRP"
          },
          {
            "level": 5,
            "depth": 3,
            "name": "WS-TIME-NOW-GRP-MM",
            "byteOffset": 2,
            "dataLength": 2,
            "byteLength": 2,
            "indexList": [],
            "parent": "WS-TIME-NOW-GRP"
          },
          {
            "level": 5,
            "depth": 3,
            "name": "WS-TIME-NOW-GRP-SS",
            "byteOffset": 4,
            "dataLength": 2,
            "byteLength": 2,
            "indexList": [],
            "parent": "WS-TIME-NOW-GRP"
          }
        ]
      }
    ]
  },
  {
    "level": 1,
    "depth": 1,
    "name": "WS-ABEND-PGM",
    "byteOffset": 0,
    "dataLength": 8,
    "byteLength": 8,
    "indexList": [],
    "values": [
      "ABNDPROC"
    ]
  },
  {
    "level": 1,
    "depth": 1,
    "name": "ABNDINFO-REC",
    "byteOffset": 0,
    "dataLength": 685,
    "byteLength": 678,
    "indexList": [],
    "children": [
      {
        "level": 3,
        "depth": 2,
        "name": "ABND-VSAM-KEY",
        "byteOffset": 0,
        "dataLength": 19,
        "byteLength": 12,
        "indexList": [],
        "parent": "ABNDINFO-REC",
        "children": [
          {
            "level": 5,
            "depth": 3,
            "name": "ABND-UTIME-KEY",
            "byteOffset": 0,
            "dataLength": 15,
            "byteLength": 8,
            "fieldCompression": "computational-3",
            "indexList": [],
            "parent": "ABND-VSAM-KEY"
          },
          {
            "level": 5,
            "depth": 3,
            "name": "ABND-TASKNO-KEY",
            "byteOffset": 8,
            "dataLength": 4,
            "byteLength": 4,
            "indexList": [],
            "parent": "ABND-VSAM-KEY"
          }
        ]
      },
      {
        "level": 3,
        "depth": 2,
        "name": "ABND-APPLID",
        "byteOffset": 12,
        "dataLength": 8,
        "byteLength": 8,
        "indexList": [],
        "parent": "ABNDINFO-REC"
      },
      {
        "level": 3,
        "depth": 2,
        "name": "ABND-TRANID",
        "byteOffset": 20,
        "dataLength": 4,
        "byteLength": 4,
        "indexList": [],
        "parent": "ABNDINFO-REC"
      },
      {
        "level": 3,
        "depth": 2,
        "name": "ABND-DATE",
        "byteOffset": 24,
        "dataLength": 10,
        "byteLength": 10,
        "indexList": [],
        "parent": "ABNDINFO-REC"
      },
      {
        "level": 3,
        "depth": 2,
        "name": "ABND-TIME",
        "byteOffset": 34,
        "dataLength": 8,
        "byteLength": 8,
        "indexList": [],
        "parent": "ABNDINFO-REC"
      },
      {
        "level": 3,
        "depth": 2,
        "name": "ABND-CODE",
        "byteOffset": 42,
        "dataLength": 4,
        "byteLength": 4,
        "indexList": [],
        "parent": "ABNDINFO-REC"
      },
      {
        "level": 3,
        "depth": 2,
        "name": "ABND-PROGRAM",
        "byteOffset": 46,
        "dataLength": 8,
        "byteLength": 8,
        "indexList": [],
        "parent": "ABNDINFO-REC"
      },
      {
        "level": 3,
        "depth": 2,
        "name": "ABND-RESPCODE",
        "byteOffset": 54,
        "dataLength": 8,
        "byteLength": 8,
        "indexList": [],
        "parent": "ABNDINFO-REC"
      },
      {
        "level": 3,
        "depth": 2,
        "name": "ABND-RESP2CODE",
        "byteOffset": 62,
        "dataLength": 8,
        "byteLength": 8,
        "indexList": [],
        "parent": "ABNDINFO-REC"
      },
      {
        "level": 3,
        "depth": 2,
        "name": "ABND-SQLCODE",
        "byteOffset": 70,
        "dataLength": 8,
        "byteLength": 8,
        "indexList": [],
        "parent": "ABNDINFO-REC"
      },
      {
        "level": 3,
        "depth": 2,
        "name": "ABND-FREEFORM",
        "byteOffset": 78,
        "dataLength": 600,
        "byteLength": 600,
        "indexList": [],
        "parent": "ABNDINFO-REC"
      }
    ]
  },
  {
    "level": 1,
    "depth": 1,
    "name": "FILE-RETRY",
    "byteOffset": 0,
    "dataLength": 3,
    "byteLength": 3,
    "indexList": []
  },
  {
    "level": 1,
    "depth": 1,
    "name": "WS-EXIT-RETRY-LOOP",
    "byteOffset": 0,
    "dataLength": 1,
    "byteLength": 1,
    "indexList": [],
    "values": [
      " "
    ]
  },
  {
    "level": 1,
    "depth": 1,
    "name": "OUTPUT-DATA",
    "byteOffset": 0,
    "dataLength": 259,
    "byteLength": 259,
    "indexList": [],
    "children": [
      {
        "level": 3,
        "depth": 2,
        "name": "CUSTOMER-RECORD",
        "byteOffset": 0,
        "dataLength": 259,
        "byteLength": 259,
        "indexList": [],
        "parent": "OUTPUT-DATA",
        "children": [
          {
            "level": 5,
            "depth": 3,
            "name": "CUSTOMER-EYECATCHER",
            "byteOffset": 0,
            "dataLength": 4,
            "byteLength": 4,
            "indexList": [],
            "parent": "CUSTOMER-RECORD",
            "children": [
              {
                "level": 88,
                "depth": 4,
                "name": "CUSTOMER-EYECATCHER-VALUE",
                "byteOffset": 0,
                "dataLength": 4,
                "byteLength": 4,
                "indexList": [],
                "parent": "CUSTOMER-EYECATCHER",
                "values": [
                  "CUST"
                ]
              }
            ]
          },
          {
            "level": 5,
            "depth": 3,
            "name": "CUSTOMER-KEY",
            "byteOffset": 4,
            "dataLength": 16,
            "byteLength": 16,
            "indexList": [],
            "parent": "CUSTOMER-RECORD",
            "children": [
              {
                "level": 7,
                "depth": 4,
                "name": "CUSTOMER-SORTCODE",
                "byteOffset": 4,
                "dataLength": 6,
                "byteLength": 6,
                "indexList": [],
                "parent": "CUSTOMER-KEY"
              },
              {
                "level": 7,
                "depth": 4,
                "name": "CUSTOMER-NUMBER",
                "byteOffset": 10,
                "dataLength": 10,
                "byteLength": 10,
                "indexList": [],
                "parent": "CUSTOMER-KEY"
              }
            ]
          },
          {
            "level": 5,
            "depth": 3,
            "name": "CUSTOMER-NAME",
            "byteOffset": 20,
            "dataLength": 60,
            "byteLength": 60,
            "indexList": [],
            "parent": "CUSTOMER-RECORD"
          },
          {
            "level": 5,
            "depth": 3,
            "name": "CUSTOMER-ADDRESS",
            "byteOffset": 80,
            "dataLength": 160,
            "byteLength": 160,
            "indexList": [],
            "parent": "CUSTOMER-RECORD"
          },
          {
            "level": 5,
            "depth": 3,
            "name": "CUSTOMER-DATE-OF-BIRTH",
            "byteOffset": 240,
            "dataLength": 8,
            "byteLength": 8,
            "indexList": [],
            "parent": "CUSTOMER-RECORD"
          },
          {
            "level": 5,
            "depth": 3,
            "name": "CUSTOMER-DOB-GROUP",
            "redefines": "CUSTOMER-DATE-OF-BIRTH",
            "byteOffset": 240,
            "dataLength": 8,
            "byteLength": 8,
            "indexList": [],
            "parent": "CUSTOMER-RECORD",
            "topRoot": "OUTPUT-DATA",
            "children": [
              {
                "level": 7,
                "depth": 4,
                "name": "CUSTOMER-BIRTH-DAY",
                "byteOffset": 240,
                "dataLength": 2,
                "byteLength": 2,
                "indexList": [],
                "parent": "CUSTOMER-DOB-GROUP"
              },
              {
                "level": 7,
                "depth": 4,
                "name": "CUSTOMER-BIRTH-MONTH",
                "byteOffset": 242,
                "dataLength": 2,
                "byteLength": 2,
                "indexList": [],
                "parent": "CUSTOMER-DOB-GROUP"
              },
              {
                "level": 7,
                "depth": 4,
                "name": "CUSTOMER-BIRTH-YEAR",
                "byteOffset": 244,
                "dataLength": 4,
                "byteLength": 4,
                "indexList": [],
                "parent": "CUSTOMER-DOB-GROUP"
              }
            ]
          },
          {
            "level": 5,
            "depth": 3,
            "name": "CUSTOMER-CREDIT-SCORE",
            "byteOffset": 248,
            "dataLength": 3,
            "byteLength": 3,
            "indexList": [],
            "parent": "CUSTOMER-RECORD"
          },
          {
            "level": 5,
            "depth": 3,
            "name": "CUSTOMER-CS-REVIEW-DATE",
            "byteOffset": 251,
            "dataLength": 8,
            "byteLength": 8,
            "indexList": [],
            "parent": "CUSTOMER-RECORD"
          },
          {
            "level": 5,
            "depth": 3,
            "name": "CUSTOMER-CS-GROUP",
            "redefines": "CUSTOMER-CS-REVIEW-DATE",
            "byteOffset": 251,
            "dataLength": 8,
            "byteLength": 8,
            "indexList": [],
            "parent": "CUSTOMER-RECORD",
            "topRoot": "OUTPUT-DATA",
            "children": [
              {
                "level": 7,
                "depth": 4,
                "name": "CUSTOMER-CS-REVIEW-DAY",
                "byteOffset": 251,
                "dataLength": 2,
                "byteLength": 2,
                "indexList": [],
                "parent": "CUSTOMER-CS-GROUP"
              },
              {
                "level": 7,
                "depth": 4,
                "name": "CUSTOMER-CS-REVIEW-MONTH",
                "byteOffset": 253,
                "dataLength": 2,
                "byteLength": 2,
                "indexList": [],
                "parent": "CUSTOMER-CS-GROUP"
              },
              {
                "level": 7,
                "depth": 4,
                "name": "CUSTOMER-CS-REVIEW-YEAR",
                "byteOffset": 255,
                "dataLength": 4,
                "byteLength": 4,
                "indexList": [],
                "parent": "CUSTOMER-CS-GROUP"
              }
            ]
          }
        ]
      }
    ]
  },
  {
    "level": 1,
    "depth": 1,
    "name": "RETURN-DATA",
    "byteOffset": 0,
    "dataLength": 242,
    "byteLength": 242,
    "indexList": [],
    "children": [
      {
        "level": 3,
        "depth": 2,
        "name": "RETURN-DATA-EYECATCHER",
        "byteOffset": 0,
        "dataLength": 4,
        "byteLength": 4,
        "indexList": [],
        "parent": "RETURN-DATA"
      },
      {
        "level": 3,
        "depth": 2,
        "name": "RETURN-DATA-NUMBER",
        "byteOffset": 4,
        "dataLength": 10,
        "byteLength": 10,
        "indexList": [],
        "parent": "RETURN-DATA"
      },
      {
        "level": 3,
        "depth": 2,
        "name": "RETURN-DATA-NAME",
        "byteOffset": 14,
        "dataLength": 60,
        "byteLength": 60,
        "indexList": [],
        "parent": "RETURN-DATA"
      },
      {
        "level": 3,
        "depth": 2,
        "name": "RETURN-DATA-ADDRESS",
        "byteOffset": 74,
        "dataLength": 160,
        "byteLength": 160,
        "indexList": [],
        "parent": "RETURN-DATA"
      },
      {
        "level": 3,
        "depth": 2,
        "name": "RETURN-DATA-DATE-OF-BIRTH",
        "byteOffset": 234,
        "dataLength": 8,
        "byteLength": 8,
        "indexList": [],
        "parent": "RETURN-DATA"
      }
    ]
  },
  {
    "level": 1,
    "depth": 1,
    "name": "CUSTOMER-KY",
    "byteOffset": 0,
    "dataLength": 16,
    "byteLength": 16,
    "indexList": [],
    "children": [
      {
        "level": 3,
        "depth": 2,
        "name": "REQUIRED-SORT-CODE",
        "byteOffset": 0,
        "dataLength": 6,
        "byteLength": 6,
        "indexList": [],
        "parent": "CUSTOMER-KY",
        "values": [
          "0"
        ]
      },
      {
        "level": 3,
        "depth": 2,
        "name": "REQUIRED-CUST-NUMBER",
        "byteOffset": 6,
        "dataLength": 10,
        "byteLength": 10,
        "indexList": [],
        "parent": "CUSTOMER-KY",
        "values": [
          "0"
        ]
      }
    ]
  },
  {
    "level": 1,
    "depth": 1,
    "name": "RANDOM-CUSTOMER",
    "byteOffset": 0,
    "dataLength": 10,
    "byteLength": 10,
    "indexList": [],
    "values": [
      "0"
    ]
  },
  {
    "level": 1,
    "depth": 1,
    "name": "HIGHEST-CUST-NUMBER",
    "byteOffset": 0,
    "dataLength": 10,
    "byteLength": 10,
    "indexList": [],
    "values": [
      "0"
    ]
  },
  {
    "level": 1,
    "depth": 1,
    "name": "EXIT-VSAM-READ",
    "byteOffset": 0,
    "dataLength": 1,
    "byteLength": 1,
    "indexList": [],
    "values": [
      "N"
    ]
  },
  {
    "level": 1,
    "depth": 1,
    "name": "EXIT-DB2-READ",
    "byteOffset": 0,
    "dataLength": 1,
    "byteLength": 1,
    "indexList": [],
    "values": [
      "N"
    ]
  },
  {
    "level": 1,
    "depth": 1,
    "name": "WS-V-RETRIED",
    "byteOffset": 0,
    "dataLength": 1,
    "byteLength": 1,
    "indexList": [],
    "values": [
      "N"
    ]
  },
  {
    "level": 1,
    "depth": 1,
    "name": "WS-D-RETRIED",
    "byteOffset": 0,
    "dataLength": 1,
    "byteLength": 1,
    "indexList": [],
    "values": [
      "N"
    ]
  },
  {
    "level": 1,
    "depth": 1,
    "name": "SQLCODE-DISPLAY",
    "byteOffset": 0,
    "dataLength": 8,
    "byteLength": 8,
    "indexList": []
  },
  {
    "level": 1,
    "depth": 1,
    "name": "NCS-CUST-NO-STUFF",
    "byteOffset": 0,
    "dataLength": 50,
    "byteLength": 34,
    "indexList": [],
    "children": [
      {
        "level": 3,
        "depth": 2,
        "name": "NCS-CUST-NO-NAME",
        "byteOffset": 0,
        "dataLength": 16,
        "byteLength": 16,
        "indexList": [],
        "parent": "NCS-CUST-NO-STUFF",
        "children": [
          {
            "level": 5,
            "depth": 3,
            "name": "NCS-CUST-NO-ACT-NAME",
            "byteOffset": 0,
            "dataLength": 8,
            "byteLength": 8,
            "indexList": [],
            "parent": "NCS-CUST-NO-NAME",
            "values": [
              "CBSACUST"
            ]
          },
          {
            "level": 5,
            "depth": 3,
            "name": "NCS-CUST-NO-TEST-SORT",
            "byteOffset": 8,
            "dataLength": 6,
            "byteLength": 6,
            "indexList": [],
            "parent": "NCS-CUST-NO-NAME",
            "values": [
              "      "
            ]
          },
          {
            "level": 5,
            "depth": 3,
            "name": "NCS-CUST-NO-FILL",
            "byteOffset": 14,
            "dataLength": 2,
            "byteLength": 2,
            "indexList": [],
            "parent": "NCS-CUST-NO-NAME",
            "values": [
              "  "
            ]
          }
        ]
      },
      {
        "level": 3,
        "depth": 2,
        "name": "NCS-CUST-NO-INC",
        "byteOffset": 16,
        "dataLength": 16,
        "byteLength": 8,
        "fieldCompression": "computational",
        "indexList": [],
        "parent": "NCS-CUST-NO-STUFF",
        "values": [
          "0"
        ]
      },
      {
        "level": 3,
        "depth": 2,
        "name": "NCS-CUST-NO-VALUE",
        "byteOffset": 24,
        "dataLength": 16,
        "byteLength": 8,
        "fieldCompression": "computational",
        "indexList": [],
        "parent": "NCS-CUST-NO-STUFF",
        "values": [
          "0"
        ]
      },
      {
        "level": 3,
        "depth": 2,
        "name": "NCS-CUST-NO-RESP",
        "byteOffset": 32,
        "dataLength": 2,
        "byteLength": 2,
        "indexList": [],
        "parent": "NCS-CUST-NO-STUFF",
        "values": [
          "00"
        ]
      }
    ]
  },
  {
    "level": 1,
    "depth": 1,
    "name": "WS-DISP-CUST-NO-VAL",
    "byteOffset": 0,
    "dataLength": 18,
    "byteLength": 18,
    "indexList": []
  },
  {
    "level": 1,
    "depth": 1,
    "name": "WS-CUST-REC-LEN",
    "byteOffset": 0,
    "dataLength": 4,
    "byteLength": 2,
    "fieldCompression": "computational",
    "indexList": [],
    "values": [
      "0"
    ]
  },
  {
    "level": 1,
    "depth": 1,
    "name": "NCS-UPDATED",
    "byteOffset": 0,
    "dataLength": 1,
    "byteLength": 1,
    "indexList": [],
    "values": [
      "N"
    ]
  },
  {
    "level": 1,
    "depth": 1,
    "name": "WS-U-TIME",
    "byteOffset": 0,
    "dataLength": 15,
    "byteLength": 8,
    "fieldCompression": "computational-3",
    "indexList": []
  },
  {
    "level": 1,
    "depth": 1,
    "name": "WS-ORIG-DATE",
    "byteOffset": 0,
    "dataLength": 10,
    "byteLength": 10,
    "indexList": []
  },
  {
    "level": 1,
    "depth": 1,
    "name": "WS-ORIG-DATE-GRP",
    "redefines": "WS-ORIG-DATE",
    "byteOffset": 0,
    "dataLength": 10,
    "byteLength": 10,
    "indexList": [],
    "topRoot": "WS-ORIG-DATE",
    "children": [
      {
        "level": 3,
        "depth": 2,
        "name": "WS-ORIG-DATE-DD",
        "byteOffset": 0,
        "dataLength": 2,
        "byteLength": 2,
        "indexList": [],
        "parent": "WS-ORIG-DATE-GRP"
      },
      {
        "level": 3,
        "depth": 2,
        "name": "FILLER%183",
        "byteOffset": 2,
        "dataLength": 1,
        "byteLength": 1,
        "indexList": [],
        "parent": "WS-ORIG-DATE-GRP"
      },
      {
        "level": 3,
        "depth": 2,
        "name": "WS-ORIG-DATE-MM",
        "byteOffset": 3,
        "dataLength": 2,
        "byteLength": 2,
        "indexList": [],
        "parent": "WS-ORIG-DATE-GRP"
      },
      {
        "level": 3,
        "depth": 2,
        "name": "FILLER%185",
        "byteOffset": 5,
        "dataLength": 1,
        "byteLength": 1,
        "indexList": [],
        "parent": "WS-ORIG-DATE-GRP"
      },
      {
        "level": 3,
        "depth": 2,
        "name": "WS-ORIG-DATE-YYYY",
        "byteOffset": 6,
        "dataLength": 4,
        "byteLength": 4,
        "indexList": [],
        "parent": "WS-ORIG-DATE-GRP"
      }
    ]
  },
  {
    "level": 1,
    "depth": 1,
    "name": "WS-ORIG-DATE-GRP-X",
    "byteOffset": 0,
    "dataLength": 10,
    "byteLength": 10,
    "indexList": [],
    "children": [
      {
        "level": 3,
        "depth": 2,
        "name": "WS-ORIG-DATE-DD-X",
        "byteOffset": 0,
        "dataLength": 2,
        "byteLength": 2,
        "indexList": [],
        "parent": "WS-ORIG-DATE-GRP-X"
      },
      {
        "level": 3,
        "depth": 2,
        "name": "FILLER%189",
        "byteOffset": 2,
        "dataLength": 1,
        "byteLength": 1,
        "indexList": [],
        "parent": "WS-ORIG-DATE-GRP-X",
        "values": [
          "."
        ]
      },
      {
        "level": 3,
        "depth": 2,
        "name": "WS-ORIG-DATE-MM-X",
        "byteOffset": 3,
        "dataLength": 2,
        "byteLength": 2,
        "indexList": [],
        "parent": "WS-ORIG-DATE-GRP-X"
      },
      {
        "level": 3,
        "depth": 2,
        "name": "FILLER%191",
        "byteOffset": 5,
        "dataLength": 1,
        "byteLength": 1,
        "indexList": [],
        "parent": "WS-ORIG-DATE-GRP-X",
        "values": [
          "."
        ]
      },
      {
        "level": 3,
        "depth": 2,
        "name": "WS-ORIG-DATE-YYYY-X",
        "byteOffset": 6,
        "dataLength": 4,
        "byteLength": 4,
        "indexList": [],
        "parent": "WS-ORIG-DATE-GRP-X"
      }
    ]
  },
  {
    "level": 1,
    "depth": 1,
    "name": "STORED-SORTCODE",
    "byteOffset": 0,
    "dataLength": 6,
    "byteLength": 6,
    "indexList": [],
    "values": [
      "SPACES"
    ]
  },
  {
    "level": 1,
    "depth": 1,
    "name": "STORED-CUSTNO",
    "byteOffset": 0,
    "dataLength": 10,
    "byteLength": 10,
    "indexList": [],
    "values": [
      "SPACES"
    ]
  },
  {
    "level": 1,
    "depth": 1,
    "name": "STORED-NAME",
    "byteOffset": 0,
    "dataLength": 60,
    "byteLength": 60,
    "indexList": [],
    "values": [
      "SPACES"
    ]
  },
  {
    "level": 1,
    "depth": 1,
    "name": "STORED-DOB",
    "byteOffset": 0,
    "dataLength": 10,
    "byteLength": 10,
    "indexList": [],
    "values": [
      "SPACES"
    ]
  },
  {
    "level": 1,
    "depth": 1,
    "name": "WS-EIBTASKN12",
    "byteOffset": 0,
    "dataLength": 12,
    "byteLength": 12,
    "indexList": [],
    "values": [
      "0"
    ],
    "children": [
      {
        "level": 77,
        "depth": 2,
        "name": "PROCTRAN-RETRY",
        "byteOffset": 0,
        "dataLength": 3,
        "byteLength": 3,
        "indexList": [],
        "parent": "WS-EIBTASKN12"
      }
    ]
  },
  {
    "level": 1,
    "depth": 1,
    "name": "CUSTOMER-KY2",
    "byteOffset": 0,
    "dataLength": 16,
    "byteLength": 16,
    "indexList": [],
    "children": [
      {
        "level": 3,
        "depth": 2,
        "name": "REQUIRED-SORT-CODE2",
        "byteOffset": 0,
        "dataLength": 6,
        "byteLength": 6,
        "indexList": [],
        "parent": "CUSTOMER-KY2",
        "values": [
          "0"
        ]
      },
      {
        "level": 3,
        "depth": 2,
        "name": "REQUIRED-CUST-NUMBER2",
        "byteOffset": 6,
        "dataLength": 10,
        "byteLength": 10,
        "indexList": [],
        "parent": "CUSTOMER-KY2",
        "values": [
          "0"
        ]
      }
    ]
  },
  {
    "level": 1,
    "depth": 1,
    "name": "CUSTOMER-KY2-BYTES",
    "redefines": "CUSTOMER-KY2",
    "byteOffset": 0,
    "dataLength": 16,
    "byteLength": 16,
    "indexList": [],
    "topRoot": "CUSTOMER-KY2"
  },
  {
    "level": 1,
    "depth": 1,
    "name": "HIGHEST-CUST-NUMBER%203",
    "byteOffset": 0,
    "dataLength": 10,
    "byteLength": 10,
    "indexList": [],
    "values": [
      "0"
    ]
  },
  {
    "level": 1,
    "depth": 1,
    "name": "WS-CC-CNT",
    "byteOffset": 0,
    "dataLength": 1,
    "byteLength": 1,
    "indexList": [],
    "values": [
      "0"
    ]
  },
  {
    "level": 1,
    "depth": 1,
    "name": "WS-FINISHED-FETCHING",
    "byteOffset": 0,
    "dataLength": 1,
    "byteLength": 1,
    "indexList": [],
    "values": [
      "N"
    ]
  },
  {
    "level": 1,
    "depth": 1,
    "name": "WS-RETRIEVED-CNT",
    "byteOffset": 0,
    "dataLength": 1,
    "byteLength": 1,
    "indexList": [],
    "values": [
      "0"
    ]
  },
  {
    "level": 1,
    "depth": 1,
    "name": "WS-CHANNEL-NAME",
    "byteOffset": 0,
    "dataLength": 16,
    "byteLength": 16,
    "indexList": [],
    "values": [
      "SPACES"
    ]
  },
  {
    "level": 1,
    "depth": 1,
    "name": "WS-CREDIT-CHECK-ERROR",
    "byteOffset": 0,
    "dataLength": 1,
    "byteLength": 1,
    "indexList": [],
    "values": [
      "N"
    ]
  },
  {
    "level": 1,
    "depth": 1,
    "name": "WS-ACTUAL-CS-SCR",
    "byteOffset": 0,
    "dataLength": 6,
    "byteLength": 6,
    "indexList": [],
    "values": [
      "0"
    ]
  },
  {
    "level": 1,
    "depth": 1,
    "name": "WS-TOTAL-CS-SCR",
    "byteOffset": 0,
    "dataLength": 6,
    "byteLength": 6,
    "indexList": [],
    "values": [
      "0"
    ]
  },
  {
    "level": 1,
    "depth": 1,
    "name": "WS-CHILD-TOKENS",
    "byteOffset": 0,
    "dataLength": 32,
    "byteLength": 32,
    "indexList": [],
    "children": [
      {
        "level": 3,
        "depth": 2,
        "name": "WS-ANY-CHILD-TKN",
        "byteOffset": 0,
        "dataLength": 16,
        "byteLength": 16,
        "indexList": [],
        "parent": "WS-CHILD-TOKENS"
      },
      {
        "level": 3,
        "depth": 2,
        "name": "WS-ANY-CHILD-FETCH-TKN",
        "byteOffset": 16,
        "dataLength": 16,
        "byteLength": 16,
        "indexList": [],
        "parent": "WS-CHILD-TOKENS"
      }
    ]
  },
  {
    "level": 1,
    "depth": 1,
    "name": "WS-ANY-CHILD-FETCH-CHAN",
    "byteOffset": 0,
    "dataLength": 16,
    "byteLength": 16,
    "indexList": []
  },
  {
    "level": 1,
    "depth": 1,
    "name": "WS-ANY-CHILD-FETCH-ABCODE",
    "byteOffset": 0,
    "dataLength": 4,
    "byteLength": 4,
    "indexList": [],
    "values": [
      "SPACES"
    ]
  },
  {
    "level": 1,
    "depth": 1,
    "name": "WS-CHILD-ISSUED-CNT",
    "byteOffset": 0,
    "dataLength": 1,
    "byteLength": 1,
    "indexList": [],
    "values": [
      "0"
    ]
  },
  {
    "level": 1,
    "depth": 1,
    "name": "WS-CHILD-ARRAY",
    "byteOffset": 0,
    "dataLength": 288,
    "byteLength": 288,
    "indexList": [],
    "children": [
      {
        "level": 3,
        "depth": 2,
        "name": "WS-CHILD-DETAILS",
        "byteOffset": 0,
        "dataLength": 288,
        "byteLength": 288,
        "dataLengthSingle": 32,
        "byteLengthSingle": 32,
        "occurs": 9,
        "indexList": [],
        "parent": "WS-CHILD-ARRAY",
        "children": [
          {
            "level": 5,
            "depth": 3,
            "name": "WS-CHILD-CHAN",
            "byteOffset": 0,
            "dataLength": 16,
            "byteLength": 16,
            "indexList": [],
            "parent": "WS-CHILD-DETAILS"
          },
          {
            "level": 5,
            "depth": 3,
            "name": "WS-CHILD-TKN",
            "byteOffset": 16,
            "dataLength": 16,
            "byteLength": 16,
            "indexList": [],
            "parent": "WS-CHILD-DETAILS"
          }
        ]
      }
    ]
  },
  {
    "level": 1,
    "depth": 1,
    "name": "WS-CHILD-RECEIVED-CNT",
    "byteOffset": 0,
    "dataLength": 1,
    "byteLength": 1,
    "indexList": [],
    "values": [
      "0"
    ]
  },
  {
    "level": 1,
    "depth": 1,
    "name": "WS-RECEIVE-CHILD-ARRAY",
    "byteOffset": 0,
    "dataLength": 144,
    "byteLength": 144,
    "indexList": [],
    "children": [
      {
        "level": 3,
        "depth": 2,
        "name": "WS-RECEIVE-CHILD-DTLS",
        "byteOffset": 0,
        "dataLength": 144,
        "byteLength": 144,
        "dataLengthSingle": 16,
        "byteLengthSingle": 16,
        "occurs": 9,
        "indexList": [],
        "parent": "WS-RECEIVE-CHILD-ARRAY",
        "children": [
          {
            "level": 5,
            "depth": 3,
            "name": "WS-RECEIVE-CHILD-CHAN",
            "byteOffset": 0,
            "dataLength": 16,
            "byteLength": 16,
            "indexList": [],
            "parent": "WS-RECEIVE-CHILD-DTLS"
          }
        ]
      }
    ]
  },
  {
    "level": 1,
    "depth": 1,
    "name": "WS-CHILD-FETCH-COMPST",
    "byteOffset": 0,
    "dataLength": 8,
    "byteLength": 4,
    "fieldCompression": "computational",
    "indexList": []
  },
  {
    "level": 1,
    "depth": 1,
    "name": "WS-CHILD-DATA",
    "byteOffset": 0,
    "dataLength": 261,
    "byteLength": 261,
    "indexList": [],
    "children": [
      {
        "level": 3,
        "depth": 2,
        "name": "WS-CHILD-DATA-EYECATCHER",
        "byteOffset": 0,
        "dataLength": 4,
        "byteLength": 4,
        "indexList": [],
        "parent": "WS-CHILD-DATA"
      },
      {
        "level": 3,
        "depth": 2,
        "name": "WS-CHLD-DATA-KEY",
        "byteOffset": 4,
        "dataLength": 16,
        "byteLength": 16,
        "indexList": [],
        "parent": "WS-CHILD-DATA",
        "children": [
          {
            "level": 5,
            "depth": 3,
            "name": "WS-CHILD-DATA-SORTCODE",
            "byteOffset": 4,
            "dataLength": 6,
            "byteLength": 6,
            "indexList": [],
            "parent": "WS-CHLD-DATA-KEY"
          },
          {
            "level": 5,
            "depth": 3,
            "name": "WS-CHILD-DATA-NUMBER",
            "byteOffset": 10,
            "dataLength": 10,
            "byteLength": 10,
            "indexList": [],
            "parent": "WS-CHLD-DATA-KEY"
          }
        ]
      },
      {
        "level": 3,
        "depth": 2,
        "name": "WS-CHILD-DATA-NAME",
        "byteOffset": 20,
        "dataLength": 60,
        "byteLength": 60,
        "indexList": [],
        "parent": "WS-CHILD-DATA"
      },
      {
        "level": 3,
        "depth": 2,
        "name": "WS-CHILD-DATA-ADDRESS",
        "byteOffset": 80,
        "dataLength": 160,
        "byteLength": 160,
        "indexList": [],
        "parent": "WS-CHILD-DATA"
      },
      {
        "level": 3,
        "depth": 2,
        "name": "WS-CHILD-DATA-DATE-OF-BIRTH",
        "byteOffset": 240,
        "dataLength": 8,
        "byteLength": 8,
        "indexList": [],
        "parent": "WS-CHILD-DATA"
      },
      {
        "level": 3,
        "depth": 2,
        "name": "WS-CHILD-DATA-DOB-GROUP",
        "redefines": "WS-CHILD-DATA-DATE-OF-BIRTH",
        "byteOffset": 240,
        "dataLength": 8,
        "byteLength": 8,
        "indexList": [],
        "parent": "WS-CHILD-DATA",
        "topRoot": "WS-CHILD-DATA",
        "children": [
          {
            "level": 5,
            "depth": 3,
            "name": "WS-CHILD-DATA-BIRTH-DAY",
            "byteOffset": 240,
            "dataLength": 2,
            "byteLength": 2,
            "indexList": [],
            "parent": "WS-CHILD-DATA-DOB-GROUP"
          },
          {
            "level": 5,
            "depth": 3,
            "name": "WS-CHILD-DATA-BIRTH-MONTH",
            "byteOffset": 242,
            "dataLength": 2,
            "byteLength": 2,
            "indexList": [],
            "parent": "WS-CHILD-DATA-DOB-GROUP"
          },
          {
            "level": 5,
            "depth": 3,
            "name": "WS-CHILD-DATA-BIRTH-YEAR",
            "byteOffset": 244,
            "dataLength": 4,
            "byteLength": 4,
            "indexList": [],
            "parent": "WS-CHILD-DATA-DOB-GROUP"
          }
        ]
      },
      {
        "level": 3,
        "depth": 2,
        "name": "WS-CHILD-DATA-CREDIT-SCORE",
        "byteOffset": 248,
        "dataLength": 3,
        "byteLength": 3,
        "indexList": [],
        "parent": "WS-CHILD-DATA"
      },
      {
        "level": 3,
        "depth": 2,
        "name": "WS-CHILD-DATA-CS-REVIEW-DATE",
        "byteOffset": 251,
        "dataLength": 8,
        "byteLength": 8,
        "indexList": [],
        "parent": "WS-CHILD-DATA"
      },
      {
        "level": 3,
        "depth": 2,
        "name": "WS-CHILD-DATA-SUCCESS",
        "byteOffset": 259,
        "dataLength": 1,
        "byteLength": 1,
        "indexList": [],
        "parent": "WS-CHILD-DATA"
      },
      {
        "level": 3,
        "depth": 2,
        "name": "WS-CHILD-DATA-FAIL-CODE",
        "byteOffset": 260,
        "dataLength": 1,
        "byteLength": 1,
        "indexList": [],
        "parent": "WS-CHILD-DATA"
      }
    ]
  },
  {
    "level": 1,
    "depth": 1,
    "name": "WS-CONTAINER-NAME",
    "byteOffset": 0,
    "dataLength": 16,
    "byteLength": 16,
    "indexList": [],
    "values": [
      "SPACES"
    ]
  },
  {
    "level": 1,
    "depth": 1,
    "name": "WS-CHILD-CONTAINER-LEN",
    "byteOffset": 0,
    "dataLength": 8,
    "byteLength": 4,
    "fieldCompression": "computational",
    "indexList": [],
    "values": [
      "0"
    ]
  },
  {
    "level": 1,
    "depth": 1,
    "name": "WS-RUN-TRANSID",
    "byteOffset": 0,
    "dataLength": 4,
    "byteLength": 4,
    "indexList": [],
    "values": [
      "SPACES"
    ]
  },
  {
    "level": 1,
    "depth": 1,
    "name": "CICSTSLEVEL",
    "byteOffset": 0,
    "dataLength": 6,
    "byteLength": 6,
    "indexList": [],
    "values": [
      "SPACES"
    ]
  },
  {
    "level": 1,
    "depth": 1,
    "name": "WS-CICSTS-LEVEL-DATA",
    "byteOffset": 0,
    "dataLength": 6,
    "byteLength": 6,
    "indexList": [],
    "children": [
      {
        "level": 3,
        "depth": 2,
        "name": "WS-CICSTSLEVEL",
        "byteOffset": 0,
        "dataLength": 6,
        "byteLength": 6,
        "indexList": [],
        "parent": "WS-CICSTS-LEVEL-DATA"
      },
      {
        "level": 3,
        "depth": 2,
        "name": "WS-CICSTS-LEVEL-NUM-GRP",
        "redefines": "WS-CICSTSLEVEL",
        "byteOffset": 0,
        "dataLength": 6,
        "byteLength": 6,
        "indexList": [],
        "parent": "WS-CICSTS-LEVEL-DATA",
        "topRoot": "WS-CICSTS-LEVEL-DATA",
        "children": [
          {
            "level": 5,
            "depth": 3,
            "name": "WS-CICSTS-LEVEL-NUM-VV",
            "byteOffset": 0,
            "dataLength": 2,
            "byteLength": 2,
            "indexList": [],
            "parent": "WS-CICSTS-LEVEL-NUM-GRP"
          },
          {
            "level": 5,
            "depth": 3,
            "name": "WS-CICSTS-LEVEL-NUM-RR",
            "byteOffset": 2,
            "dataLength": 2,
            "byteLength": 2,
            "indexList": [],
            "parent": "WS-CICSTS-LEVEL-NUM-GRP"
          },
          {
            "level": 5,
            "depth": 3,
            "name": "WS-CICSTS-LEVEL-NUM-MM",
            "byteOffset": 4,
            "dataLength": 2,
            "byteLength": 2,
            "indexList": [],
            "parent": "WS-CICSTS-LEVEL-NUM-GRP"
          }
        ]
      }
    ]
  },
  {
    "level": 1,
    "depth": 1,
    "name": "WS-CURRENT-DATE-DATA",
    "byteOffset": 0,
    "dataLength": 20,
    "byteLength": 20,
    "indexList": [],
    "children": [
      {
        "level": 3,
        "depth": 2,
        "name": "WS-CURRENT-DATE",
        "byteOffset": 0,
        "dataLength": 8,
        "byteLength": 8,
        "indexList": [],
        "parent": "WS-CURRENT-DATE-DATA",
        "children": [
          {
            "level": 5,
            "depth": 3,
            "name": "WS-CURRENT-YYYY",
            "byteOffset": 0,
            "dataLength": 4,
            "byteLength": 4,
            "indexList": [],
            "parent": "WS-CURRENT-DATE"
          },
          {
            "level": 5,
            "depth": 3,
            "name": "WS-CURRENT-MM",
            "byteOffset": 4,
            "dataLength": 2,
            "byteLength": 2,
            "indexList": [],
            "parent": "WS-CURRENT-DATE"
          },
          {
            "level": 5,
            "depth": 3,
            "name": "WS-CURRENT-DD",
            "byteOffset": 6,
            "dataLength": 2,
            "byteLength": 2,
            "indexList": [],
            "parent": "WS-CURRENT-DATE"
          }
        ]
      },
      {
        "level": 3,
        "depth": 2,
        "name": "WS-CURRENT-TIME",
        "byteOffset": 8,
        "dataLength": 8,
        "byteLength": 8,
        "indexList": [],
        "parent": "WS-CURRENT-DATE-DATA",
        "children": [
          {
            "level": 5,
            "depth": 3,
            "name": "WS-CURRENT-HOURS",
            "byteOffset": 8,
            "dataLength": 2,
            "byteLength": 2,
            "indexList": [],
            "parent": "WS-CURRENT-TIME"
          },
          {
            "level": 5,
            "depth": 3,
            "name": "WS-CURRENT-MINS",
            "byteOffset": 10,
            "dataLength": 2,
            "byteLength": 2,
            "indexList": [],
            "parent": "WS-CURRENT-TIME"
          },
          {
            "level": 5,
            "depth": 3,
            "name": "WS-CURRENT-SECS",
            "byteOffset": 12,
            "dataLength": 2,
            "byteLength": 2,
            "indexList": [],
            "parent": "WS-CURRENT-TIME"
          },
          {
            "level": 5,
            "depth": 3,
            "name": "WS-CURRENT-MILLI",
            "byteOffset": 14,
            "dataLength": 2,
            "byteLength": 2,
            "indexList": [],
            "parent": "WS-CURRENT-TIME"
          }
        ]
      },
      {
        "level": 3,
        "depth": 2,
        "name": "WS-DIFFERENCE-FROM-GMT",
        "byteOffset": 16,
        "dataLength": 4,
        "byteLength": 4,
        "indexList": [],
        "parent": "WS-CURRENT-DATE-DATA"
      }
    ]
  },
  {
    "level": 1,
    "depth": 1,
    "name": "WS-CURRENT-DATE-9",
    "byteOffset": 0,
    "dataLength": 8,
    "byteLength": 8,
    "indexList": [],
    "values": [
      "0"
    ]
  },
  {
    "level": 1,
    "depth": 1,
    "name": "WS-TODAY-INT",
    "byteOffset": 0,
    "dataLength": 8,
    "byteLength": 8,
    "indexList": [],
    "values": [
      "0"
    ]
  },
  {
    "level": 1,
    "depth": 1,
    "name": "WS-REVIEW-DATE-ADD",
    "byteOffset": 0,
    "dataLength": 2,
    "byteLength": 2,
    "indexList": [],
    "values": [
      "0"
    ]
  },
  {
    "level": 1,
    "depth": 1,
    "name": "WS-NEW-REVIEW-DATE-INT",
    "byteOffset": 0,
    "dataLength": 8,
    "byteLength": 8,
    "indexList": [],
    "values": [
      "0"
    ]
  },
  {
    "level": 1,
    "depth": 1,
    "name": "WS-NEW-REVIEW-YYYYMMDD",
    "byteOffset": 0,
    "dataLength": 8,
    "byteLength": 8,
    "indexList": [],
    "values": [
      "0"
    ]
  },
  {
    "level": 1,
    "depth": 1,
    "name": "WS-PUT-CONT-NAME",
    "byteOffset": 0,
    "dataLength": 16,
    "byteLength": 16,
    "indexList": [],
    "values": [
      "SPACES"
    ]
  },
  {
    "level": 1,
    "depth": 1,
    "name": "WS-PUT-CONT-LEN",
    "byteOffset": 0,
    "dataLength": 8,
    "byteLength": 4,
    "fieldCompression": "computational",
    "indexList": [],
    "values": [
      "0"
    ]
  },
  {
    "level": 1,
    "depth": 1,
    "name": "WS-SEED",
    "byteOffset": 0,
    "dataLength": 15,
    "byteLength": 8,
    "fieldCompression": "computational",
    "indexList": []
  },
  {
    "level": 1,
    "depth": 1,
    "name": "STORM-DRAIN-CONDITION",
    "byteOffset": 0,
    "dataLength": 20,
    "byteLength": 20,
    "indexList": []
  },
  {
    "level": 1,
    "depth": 1,
    "name": "WS-DATE-OF-BIRTH-ERROR",
    "byteOffset": 0,
    "dataLength": 1,
    "byteLength": 1,
    "indexList": [],
    "values": [
      "N"
    ]
  },
  {
    "level": 1,
    "depth": 1,
    "name": "WS-DATE-OF-BIRTH-LILLIAN",
    "byteOffset": 0,
    "dataLength": 9,
    "byteLength": 9,
    "indexList": []
  },
  {
    "level": 1,
    "depth": 1,
    "name": "DATE-OF-BIRTH-FORMAT",
    "byteOffset": 0,
    "dataLength": 12,
    "byteLength": 12,
    "indexList": [],
    "children": [
      {
        "level": 3,
        "depth": 2,
        "name": "DATE-OF-BIRTH-FORMAT-LENGTH",
        "byteOffset": 0,
        "dataLength": 4,
        "byteLength": 4,
        "indexList": [],
        "parent": "DATE-OF-BIRTH-FORMAT",
        "values": [
          "10"
        ]
      },
      {
        "level": 3,
        "depth": 2,
        "name": "DATE-OF-BIRTH-FORMAT-TEXT",
        "byteOffset": 4,
        "dataLength": 8,
        "byteLength": 8,
        "indexList": [],
        "parent": "DATE-OF-BIRTH-FORMAT",
        "values": [
          "YYYYMMDD"
        ]
      }
    ]
  },
  {
    "level": 1,
    "depth": 1,
    "name": "DATE-OF-BIRTH-FOR-CEEDAYS",
    "byteOffset": 0,
    "dataLength": 12,
    "byteLength": 12,
    "indexList": [],
    "children": [
      {
        "level": 3,
        "depth": 2,
        "name": "DATE-OF-BIRTH-CEEDAYS-LENGTH",
        "byteOffset": 0,
        "dataLength": 4,
        "byteLength": 4,
        "indexList": [],
        "parent": "DATE-OF-BIRTH-FOR-CEEDAYS",
        "values": [
          "10"
        ]
      },
      {
        "level": 3,
        "depth": 2,
        "name": "CEEDAYS-YEAR",
        "byteOffset": 4,
        "dataLength": 4,
        "byteLength": 4,
        "indexList": [],
        "parent": "DATE-OF-BIRTH-FOR-CEEDAYS"
      },
      {
        "level": 3,
        "depth": 2,
        "name": "CEEDAYS-MONTH",
        "byteOffset": 8,
        "dataLength": 2,
        "byteLength": 2,
        "indexList": [],
        "parent": "DATE-OF-BIRTH-FOR-CEEDAYS"
      },
      {
        "level": 3,
        "depth": 2,
        "name": "CEEDAYS-DAY",
        "byteOffset": 10,
        "dataLength": 2,
        "byteLength": 2,
        "indexList": [],
        "parent": "DATE-OF-BIRTH-FOR-CEEDAYS"
      }
    ]
  },
  {
    "level": 1,
    "depth": 1,
    "name": "FC",
    "byteOffset": 0,
    "dataLength": 21,
    "byteLength": 21,
    "indexList": [],
    "children": [
      {
        "level": 2,
        "depth": 2,
        "name": "CONDITION-TOKEN-VALUE",
        "byteOffset": 0,
        "dataLength": 12,
        "byteLength": 12,
        "indexList": [],
        "parent": "FC",
        "children": [
          {
            "level": 3,
            "depth": 3,
            "name": "CASE-1-CONDITION-ID",
            "byteOffset": 0,
            "dataLength": 8,
            "byteLength": 8,
            "indexList": [],
            "parent": "CONDITION-TOKEN-VALUE",
            "children": [
              {
                "level": 4,
                "depth": 4,
                "name": "SEVERITY",
                "byteOffset": 0,
                "dataLength": 4,
                "byteLength": 4,
                "indexList": [],
                "parent": "CASE-1-CONDITION-ID"
              },
              {
                "level": 4,
                "depth": 4,
                "name": "MSG-NO",
                "byteOffset": 4,
                "dataLength": 4,
                "byteLength": 4,
                "indexList": [],
                "parent": "CASE-1-CONDITION-ID"
              }
            ]
          },
          {
            "level": 3,
            "depth": 3,
            "name": "CASE-2-CONDITION-ID",
            "redefines": "CASE-1-CONDITION-ID",
            "byteOffset": 0,
            "dataLength": 8,
            "byteLength": 8,
            "indexList": [],
            "parent": "CONDITION-TOKEN-VALUE",
            "topRoot": "FC",
            "children": [
              {
                "level": 4,
                "depth": 4,
                "name": "CLASS-CODE",
                "byteOffset": 0,
                "dataLength": 4,
                "byteLength": 4,
                "indexList": [],
                "parent": "CASE-2-CONDITION-ID"
              },
              {
                "level": 4,
                "depth": 4,
                "name": "CAUSE-CODE",
                "byteOffset": 4,
                "dataLength": 4,
                "byteLength": 4,
                "indexList": [],
                "parent": "CASE-2-CONDITION-ID"
              }
            ]
          },
          {
            "level": 3,
            "depth": 3,
            "name": "CASE-SEV-CTL",
            "byteOffset": 8,
            "dataLength": 1,
            "byteLength": 1,
            "indexList": [],
            "parent": "CONDITION-TOKEN-VALUE"
          },
          {
            "level": 3,
            "depth": 3,
            "name": "FACILITY-ID",
            "byteOffset": 9,
            "dataLength": 3,
            "byteLength": 3,
            "indexList": [],
            "parent": "CONDITION-TOKEN-VALUE"
          }
        ]
      },
      {
        "level": 2,
        "depth": 2,
        "name": "I-S-INFO",
        "byteOffset": 12,
        "dataLength": 9,
        "byteLength": 9,
        "indexList": [],
        "parent": "FC"
      }
    ]
  },
  {
    "level": 1,
    "depth": 1,
    "name": "WS-TODAY-LILLIAN",
    "byteOffset": 0,
    "dataLength": 9,
    "byteLength": 9,
    "indexList": []
  },
  {
    "level": 1,
    "depth": 1,
    "name": "WS-TODAY-SECONDS",
    "byteOffset": 0,
    "indexList": []
  },
  {
    "level": 1,
    "depth": 1,
    "name": "WS-TODAY-GREGORIAN",
    "byteOffset": 0,
    "dataLength": 17,
    "byteLength": 17,
    "indexList": [],
    "children": [
      {
        "level": 3,
        "depth": 2,
        "name": "WS-TODAY-G-YEAR",
        "byteOffset": 0,
        "dataLength": 4,
        "byteLength": 4,
        "indexList": [],
        "parent": "WS-TODAY-GREGORIAN"
      },
      {
        "level": 3,
        "depth": 2,
        "name": "WS-TODAY-G-MONTH",
        "byteOffset": 4,
        "dataLength": 2,
        "byteLength": 2,
        "indexList": [],
        "parent": "WS-TODAY-GREGORIAN"
      },
      {
        "level": 3,
        "depth": 2,
        "name": "WS-TODAY-G-DAY",
        "byteOffset": 6,
        "dataLength": 2,
        "byteLength": 2,
        "indexList": [],
        "parent": "WS-TODAY-GREGORIAN"
      },
      {
        "level": 3,
        "depth": 2,
        "name": "WS-TODAY-G-HOURS",
        "byteOffset": 8,
        "dataLength": 2,
        "byteLength": 2,
        "indexList": [],
        "parent": "WS-TODAY-GREGORIAN"
      },
      {
        "level": 3,
        "depth": 2,
        "name": "WS-TODAY-G-MINUTES",
        "byteOffset": 10,
        "dataLength": 2,
        "byteLength": 2,
        "indexList": [],
        "parent": "WS-TODAY-GREGORIAN"
      },
      {
        "level": 3,
        "depth": 2,
        "name": "WS-TODAY-G-SECONDS",
        "byteOffset": 12,
        "dataLength": 2,
        "byteLength": 2,
        "indexList": [],
        "parent": "WS-TODAY-GREGORIAN"
      },
      {
        "level": 3,
        "depth": 2,
        "name": "WS-TODAY-G-MILLISECONDS",
        "byteOffset": 14,
        "dataLength": 3,
        "byteLength": 3,
        "indexList": [],
        "parent": "WS-TODAY-GREGORIAN"
      }
    ]
  },
  {
    "level": 1,
    "depth": 1,
    "name": "CHRDATE",
    "byteOffset": 0,
    "dataLength": 260,
    "byteLength": 260,
    "indexList": [],
    "children": [
      {
        "level": 2,
        "depth": 2,
        "name": "VSTRING-LENGTH",
        "byteOffset": 0,
        "dataLength": 4,
        "byteLength": 4,
        "indexList": [],
        "parent": "CHRDATE"
      },
      {
        "level": 2,
        "depth": 2,
        "name": "VSTRING-TEXT",
        "byteOffset": 4,
        "dataLength": 256,
        "byteLength": 256,
        "indexList": [],
        "parent": "CHRDATE",
        "children": [
          {
            "level": 3,
            "depth": 3,
            "name": "VSTRING-CHAR",
            "byteOffset": 4,
            "dataLength": 256,
            "byteLength": 256,
            "dataLengthSingle": 1,
            "byteLengthSingle": 1,
            "occurs": 256,
            "indexList": [],
            "parent": "VSTRING-TEXT"
          }
        ]
      }
    ]
  },
  {
    "level": 1,
    "depth": 1,
    "name": "PICSTR",
    "byteOffset": 0,
    "dataLength": 260,
    "byteLength": 260,
    "indexList": [],
    "children": [
      {
        "level": 2,
        "depth": 2,
        "name": "VSTRING-LENGTH%308",
        "byteOffset": 0,
        "dataLength": 4,
        "byteLength": 4,
        "indexList": [],
        "parent": "PICSTR"
      },
      {
        "level": 2,
        "depth": 2,
        "name": "VSTRING-TEXT%309",
        "byteOffset": 4,
        "dataLength": 256,
        "byteLength": 256,
        "indexList": [],
        "parent": "PICSTR",
        "children": [
          {
            "level": 3,
            "depth": 3,
            "name": "VSTRING-CHAR%310",
            "byteOffset": 4,
            "dataLength": 256,
            "byteLength": 256,
            "dataLengthSingle": 1,
            "byteLengthSingle": 1,
            "occurs": 256,
            "indexList": [],
            "parent": "VSTRING-TEXT%309"
          }
        ]
      }
    ]
  },
  {
    "level": 1,
    "depth": 1,
    "name": "LILIAN",
    "byteOffset": 0,
    "dataLength": 9,
    "byteLength": 9,
    "indexList": []
  },
  {
    "level": 1,
    "depth": 1,
    "name": "WS-CUSTOMER-AGE",
    "byteOffset": 0,
    "dataLength": 4,
    "byteLength": 4,
    "indexList": []
  },
  {
    "level": 1,
    "depth": 1,
    "name": "CUSTOMER-CONTROL",
    "byteOffset": 0,
    "dataLength": 259,
    "byteLength": 259,
    "indexList": [],
    "children": [
      {
        "level": 3,
        "depth": 2,
        "name": "CUSTOMER-CONTROL-RECORD",
        "byteOffset": 0,
        "dataLength": 259,
        "byteLength": 259,
        "indexList": [],
        "parent": "CUSTOMER-CONTROL",
        "children": [
          {
            "level": 5,
            "depth": 3,
            "name": "CUSTOMER-CONTROL-EYECATCHER",
            "byteOffset": 0,
            "dataLength": 4,
            "byteLength": 4,
            "indexList": [],
            "parent": "CUSTOMER-CONTROL-RECORD",
            "children": [
              {
                "level": 88,
                "depth": 4,
                "name": "CUSTOMER-CONTROL-EYECATCHER-V",
                "byteOffset": 0,
                "dataLength": 4,
                "byteLength": 4,
                "indexList": [],
                "parent": "CUSTOMER-CONTROL-EYECATCHER",
                "values": [
                  "CTRL"
                ]
              }
            ]
          },
          {
            "level": 5,
            "depth": 3,
            "name": "CUSTOMER-CONTROL-KEY",
            "byteOffset": 4,
            "dataLength": 16,
            "byteLength": 16,
            "indexList": [],
            "parent": "CUSTOMER-CONTROL-RECORD",
            "children": [
              {
                "level": 7,
                "depth": 4,
                "name": "CUSTOMER-CONTROL-SORTCODE",
                "byteOffset": 4,
                "dataLength": 6,
                "byteLength": 6,
                "indexList": [],
                "parent": "CUSTOMER-CONTROL-KEY"
              },
              {
                "level": 7,
                "depth": 4,
                "name": "CUSTOMER-CONTROL-NUMBER",
                "byteOffset": 10,
                "dataLength": 10,
                "byteLength": 10,
                "indexList": [],
                "parent": "CUSTOMER-CONTROL-KEY"
              }
            ]
          },
          {
            "level": 5,
            "depth": 3,
            "name": "NUMBER-OF-CUSTOMERS",
            "byteOffset": 20,
            "dataLength": 10,
            "byteLength": 10,
            "indexList": [],
            "parent": "CUSTOMER-CONTROL-RECORD"
          },
          {
            "level": 5,
            "depth": 3,
            "name": "LAST-CUSTOMER-NUMBER",
            "byteOffset": 30,
            "dataLength": 10,
            "byteLength": 10,
            "indexList": [],
            "parent": "CUSTOMER-CONTROL-RECORD"
          },
          {
            "level": 5,
            "depth": 3,
            "name": "CUSTOMER-CONTROL-SUCCESS-FLAG",
            "byteOffset": 40,
            "dataLength": 1,
            "byteLength": 1,
            "indexList": [],
            "parent": "CUSTOMER-CONTROL-RECORD",
            "children": [
              {
                "level": 88,
                "depth": 4,
                "name": "CUSTOMER-CONTROL-SUCCESS",
                "byteOffset": 40,
                "dataLength": 1,
                "byteLength": 1,
                "indexList": [],
                "parent": "CUSTOMER-CONTROL-SUCCESS-FLAG",
                "values": [
                  "Y"
                ]
              }
            ]
          },
          {
            "level": 5,
            "depth": 3,
            "name": "CUSTOMER-CONTROL-FAIL-CODE",
            "byteOffset": 41,
            "dataLength": 1,
            "byteLength": 1,
            "indexList": [],
            "parent": "CUSTOMER-CONTROL-RECORD"
          },
          {
            "level": 5,
            "depth": 3,
            "name": "FILLER%325",
            "byteOffset": 42,
            "dataLength": 38,
            "byteLength": 38,
            "indexList": [],
            "parent": "CUSTOMER-CONTROL-RECORD"
          },
          {
            "level": 5,
            "depth": 3,
            "name": "FILLER%326",
            "byteOffset": 80,
            "dataLength": 160,
            "byteLength": 160,
            "indexList": [],
            "parent": "CUSTOMER-CONTROL-RECORD"
          },
          {
            "level": 5,
            "depth": 3,
            "name": "FILLER%327",
            "byteOffset": 240,
            "dataLength": 8,
            "byteLength": 8,
            "indexList": [],
            "parent": "CUSTOMER-CONTROL-RECORD"
          },
          {
            "level": 5,
            "depth": 3,
            "name": "FILLER%328",
            "byteOffset": 248,
            "dataLength": 3,
            "byteLength": 3,
            "indexList": [],
            "parent": "CUSTOMER-CONTROL-RECORD"
          },
          {
            "level": 5,
            "depth": 3,
            "name": "FILLER%329",
            "byteOffset": 251,
            "dataLength": 8,
            "byteLength": 8,
            "indexList": [],
            "parent": "CUSTOMER-CONTROL-RECORD"
          }
        ]
      }
    ]
  },
  {
    "level": 1,
    "depth": 1,
    "name": "DFHCOMMAREA",
    "byteOffset": 0,
    "dataLength": 261,
    "byteLength": 261,
    "indexList": [],
    "children": [
      {
        "level": 3,
        "depth": 2,
        "name": "COMM-EYECATCHER",
        "byteOffset": 0,
        "dataLength": 4,
        "byteLength": 4,
        "indexList": [],
        "parent": "DFHCOMMAREA"
      },
      {
        "level": 3,
        "depth": 2,
        "name": "COMM-KEY",
        "byteOffset": 4,
        "dataLength": 16,
        "byteLength": 16,
        "indexList": [],
        "parent": "DFHCOMMAREA",
        "children": [
          {
            "level": 5,
            "depth": 3,
            "name": "COMM-SORTCODE",
            "byteOffset": 4,
            "dataLength": 6,
            "byteLength": 6,
            "indexList": [],
            "parent": "COMM-KEY"
          },
          {
            "level": 5,
            "depth": 3,
            "name": "COMM-NUMBER",
            "byteOffset": 10,
            "dataLength": 10,
            "byteLength": 10,
            "indexList": [],
            "parent": "COMM-KEY"
          }
        ]
      },
      {
        "level": 3,
        "depth": 2,
        "name": "COMM-NAME",
        "byteOffset": 20,
        "dataLength": 60,
        "byteLength": 60,
        "indexList": [],
        "parent": "DFHCOMMAREA"
      },
      {
        "level": 3,
        "depth": 2,
        "name": "COMM-ADDRESS",
        "byteOffset": 80,
        "dataLength": 160,
        "byteLength": 160,
        "indexList": [],
        "parent": "DFHCOMMAREA"
      },
      {
        "level": 3,
        "depth": 2,
        "name": "COMM-DATE-OF-BIRTH",
        "byteOffset": 240,
        "dataLength": 8,
        "byteLength": 8,
        "indexList": [],
        "parent": "DFHCOMMAREA"
      },
      {
        "level": 3,
        "depth": 2,
        "name": "COMM-DOB-GROUP",
        "redefines": "COMM-DATE-OF-BIRTH",
        "byteOffset": 240,
        "dataLength": 8,
        "byteLength": 8,
        "indexList": [],
        "parent": "DFHCOMMAREA",
        "topRoot": "DFHCOMMAREA",
        "children": [
          {
            "level": 5,
            "depth": 3,
            "name": "COMM-BIRTH-DAY",
            "byteOffset": 240,
            "dataLength": 2,
            "byteLength": 2,
            "indexList": [],
            "parent": "COMM-DOB-GROUP"
          },
          {
            "level": 5,
            "depth": 3,
            "name": "COMM-BIRTH-MONTH",
            "byteOffset": 242,
            "dataLength": 2,
            "byteLength": 2,
            "indexList": [],
            "parent": "COMM-DOB-GROUP"
          },
          {
            "level": 5,
            "depth": 3,
            "name": "COMM-BIRTH-YEAR",
            "byteOffset": 244,
            "dataLength": 4,
            "byteLength": 4,
            "indexList": [],
            "parent": "COMM-DOB-GROUP"
          }
        ]
      },
      {
        "level": 3,
        "depth": 2,
        "name": "COMM-CREDIT-SCORE",
        "byteOffset": 248,
        "dataLength": 3,
        "byteLength": 3,
        "indexList": [],
        "parent": "DFHCOMMAREA"
      },
      {
        "level": 3,
        "depth": 2,
        "name": "COMM-CS-REVIEW-DATE",
        "byteOffset": 251,
        "dataLength": 8,
        "byteLength": 8,
        "indexList": [],
        "parent": "DFHCOMMAREA"
      },
      {
        "level": 3,
        "depth": 2,
        "name": "COMM-CS-REVIEW-DATE-GROUP",
        "redefines": "COMM-CS-REVIEW-DATE",
        "byteOffset": 251,
        "dataLength": 8,
        "byteLength": 8,
        "indexList": [],
        "parent": "DFHCOMMAREA",
        "topRoot": "DFHCOMMAREA",
        "children": [
          {
            "level": 5,
            "depth": 3,
            "name": "COMM-CS-REVIEW-DD",
            "byteOffset": 251,
            "dataLength": 2,
            "byteLength": 2,
            "indexList": [],
            "parent": "COMM-CS-REVIEW-DATE-GROUP"
          },
          {
            "level": 5,
            "depth": 3,
            "name": "COMM-CS-REVIEW-MM",
            "byteOffset": 253,
            "dataLength": 2,
            "byteLength": 2,
            "indexList": [],
            "parent": "COMM-CS-REVIEW-DATE-GROUP"
          },
          {
            "level": 5,
            "depth": 3,
            "name": "COMM-CS-REVIEW-YYYY",
            "byteOffset": 255,
            "dataLength": 4,
            "byteLength": 4,
            "indexList": [],
            "parent": "COMM-CS-REVIEW-DATE-GROUP"
          }
        ]
      },
      {
        "level": 3,
        "depth": 2,
        "name": "COMM-SUCCESS",
        "byteOffset": 259,
        "dataLength": 1,
        "byteLength": 1,
        "indexList": [],
        "parent": "DFHCOMMAREA"
      },
      {
        "level": 3,
        "depth": 2,
        "name": "COMM-FAIL-CODE",
        "byteOffset": 260,
        "dataLength": 1,
        "byteLength": 1,
        "indexList": [],
        "parent": "DFHCOMMAREA"
      }
    ]
  }
]