[
  {
    "level": 77,
    "depth": 1,
    "name": "SORTCODE",
    "byteOffset": 0,
    "dataLength": 6,
    "byteLength": 6,
    "indexList": [],
    "values": [
      "987654"
    ]
  },
  {
    "level": 77,
    "depth": 1,
    "name": "SYSIDERR-RETRY",
    "byteOffset": 0,
    "dataLength": 3,
    "byteLength": 3,
    "indexList": []
  },
  {
    "level": 1,
    "depth": 1,
    "name": "HOST-ACCOUNT-ROW",
    "byteOffset": 0,
    "dataLength": 108,
    "byteLength": 88,
    "indexList": [],
    "children": [
      {
        "level": 3,
        "depth": 2,
        "name": "HV-ACCOUNT-EYECATCHER",
        "byteOffset": 0,
        "dataLength": 4,
        "byteLength": 4,
        "indexList": [],
        "parent": "HOST-ACCOUNT-ROW"
      },
      {
        "level": 3,
        "depth": 2,
        "name": "HV-ACCOUNT-CUST-NO",
        "byteOffset": 4,
        "dataLength": 10,
        "byteLength": 10,
        "indexList": [],
        "parent": "HOST-ACCOUNT-ROW"
      },
      {
        "level": 3,
        "depth": 2,
        "name": "HV-ACCOUNT-KEY",
        "byteOffset": 14,
        "dataLength": 14,
        "byteLength": 14,
        "indexList": [],
        "parent": "HOST-ACCOUNT-ROW",
        "children": [
          {
            "level": 5,
            "depth": 3,
            "name": "HV-ACCOUNT-SORTCODE",
            "byteOffset": 14,
            "dataLength": 6,
            "byteLength": 6,
            "indexList": [],
            "parent": "HV-ACCOUNT-KEY"
          },
          {
            "level": 5,
            "depth": 3,
            "name": "HV-ACCOUNT-ACC-NO",
            "byteOffset": 20,
            "dataLength": 8,
            "byteLength": 8,
            "indexList": [],
            "parent": "HV-ACCOUNT-KEY"
          }
        ]
      },
      {
        "level": 3,
        "depth": 2,
        "name": "HV-ACCOUNT-ACC-TYPE",
        "byteOffset": 28,
        "dataLength": 8,
        "byteLength": 8,
        "indexList": [],
        "parent": "HOST-ACCOUNT-ROW"
      },
      {
        "level": 3,
        "depth": 2,
        "name": "HV-ACCOUNT-INT-RATE",
        "byteOffset": 36,
        "dataLength": 7,
        "byteLength": 4,
        "fieldCompression": "computational-3",
        "indexList": [],
        "parent": "HOST-ACCOUNT-ROW",
        "decimalNumberPortion": 2
      },
      {
        "level": 3,
        "depth": 2,
        "name": "HV-ACCOUNT-OPENED",
        "byteOffset": 40,
        "dataLength": 10,
        "byteLength": 10,
        "indexList": [],
        "parent": "HOST-ACCOUNT-ROW"
      },
      {
        "level": 3,
        "depth": 2,
        "name": "HV-ACCOUNT-OVERDRAFT-LIM",
        "byteOffset": 50,
        "dataLength": 9,
        "byteLength": 4,
        "fieldCompression": "computational",
        "indexList": [],
        "parent": "HOST-ACCOUNT-ROW"
      },
      {
        "level": 3,
        "depth": 2,
        "name": "HV-ACCOUNT-LAST-STMT",
        "byteOffset": 54,
        "dataLength": 10,
        "byteLength": 10,
        "indexList": [],
        "parent": "HOST-ACCOUNT-ROW"
      },
      {
        "level": 3,
        "depth": 2,
        "name": "HV-ACCOUNT-NEXT-STMT",
        "byteOffset": 64,
        "dataLength": 10,
        "byteLength": 10,
        "indexList": [],
        "parent": "HOST-ACCOUNT-ROW"
      },
      {
        "level": 3,
        "depth": 2,
        "name": "HV-ACCOUNT-AVAIL-BAL",
        "byteOffset": 74,
        "dataLength": 13,
        "byteLength": 7,
        "fieldCompression": "computational-3",
        "indexList": [],
        "parent": "HOST-ACCOUNT-ROW",
        "decimalNumberPortion": 2
      },
      {
        "level": 3,
        "depth": 2,
        "name": "HV-ACCOUNT-ACTUAL-BAL",
        "byteOffset": 81,
        "dataLength": 13,
        "byteLength": 7,
        "fieldCompression": "computational-3",
        "indexList": [],
        "parent": "HOST-ACCOUNT-ROW",
        "decimalNumberPortion": 2
      }
    ]
  },
  {
    "level": 1,
    "depth": 1,
    "name": "HOST-PROCTRAN-ROW",
    "byteOffset": 0,
    "dataLength": 102,
    "byteLength": 96,
    "indexList": [],
    "children": [
      {
        "level": 3,
        "depth": 2,
        "name": "HV-PROCTRAN-EYECATCHER",
        "byteOffset": 0,
        "dataLength": 4,
        "byteLength": 4,
        "indexList": [],
        "parent": "HOST-PROCTRAN-ROW"
      },
      {
        "level": 3,
        "depth": 2,
        "name": "HV-PROCTRAN-SORT-CODE",
        "byteOffset": 4,
        "dataLength": 6,
        "byteLength": 6,
        "indexList": [],
        "parent": "HOST-PROCTRAN-ROW"
      },
      {
        "level": 3,
        "depth": 2,
        "name": "HV-PROCTRAN-ACC-NUMBER",
        "byteOffset": 10,
        "dataLength": 8,
        "byteLength": 8,
        "indexList": [],
        "parent": "HOST-PROCTRAN-ROW"
      },
      {
        "level": 3,
        "depth": 2,
        "name": "HV-PROCTRAN-DATE",
        "byteOffset": 18,
        "dataLength": 10,
        "byteLength": 10,
        "indexList": [],
        "parent": "HOST-PROCTRAN-ROW"
      },
      {
        "level": 3,
        "depth": 2,
        "name": "HV-PROCTRAN-TIME",
        "byteOffset": 28,
        "dataLength": 6,
        "byteLength": 6,
        "indexList": [],
        "parent": "HOST-PROCTRAN-ROW"
      },
      {
        "level": 3,
        "depth": 2,
        "name": "HV-PROCTRAN-REF",
        "byteOffset": 34,
        "dataLength": 12,
        "byteLength": 12,
        "indexList": [],
        "parent": "HOST-PROCTRAN-ROW"
      },
      {
        "level": 3,
        "depth": 2,
        "name": "HV-PROCTRAN-TYPE",
        "byteOffset": 46,
        "dataLength": 3,
        "byteLength": 3,
        "indexList": [],
        "parent": "HOST-PROCTRAN-ROW"
      },
      {
        "level": 3,
        "depth": 2,
        "name": "HV-PROCTRAN-DESC",
        "byteOffset": 49,
        "dataLength": 40,
        "byteLength": 40,
        "indexList": [],
        "parent": "HOST-PROCTRAN-ROW"
      },
      {
        "level": 3,
        "depth": 2,
        "name": "HV-PROCTRAN-AMOUNT",
        "byteOffset": 89,
        "dataLength": 13,
        "byteLength": 7,
        "fieldCompression": "computational-3",
        "indexList": [],
        "parent": "HOST-PROCTRAN-ROW",
        "decimalNumberPortion": 2
      }
    ]
  },
  {
    "level": 1,
    "depth": 1,
    "name": "WS-CICS-WORK-AREA",
    "byteOffset": 0,
    "dataLength": 16,
    "byteLength": 8,
    "indexList": [],
    "children": [
      {
        "level": 5,
        "depth": 2,
        "name": "WS-CICS-RESP",
        "byteOffset": 0,
        "dataLength": 8,
        "byteLength": 4,
        "fieldCompression": "computational",
        "indexList": [],
        "parent": "WS-CICS-WORK-AREA"
      },
      {
        "level": 5,
        "depth": 2,
        "name": "WS-CICS-RESP2",
        "byteOffset": 4,
        "dataLength": 8,
        "byteLength": 4,
        "fieldCompression": "computational",
        "indexList": [],
        "parent": "WS-CICS-WORK-AREA"
      }
    ]
  },
  {
    "level": 1,
    "depth": 1,
    "name": "FILE-RETRY",
    "byteOffset": 0,
    "dataLength": 3,
    "byteLength": 3,
    "indexList": []
  },
  {
    "level": 1,
    "depth": 1,
    "name": "WS-EXIT-RETRY-LOOP",
    "byteOffset": 0,
    "dataLength": 1,
    "byteLength": 1,
    "indexList": [],
    "values": [
      " "
    ]
  },
  {
    "level": 1,
    "depth": 1,
    "name": "DB2-DATE-REFORMAT",
    "byteOffset": 0,
    "dataLength": 10,
    "byteLength": 10,
    "indexList": [],
    "children": [
      {
        "level": 3,
        "depth": 2,
        "name": "DB2-DATE-REF-YR",
        "byteOffset": 0,
        "dataLength": 4,
        "byteLength": 4,
        "indexList": [],
        "parent": "DB2-DATE-REFORMAT"
      },
      {
        "level": 3,
        "depth": 2,
        "name": "FILLER",
        "byteOffset": 4,
        "dataLength": 1,
        "byteLength": 1,
        "indexList": [],
        "parent": "DB2-DATE-REFORMAT"
      },
      {
        "level": 3,
        "depth": 2,
        "name": "DB2-DATE-REF-MNTH",
        "byteOffset": 5,
        "dataLength": 2,
        "byteLength": 2,
        "indexList": [],
        "parent": "DB2-DATE-REFORMAT"
      },
      {
        "level": 3,
        "depth": 2,
        "name": "FILLER%35",
        "byteOffset": 7,
        "dataLength": 1,
        "byteLength": 1,
        "indexList": [],
        "parent": "DB2-DATE-REFORMAT"
      },
      {
        "level": 3,
        "depth": 2,
        "name": "DB2-DATE-REF-DAY",
        "byteOffset": 8,
        "dataLength": 2,
        "byteLength": 2,
        "indexList": [],
        "parent": "DB2-DATE-REFORMAT"
      }
    ]
  },
  {
    "level": 1,
    "depth": 1,
    "name": "DATA-STORE-TYPE",
    "byteOffset": 0,
    "dataLength": 1,
    "byteLength": 1,
    "indexList": [],
    "children": [
      {
        "level": 88,
        "depth": 2,
        "name": "DATASTORE-TYPE-DLI",
        "byteOffset": 0,
        "dataLength": 1,
        "byteLength": 1,
        "indexList": [],
        "parent": "DATA-STORE-TYPE",
        "values": [
          "1"
        ]
      },
      {
        "level": 88,
        "depth": 2,
        "name": "DATASTORE-TYPE-DB2",
        "byteOffset": 0,
        "dataLength": 1,
        "byteLength": 1,
        "indexList": [],
        "parent": "DATA-STORE-TYPE",
        "values": [
          "2"
        ]
      },
      {
        "level": 88,
        "depth": 2,
        "name": "DATASTORE-TYPE-VSAM",
        "byteOffset": 0,
        "dataLength": 1,
        "byteLength": 1,
        "indexList": [],
        "parent": "DATA-STORE-TYPE",
        "values": [
          "V"
        ]
      }
    ]
  },
  {
    "level": 1,
    "depth": 1,
    "name": "WS-ACC-DATA",
    "byteOffset": 0,
    "dataLength": 101,
    "byteLength": 101,
    "indexList": [],
    "children": [
      {
        "level": 3,
        "depth": 2,
        "name": "ACCOUNT-DATA",
        "byteOffset": 0,
        "dataLength": 101,
        "byteLength": 101,
        "indexList": [],
        "parent": "WS-ACC-DATA",
        "children": [
          {
            "level": 5,
            "depth": 3,
            "name": "ACCOUNT-EYE-CATCHER",
            "byteOffset": 0,
            "dataLength": 4,
            "byteLength": 4,
            "indexList": [],
            "parent": "ACCOUNT-DATA",
            "children": [
              {
                "level": 88,
                "depth": 4,
                "name": "ACCOUNT-EYECATCHER-VALUE",
                "byteOffset": 0,
                "dataLength": 4,
                "byteLength": 4,
                "indexList": [],
                "parent": "ACCOUNT-EYE-CATCHER",
                "values": [
                  "ACCT"
                ]
              }
            ]
          },
          {
            "level": 5,
            "depth": 3,
            "name": "ACCOUNT-CUST-NO",
            "byteOffset": 4,
            "dataLength": 10,
            "byteLength": 10,
            "indexList": [],
            "parent": "ACCOUNT-DATA"
          },
          {
            "level": 5,
            "depth": 3,
            "name": "ACCOUNT-KEY",
            "byteOffset": 14,
            "dataLength": 14,
            "byteLength": 14,
            "indexList": [],
            "parent": "ACCOUNT-DATA",
            "children": [
              {
                "level": 7,
                "depth": 4,
                "name": "ACCOUNT-SORT-CODE",
                "byteOffset": 14,
                "dataLength": 6,
                "byteLength": 6,
                "indexList": [],
                "parent": "ACCOUNT-KEY"
              },
              {
                "level": 7,
                "depth": 4,
                "name": "ACCOUNT-NUMBER",
                "byteOffset": 20,
                "dataLength": 8,
                "byteLength": 8,
                "indexList": [],
                "parent": "ACCOUNT-KEY"
              }
            ]
          },
          {
            "level": 5,
            "depth": 3,
            "name": "ACCOUNT-TYPE",
            "byteOffset": 28,
            "dataLength": 8,
            "byteLength": 8,
            "indexList": [],
            "parent": "ACCOUNT-DATA"
          },
          {
            "level": 5,
            "depth": 3,
            "name": "ACCOUNT-INTEREST-RATE",
            "byteOffset": 36,
            "dataLength": 7,
            "byteLength": 7,
            "indexList": [],
            "parent": "ACCOUNT-DATA",
            "decimalNumberPortion": 2
          },
          {
            "level": 5,
            "depth": 3,
            "name": "ACCOUNT-OPENED",
            "byteOffset": 43,
            "dataLength": 8,
            "byteLength": 8,
            "indexList": [],
            "parent": "ACCOUNT-DATA"
          },
          {
            "level": 5,
            "depth": 3,
            "name": "ACCOUNT-OPENED-GROUP",
            "redefines": "ACCOUNT-OPENED",
            "byteOffset": 43,
            "dataLength": 8,
            "byteLength": 8,
            "indexList": [],
            "parent": "ACCOUNT-DATA",
            "topRoot": "WS-ACC-DATA",
            "children": [
              {
                "level": 7,
                "depth": 4,
                "name": "ACCOUNT-OPENED-DAY",
                "byteOffset": 43,
                "dataLength": 2,
                "byteLength": 2,
                "indexList": [],
                "parent": "ACCOUNT-OPENED-GROUP"
              },
              {
                "level": 7,
                "depth": 4,
                "name": "ACCOUNT-OPENED-MONTH",
                "byteOffset": 45,
                "dataLength": 2,
                "byteLength": 2,
                "indexList": [],
                "parent": "ACCOUNT-OPENED-GROUP"
              },
              {
                "level": 7,
                "depth": 4,
                "name": "ACCOUNT-OPENED-YEAR",
                "byteOffset": 47,
                "dataLength": 4,
                "byteLength": 4,
                "indexList": [],
                "parent": "ACCOUNT-OPENED-GROUP"
              }
            ]
          },
          {
            "level": 5,
            "depth": 3,
            "name": "ACCOUNT-OVERDRAFT-LIMIT",
            "byteOffset": 51,
            "dataLength": 8,
            "byteLength": 8,
            "indexList": [],
            "parent": "ACCOUNT-DATA"
          },
          {
            "level": 5,
            "depth": 3,
            "name": "ACCOUNT-LAST-STMT-DATE",
            "byteOffset": 59,
            "dataLength": 8,
            "byteLength": 8,
            "indexList": [],
            "parent": "ACCOUNT-DATA"
          },
          {
            "level": 5,
            "depth": 3,
            "name": "ACCOUNT-LAST-STMT-GROUP",
            "redefines": "ACCOUNT-LAST-STMT-DATE",
            "byteOffset": 59,
            "dataLength": 8,
            "byteLength": 8,
            "indexList": [],
            "parent": "ACCOUNT-DATA",
            "topRoot": "WS-ACC-DATA",
            "children": [
              {
                "level": 7,
                "depth": 4,
                "name": "ACCOUNT-LAST-STMT-DAY",
                "byteOffset": 59,
                "dataLength": 2,
                "byteLength": 2,
                "indexList": [],
                "parent": "ACCOUNT-LAST-STMT-GROUP"
              },
              {
                "level": 7,
                "depth": 4,
                "name": "ACCOUNT-LAST-STMT-MONTH",
                "byteOffset": 61,
                "dataLength": 2,
                "byteLength": 2,
                "indexList": [],
                "parent": "ACCOUNT-LAST-STMT-GROUP"
              },
              {
                "level": 7,
                "depth": 4,
                "name": "ACCOUNT-LAST-STMT-YEAR",
                "byteOffset": 63,
                "dataLength": 4,
                "byteLength": 4,
                "indexList": [],
                "parent": "ACCOUNT-LAST-STMT-GROUP"
              }
            ]
          },
          {
            "level": 5,
            "depth": 3,
            "name": "ACCOUNT-NEXT-STMT-DATE",
            "byteOffset": 67,
            "dataLength": 8,
            "byteLength": 8,
            "indexList": [],
            "parent": "ACCOUNT-DATA"
          },
          {
            "level": 5,
            "depth": 3,
            "name": "ACCOUNT-NEXT-STMT-GROUP",
            "redefines": "ACCOUNT-NEXT-STMT-DATE",
            "byteOffset": 67,
            "dataLength": 8,
            "byteLength": 8,
            "indexList": [],
            "parent": "ACCOUNT-DATA",
            "topRoot": "WS-ACC-DATA",
            "children": [
              {
                "level": 7,
                "depth": 4,
                "name": "ACCOUNT-NEXT-STMT-DAY",
                "byteOffset": 67,
                "dataLength": 2,
                "byteLength": 2,
                "indexList": [],
                "parent": "ACCOUNT-NEXT-STMT-GROUP"
              },
              {
                "level": 7,
                "depth": 4,
                "name": "ACCOUNT-NEXT-STMT-MONTH",
                "byteOffset": 69,
                "dataLength": 2,
                "byteLength": 2,
                "indexList": [],
                "parent": "ACCOUNT-NEXT-STMT-GROUP"
              },
              {
                "level": 7,
                "depth": 4,
                "name": "ACCOUNT-NEXT-STMT-YEAR",
                "byteOffset": 71,
                "dataLength": 4,
                "byteLength": 4,
                "indexList": [],
                "parent": "ACCOUNT-NEXT-STMT-GROUP"
              }
            ]
          },
          {
            "level": 5,
            "depth": 3,
            "name": "ACCOUNT-AVAILABLE-BALANCE",
            "byteOffset": 75,
            "dataLength": 13,
            "byteLength": 13,
            "indexList": [],
            "parent": "ACCOUNT-DATA",
            "decimalNumberPortion": 2
          },
          {
            "level": 5,
            "depth": 3,
            "name": "ACCOUNT-ACTUAL-BALANCE",
            "byteOffset": 88,
            "dataLength": 13,
            "byteLength": 13,
            "indexList": [],
            "parent": "ACCOUNT-DATA",
            "decimalNumberPortion": 2
          }
        ]
      }
    ]
  },
  {
    "level": 1,
    "depth": 1,
    "name": "WS-EIBTASKN12",
    "byteOffset": 0,
    "dataLength": 12,
    "byteLength": 12,
    "indexList": [],
    "values": [
      "0"
    ]
  },
  {
    "level": 1,
    "depth": 1,
    "name": "WS-SQLCODE-DISP",
    "byteOffset": 0,
    "dataLength": 9,
    "byteLength": 9,
    "indexList": [],
    "values": [
      "0"
    ]
  },
  {
    "level": 1,
    "depth": 1,
    "name": "DESIRED-ACC-KEY",
    "byteOffset": 0,
    "dataLength": 14,
    "byteLength": 14,
    "indexList": [],
    "children": [
      {
        "level": 3,
        "depth": 2,
        "name": "DESIRED-SORT-CODE",
        "byteOffset": 0,
        "dataLength": 6,
        "byteLength": 6,
        "indexList": [],
        "parent": "DESIRED-ACC-KEY"
      },
      {
        "level": 3,
        "depth": 2,
        "name": "DESIRED-ACC-NO",
        "byteOffset": 6,
        "dataLength": 8,
        "byteLength": 8,
        "indexList": [],
        "parent": "DESIRED-ACC-KEY"
      }
    ]
  },
  {
    "level": 1,
    "depth": 1,
    "name": "NEW-ACCOUNT-AVAILABLE-BALANCE",
    "byteOffset": 0,
    "dataLength": 13,
    "byteLength": 13,
    "indexList": [],
    "values": [
      "0"
    ],
    "decimalNumberPortion": 2
  },
  {
    "level": 1,
    "depth": 1,
    "name": "NEW-ACCOUNT-ACTUAL-BALANCE",
    "byteOffset": 0,
    "dataLength": 13,
    "byteLength": 13,
    "indexList": [],
    "values": [
      "0"
    ],
    "decimalNumberPortion": 2
  },
  {
    "level": 1,
    "depth": 1,
    "name": "WS-ACC-REC-LEN",
    "byteOffset": 0,
    "dataLength": 4,
    "byteLength": 2,
    "fieldCompression": "computational",
    "indexList": [],
    "values": [
      "0"
    ]
  },
  {
    "level": 1,
    "depth": 1,
    "name": "WS-U-TIME",
    "byteOffset": 0,
    "dataLength": 15,
    "byteLength": 8,
    "fieldCompression": "computational-3",
    "indexList": []
  },
  {
    "level": 1,
    "depth": 1,
    "name": "WS-ORIG-DATE",
    "byteOffset": 0,
    "dataLength": 10,
    "byteLength": 10,
    "indexList": []
  },
  {
    "level": 1,
    "depth": 1,
    "name": "WS-ORIG-DATE-GRP",
    "redefines": "WS-ORIG-DATE",
    "byteOffset": 0,
    "dataLength": 10,
    "byteLength": 10,
    "indexList": [],
    "topRoot": "WS-ORIG-DATE",
    "children": [
      {
        "level": 3,
        "depth": 2,
        "name": "WS-ORIG-DATE-DD",
        "byteOffset": 0,
        "dataLength": 2,
        "byteLength": 2,
        "indexList": [],
        "parent": "WS-ORIG-DATE-GRP"
      },
      {
        "level": 3,
        "depth": 2,
        "name": "FILLER%81",
        "byteOffset": 2,
        "dataLength": 1,
        "byteLength": 1,
        "indexList": [],
        "parent": "WS-ORIG-DATE-GRP"
      },
      {
        "level": 3,
        "depth": 2,
        "name": "WS-ORIG-DATE-MM",
        "byteOffset": 3,
        "dataLength": 2,
        "byteLength": 2,
        "indexList": [],
        "parent": "WS-ORIG-DATE-GRP"
      },
      {
        "level": 3,
        "depth": 2,
        "name": "FILLER%83",
        "byteOffset": 5,
        "dataLength": 1,
        "byteLength": 1,
        "indexList": [],
        "parent": "WS-ORIG-DATE-GRP"
      },
      {
        "level": 3,
        "depth": 2,
        "name": "WS-ORIG-DATE-YYYY",
        "byteOffset": 6,
        "dataLength": 4,
        "byteLength": 4,
        "indexList": [],
        "parent": "WS-ORIG-DATE-GRP"
      }
    ]
  },
  {
    "level": 1,
    "depth": 1,
    "name": "WS-ORIG-DATE-GRP-X",
    "byteOffset": 0,
    "dataLength": 10,
    "byteLength": 10,
    "indexList": [],
    "children": [
      {
        "level": 3,
        "depth": 2,
        "name": "WS-ORIG-DATE-DD-X",
        "byteOffset": 0,
        "dataLength": 2,
        "byteLength": 2,
        "indexList": [],
        "parent": "WS-ORIG-DATE-GRP-X"
      },
      {
        "level": 3,
        "depth": 2,
        "name": "FILLER%87",
        "byteOffset": 2,
        "dataLength": 1,
        "byteLength": 1,
        "indexList": [],
        "parent": "WS-ORIG-DATE-GRP-X",
        "values": [
          "."
        ]
      },
      {
        "level": 3,
        "depth": 2,
        "name": "WS-ORIG-DATE-MM-X",
        "byteOffset": 3,
        "dataLength": 2,
        "byteLength": 2,
        "indexList": [],
        "parent": "WS-ORIG-DATE-GRP-X"
      },
      {
        "level": 3,
        "depth": 2,
        "name": "FILLER%89",
        "byteOffset": 5,
        "dataLength": 1,
        "byteLength": 1,
        "indexList": [],
        "parent": "WS-ORIG-DATE-GRP-X",
        "values": [
          "."
        ]
      },
      {
        "level": 3,
        "depth": 2,
        "name": "WS-ORIG-DATE-YYYY-X",
        "byteOffset": 6,
        "dataLength": 4,
        "byteLength": 4,
        "indexList": [],
        "parent": "WS-ORIG-DATE-GRP-X"
      }
    ]
  },
  {
    "level": 1,
    "depth": 1,
    "name": "PROCTRAN-AREA",
    "byteOffset": 0,
    "dataLength": 100,
    "byteLength": 100,
    "indexList": [],
    "children": [
      {
        "level": 3,
        "depth": 2,
        "name": "PROC-TRAN-DATA",
        "byteOffset": 0,
        "dataLength": 100,
        "byteLength": 100,
        "indexList": [],
        "parent": "PROCTRAN-AREA",
        "children": [
          {
            "level": 5,
            "depth": 3,
            "name": "PROC-TRAN-EYE-CATCHER",
            "byteOffset": 0,
            "dataLength": 4,
            "byteLength": 4,
            "indexList": [],
            "parent": "PROC-TRAN-DATA",
            "children": [
              {
                "level": 88,
                "depth": 4,
                "name": "PROC-TRAN-VALID",
                "byteOffset": 0,
                "dataLength": 4,
                "byteLength": 4,
                "indexList": [],
                "parent": "PROC-TRAN-EYE-CATCHER",
                "values": [
                  "PRTR"
                ]
              }
            ]
          },
          {
            "level": 5,
            "depth": 3,
            "name": "PROC-TRAN-LOGICAL-DELETE-AREA",
            "redefines": "PROC-TRAN-EYE-CATCHER",
            "byteOffset": 0,
            "dataLength": 4,
            "byteLength": 4,
            "indexList": [],
            "parent": "PROC-TRAN-DATA",
            "topRoot": "PROCTRAN-AREA",
            "children": [
              {
                "level": 7,
                "depth": 4,
                "name": "PROC-TRAN-LOGICAL-DELETE-FLAG",
                "byteOffset": 0,
                "dataLength": 1,
                "byteLength": 1,
                "indexList": [],
                "parent": "PROC-TRAN-LOGICAL-DELETE-AREA",
                "children": [
                  {
                    "level": 88,
                    "depth": 5,
                    "name": "PROC-TRAN-LOGICALLY-DELETED",
                    "byteOffset": 0,
                    "dataLength": 1,
                    "byteLength": 1,
                    "indexList": [],
                    "parent": "PROC-TRAN-LOGICAL-DELETE-FLAG",
                    "values": [
                      "X\u0027FF\u0027"
                    ]
                  }
                ]
              },
              {
                "level": 7,
                "depth": 4,
                "name": "FILLER%98",
                "byteOffset": 1,
                "dataLength": 3,
                "byteLength": 3,
                "indexList": [],
                "parent": "PROC-TRAN-LOGICAL-DELETE-AREA"
              }
            ]
          },
          {
            "level": 5,
            "depth": 3,
            "name": "PROC-TRAN-ID",
            "byteOffset": 4,
            "dataLength": 14,
            "byteLength": 14,
            "indexList": [],
            "parent": "PROC-TRAN-DATA",
            "children": [
              {
                "level": 7,
                "depth": 4,
                "name": "PROC-TRAN-SORT-CODE",
                "byteOffset": 4,
                "dataLength": 6,
                "byteLength": 6,
                "indexList": [],
                "parent": "PROC-TRAN-ID"
              },
              {
                "level": 7,
                "depth": 4,
                "name": "PROC-TRAN-NUMBER",
                "byteOffset": 10,
                "dataLength": 8,
                "byteLength": 8,
                "indexList": [],
                "parent": "PROC-TRAN-ID"
              }
            ]
          },
          {
            "level": 5,
            "depth": 3,
            "name": "PROC-TRAN-DATE",
            "byteOffset": 18,
            "dataLength": 8,
            "byteLength": 8,
            "indexList": [],
            "parent": "PROC-TRAN-DATA"
          },
          {
            "level": 5,
            "depth": 3,
            "name": "PROC-TRAN-DATE-GRP",
            "redefines": "PROC-TRAN-DATE",
            "byteOffset": 18,
            "dataLength": 8,
            "byteLength": 8,
            "indexList": [],
            "parent": "PROC-TRAN-DATA",
            "topRoot": "PROCTRAN-AREA",
            "children": [
              {
                "level": 7,
                "depth": 4,
                "name": "PROC-TRAN-DATE-GRP-YYYY",
                "byteOffset": 18,
                "dataLength": 4,
                "byteLength": 4,
                "indexList": [],
                "parent": "PROC-TRAN-DATE-GRP"
              },
              {
                "level": 7,
                "depth": 4,
                "name": "PROC-TRAN-DATE-GRP-MM",
                "byteOffset": 22,
                "dataLength": 2,
                "byteLength": 2,
                "indexList": [],
                "parent": "PROC-TRAN-DATE-GRP"
              },
              {
                "level": 7,
                "depth": 4,
                "name": "PROC-TRAN-DATE-GRP-DD",
                "byteOffset": 24,
                "dataLength": 2,
                "byteLength": 2,
                "indexList": [],
                "parent": "PROC-TRAN-DATE-GRP"
              }
            ]
          },
          {
            "level": 5,
            "depth": 3,
            "name": "PROC-TRAN-TIME",
            "byteOffset": 26,
            "dataLength": 6,
            "byteLength": 6,
            "indexList": [],
            "parent": "PROC-TRAN-DATA"
          },
          {
            "level": 5,
            "depth": 3,
            "name": "PROC-TRAN-TIME-GRP",
            "redefines": "PROC-TRAN-TIME",
            "byteOffset": 26,
            "dataLength": 6,
            "byteLength": 6,
            "indexList": [],
            "parent": "PROC-TRAN-DATA",
            "topRoot": "PROCTRAN-AREA",
            "children": [
              {
                "level": 7,
                "depth": 4,
                "name": "PROC-TRAN-TIME-GRP-HH",
                "byteOffset": 26,
                "dataLength": 2,
                "byteLength": 2,
                "indexList": [],
                "parent": "PROC-TRAN-TIME-GRP"
              },
              {
                "level": 7,
                "depth": 4,
                "name": "PROC-TRAN-TIME-GRP-MM",
                "byteOffset": 28,
                "dataLength": 2,
                "byteLength": 2,
                "indexList": [],
                "parent": "PROC-TRAN-TIME-GRP"
              },
              {
                "level": 7,
                "depth": 4,
                "name": "PROC-TRAN-TIME-GRP-SS",
                "byteOffset": 30,
                "dataLength": 2,
                "byteLength": 2,
                "indexList": [],
                "parent": "PROC-TRAN-TIME-GRP"
              }
            ]
          },
          {
            "level": 5,
            "depth": 3,
            "name": "PROC-TRAN-REF",
            "byteOffset": 32,
            "dataLength": 12,
            "byteLength": 12,
            "indexList": [],
            "parent": "PROC-TRAN-DATA"
          },
          {
            "level": 5,
            "depth": 3,
            "name": "PROC-TRAN-TYPE",
            "byteOffset": 44,
            "dataLength": 3,
            "byteLength": 3,
            "indexList": [],
            "parent": "PROC-TRAN-DATA",
            "children": [
              {
                "level": 88,
                "depth": 4,
                "name": "PROC-TY-CHEQUE-ACKNOWLEDGED",
                "byteOffset": 44,
                "dataLength": 3,
                "byteLength": 3,
                "indexList": [],
                "parent": "PROC-TRAN-TYPE",
                "values": [
                  "CHA"
                ]
              },
              {
                "level": 88,
                "depth": 4,
                "name": "PROC-TY-CHEQUE-FAILURE",
                "byteOffset": 44,
                "dataLength": 3,
                "byteLength": 3,
                "indexList": [],
                "parent": "PROC-TRAN-TYPE",
                "values": [
                  "CHF"
                ]
              },
              {
                "level": 88,
                "depth": 4,
                "name": "PROC-TY-CHEQUE-PAID-IN",
                "byteOffset": 44,
                "dataLength": 3,
                "byteLength": 3,
                "indexList": [],
                "parent": "PROC-TRAN-TYPE",
                "values": [
                  "CHI"
                ]
              },
              {
                "level": 88,
                "depth": 4,
                "name": "PROC-TY-CHEQUE-PAID-OUT",
                "byteOffset": 44,
                "dataLength": 3,
                "byteLength": 3,
                "indexList": [],
                "parent": "PROC-TRAN-TYPE",
                "values": [
                  "CHO"
                ]
              },
              {
                "level": 88,
                "depth": 4,
                "name": "PROC-TY-CREDIT",
                "byteOffset": 44,
                "dataLength": 3,
                "byteLength": 3,
                "indexList": [],
                "parent": "PROC-TRAN-TYPE",
                "values": [
                  "CRE"
                ]
              },
              {
                "level": 88,
                "depth": 4,
                "name": "PROC-TY-DEBIT",
                "byteOffset": 44,
                "dataLength": 3,
                "byteLength": 3,
                "indexList": [],
                "parent": "PROC-TRAN-TYPE",
                "values": [
                  "DEB"
                ]
              },
              {
                "level": 88,
                "depth": 4,
                "name": "PROC-TY-WEB-CREATE-ACCOUNT",
                "byteOffset": 44,
                "dataLength": 3,
                "byteLength": 3,
                "indexList": [],
                "parent": "PROC-TRAN-TYPE",
                "values": [
                  "ICA"
                ]
              },
              {
                "level": 88,
                "depth": 4,
                "name": "PROC-TY-WEB-CREATE-CUSTOMER",
                "byteOffset": 44,
                "dataLength": 3,
                "byteLength": 3,
                "indexList": [],
                "parent": "PROC-TRAN-TYPE",
                "values": [
                  "ICC"
                ]
              },
              {
                "level": 88,
                "depth": 4,
                "name": "PROC-TY-WEB-DELETE-ACCOUNT",
                "byteOffset": 44,
                "dataLength": 3,
                "byteLength": 3,
                "indexList": [],
                "parent": "PROC-TRAN-TYPE",
                "values": [
                  "IDA"
                ]
              },
              {
                "level": 88,
                "depth": 4,
                "name": "PROC-TY-WEB-DELETE-CUSTOMER",
                "byteOffset": 44,
                "dataLength": 3,
                "byteLength": 3,
                "indexList": [],
                "parent": "PROC-TRAN-TYPE",
                "values": [
                  "IDC"
                ]
              },
              {
                "level": 88,
                "depth": 4,
                "name": "PROC-TY-BRANCH-CREATE-ACCOUNT",
                "byteOffset": 44,
                "dataLength": 3,
                "byteLength": 3,
                "indexList": [],
                "parent": "PROC-TRAN-TYPE",
                "values": [
                  "OCA"
                ]
              },
              {
                "level": 88,
                "depth": 4,
                "name": "PROC-TY-BRANCH-CREATE-CUSTOMER",
                "byteOffset": 44,
                "dataLength": 3,
                "byteLength": 3,
                "indexList": [],
                "parent": "PROC-TRAN-TYPE",
                "values": [
                  "OCC"
                ]
              },
              {
                "level": 88,
                "depth": 4,
                "name": "PROC-TY-BRANCH-DELETE-ACCOUNT",
                "byteOffset": 44,
                "dataLength": 3,
                "byteLength": 3,
                "indexList": [],
                "parent": "PROC-TRAN-TYPE",
                "values": [
                  "ODA"
                ]
              },
              {
                "level": 88,
                "depth": 4,
                "name": "PROC-TY-BRANCH-DELETE-CUSTOMER",
                "byteOffset": 44,
                "dataLength": 3,
                "byteLength": 3,
                "indexList": [],
                "parent": "PROC-TRAN-TYPE",
                "values": [
                  "ODC"
                ]
              },
              {
                "level": 88,
                "depth": 4,
                "name": "PROC-TY-CREATE-SODD",
                "byteOffset": 44,
                "dataLength": 3,
                "byteLength": 3,
                "indexList": [],
                "parent": "PROC-TRAN-TYPE",
                "values": [
                  "OCS"
                ]
              },
              {
                "level": 88,
                "depth": 4,
                "name": "PROC-TY-PAYMENT-CREDIT",
                "byteOffset": 44,
                "dataLength": 3,
                "byteLength": 3,
                "indexList": [],
                "parent": "PROC-TRAN-TYPE",
                "values": [
                  "PCR"
                ]
              },
              {
                "level": 88,
                "depth": 4,
                "name": "PROC-TY-PAYMENT-DEBIT",
                "byteOffset": 44,
                "dataLength": 3,
                "byteLength": 3,
                "indexList": [],
                "parent": "PROC-TRAN-TYPE",
                "values": [
                  "PDR"
                ]
              },
              {
                "level": 88,
                "depth": 4,
                "name": "PROC-TY-TRANSFER",
                "byteOffset": 44,
                "dataLength": 3,
                "byteLength": 3,
                "indexList": [],
                "parent": "PROC-TRAN-TYPE",
                "values": [
                  "TFR"
                ]
              }
            ]
          },
          {
            "level": 5,
            "depth": 3,
            "name": "PROC-TRAN-DESC",
            "byteOffset": 47,
            "dataLength": 40,
            "byteLength": 40,
            "indexList": [],
            "parent": "PROC-TRAN-DATA"
          },
          {
            "level": 5,
            "depth": 3,
            "name": "PROC-TRAN-DESC-XFR",
            "redefines": "PROC-TRAN-DESC",
            "byteOffset": 47,
            "dataLength": 40,
            "byteLength": 40,
            "indexList": [],
            "parent": "PROC-TRAN-DATA",
            "topRoot": "PROCTRAN-AREA",
            "children": [
              {
                "level": 7,
                "depth": 4,
                "name": "PROC-TRAN-DESC-XFR-HEADER",
                "byteOffset": 47,
                "dataLength": 26,
                "byteLength": 26,
                "indexList": [],
                "parent": "PROC-TRAN-DESC-XFR",
                "children": [
                  {
                    "level": 88,
                    "depth": 5,
                    "name": "PROC-TRAN-DESC-XFR-FLAG",
                    "byteOffset": 47,
                    "dataLength": 26,
                    "byteLength": 26,
                    "indexList": [],
                    "parent": "PROC-TRAN-DESC-XFR-HEADER",
                    "values": [
                      "TRANSFER"
                    ]
                  }
                ]
              },
              {
                "level": 7,
                "depth": 4,
                "name": "PROC-TRAN-DESC-XFR-SORTCODE",
                "byteOffset": 73,
                "dataLength": 6,
                "byteLength": 6,
                "indexList": [],
                "parent": "PROC-TRAN-DESC-XFR"
              },
              {
                "level": 7,
                "depth": 4,
                "name": "PROC-TRAN-DESC-XFR-ACCOUNT",
                "byteOffset": 79,
                "dataLength": 8,
                "byteLength": 8,
                "indexList": [],
                "parent": "PROC-TRAN-DESC-XFR"
              }
            ]
          },
          {
            "level": 5,
            "depth": 3,
            "name": "PROC-TRAN-DESC-DELACC",
            "redefines": "PROC-TRAN-DESC",
            "byteOffset": 47,
            "dataLength": 40,
            "byteLength": 40,
            "indexList": [],
            "parent": "PROC-TRAN-DATA",
            "topRoot": "PROCTRAN-AREA",
            "children": [
              {
                "level": 7,
                "depth": 4,
                "name": "PROC-DESC-DELACC-CUSTOMER",
                "byteOffset": 47,
                "dataLength": 10,
                "byteLength": 10,
                "indexList": [],
                "parent": "PROC-TRAN-DESC-DELACC"
              },
              {
                "level": 7,
                "depth": 4,
                "name": "PROC-DESC-DELACC-ACCTYPE",
                "byteOffset": 57,
                "dataLength": 8,
                "byteLength": 8,
                "indexList": [],
                "parent": "PROC-TRAN-DESC-DELACC"
              },
              {
                "level": 7,
                "depth": 4,
                "name": "PROC-DESC-DELACC-LAST-DD",
                "byteOffset": 65,
                "dataLength": 2,
                "byteLength": 2,
                "indexList": [],
                "parent": "PROC-TRAN-DESC-DELACC"
              },
              {
                "level": 7,
                "depth": 4,
                "name": "PROC-DESC-DELACC-LAST-MM",
                "byteOffset": 67,
                "dataLength": 2,
                "byteLength": 2,
                "indexList": [],
                "parent": "PROC-TRAN-DESC-DELACC"
              },
              {
                "level": 7,
                "depth": 4,
                "name": "PROC-DESC-DELACC-LAST-YYYY",
                "byteOffset": 69,
                "dataLength": 4,
                "byteLength": 4,
                "indexList": [],
                "parent": "PROC-TRAN-DESC-DELACC"
              },
              {
                "level": 7,
                "depth": 4,
                "name": "PROC-DESC-DELACC-NEXT-DD",
                "byteOffset": 73,
                "dataLength": 2,
                "byteLength": 2,
                "indexList": [],
                "parent": "PROC-TRAN-DESC-DELACC"
              },
              {
                "level": 7,
                "depth": 4,
                "name": "PROC-DESC-DELACC-NEXT-MM",
                "byteOffset": 75,
                "dataLength": 2,
                "byteLength": 2,
                "indexList": [],
                "parent": "PROC-TRAN-DESC-DELACC"
              },
              {
                "level": 7,
                "depth": 4,
                "name": "PROC-DESC-DELACC-NEXT-YYYY",
                "byteOffset": 77,
                "dataLength": 4,
                "byteLength": 4,
                "indexList": [],
                "parent": "PROC-TRAN-DESC-DELACC"
              },
              {
                "level": 7,
                "depth": 4,
                "name": "PROC-DESC-DELACC-FOOTER",
                "byteOffset": 81,
                "dataLength": 6,
                "byteLength": 6,
                "indexList": [],
                "parent": "PROC-TRAN-DESC-DELACC",
                "children": [
                  {
                    "level": 88,
                    "depth": 5,
                    "name": "PROC-DESC-DELACC-FLAG",
                    "byteOffset": 81,
                    "dataLength": 6,
                    "byteLength": 6,
                    "indexList": [],
                    "parent": "PROC-DESC-DELACC-FOOTER",
                    "values": [
                      "DELETE"
                    ]
                  }
                ]
              }
            ]
          },
          {
            "level": 5,
            "depth": 3,
            "name": "PROC-TRAN-DESC-CREACC",
            "redefines": "PROC-TRAN-DESC",
            "byteOffset": 47,
            "dataLength": 40,
            "byteLength": 40,
            "indexList": [],
            "parent": "PROC-TRAN-DATA",
            "topRoot": "PROCTRAN-AREA",
            "children": [
              {
                "level": 7,
                "depth": 4,
                "name": "PROC-DESC-CREACC-CUSTOMER",
                "byteOffset": 47,
                "dataLength": 10,
                "byteLength": 10,
                "indexList": [],
                "parent": "PROC-TRAN-DESC-CREACC"
              },
              {
                "level": 7,
                "depth": 4,
                "name": "PROC-DESC-CREACC-ACCTYPE",
                "byteOffset": 57,
                "dataLength": 8,
                "byteLength": 8,
                "indexList": [],
                "parent": "PROC-TRAN-DESC-CREACC"
              },
              {
                "level": 7,
                "depth": 4,
                "name": "PROC-DESC-CREACC-LAST-DD",
                "byteOffset": 65,
                "dataLength": 2,
                "byteLength": 2,
                "indexList": [],
                "parent": "PROC-TRAN-DESC-CREACC"
              },
              {
                "level": 7,
                "depth": 4,
                "name": "PROC-DESC-CREACC-LAST-MM",
                "byteOffset": 67,
                "dataLength": 2,
                "byteLength": 2,
                "indexList": [],
                "parent": "PROC-TRAN-DESC-CREACC"
              },
              {
                "level": 7,
                "depth": 4,
                "name": "PROC-DESC-CREACC-LAST-YYYY",
                "byteOffset": 69,
                "dataLength": 4,
                "byteLength": 4,
                "indexList": [],
                "parent": "PROC-TRAN-DESC-CREACC"
              },
              {
                "level": 7,
                "depth": 4,
                "name": "PROC-DESC-CREACC-NEXT-DD",
                "byteOffset": 73,
                "dataLength": 2,
                "byteLength": 2,
                "indexList": [],
                "parent": "PROC-TRAN-DESC-CREACC"
              },
              {
                "level": 7,
                "depth": 4,
                "name": "PROC-DESC-CREACC-NEXT-MM",
                "byteOffset": 75,
                "dataLength": 2,
                "byteLength": 2,
                "indexList": [],
                "parent": "PROC-TRAN-DESC-CREACC"
              },
              {
                "level": 7,
                "depth": 4,
                "name": "PROC-DESC-CREACC-NEXT-YYYY",
                "byteOffset": 77,
                "dataLength": 4,
                "byteLength": 4,
                "indexList": [],
                "parent": "PROC-TRAN-DESC-CREACC"
              },
              {
                "level": 7,
                "depth": 4,
                "name": "PROC-DESC-CREACC-FOOTER",
                "byteOffset": 81,
                "dataLength": 6,
                "byteLength": 6,
                "indexList": [],
                "parent": "PROC-TRAN-DESC-CREACC",
                "children": [
                  {
                    "level": 88,
                    "depth": 5,
                    "name": "PROC-DESC-CREACC-FLAG",
                    "byteOffset": 81,
                    "dataLength": 6,
                    "byteLength": 6,
                    "indexList": [],
                    "parent": "PROC-DESC-CREACC-FOOTER",
                    "values": [
                      "CREATE"
                    ]
                  }
                ]
              }
            ]
          },
          {
            "level": 5,
            "depth": 3,
            "name": "PROC-TRAN-DESC-DELCUS",
            "redefines": "PROC-TRAN-DESC",
            "byteOffset": 47,
            "dataLength": 40,
            "byteLength": 40,
            "indexList": [],
            "parent": "PROC-TRAN-DATA",
            "topRoot": "PROCTRAN-AREA",
            "children": [
              {
                "level": 7,
                "depth": 4,
                "name": "PROC-DESC-DELCUS-SORTCODE",
                "byteOffset": 47,
                "dataLength": 6,
                "byteLength": 6,
                "indexList": [],
                "parent": "PROC-TRAN-DESC-DELCUS"
              },
              {
                "level": 7,
                "depth": 4,
                "name": "PROC-DESC-DELCUS-CUSTOMER",
                "byteOffset": 53,
                "dataLength": 10,
                "byteLength": 10,
                "indexList": [],
                "parent": "PROC-TRAN-DESC-DELCUS"
              },
              {
                "level": 7,
                "depth": 4,
                "name": "PROC-DESC-DELCUS-NAME",
                "byteOffset": 63,
                "dataLength": 14,
                "byteLength": 14,
                "indexList": [],
                "parent": "PROC-TRAN-DESC-DELCUS"
              },
              {
                "level": 7,
                "depth": 4,
                "name": "PROC-DESC-DELCUS-DOB-YYYY",
                "byteOffset": 77,
                "dataLength": 4,
                "byteLength": 4,
                "indexList": [],
                "parent": "PROC-TRAN-DESC-DELCUS"
              },
              {
                "level": 7,
                "depth": 4,
                "name": "PROC-DESC-DELCUS-FILLER",
                "byteOffset": 81,
                "dataLength": 1,
                "byteLength": 1,
                "indexList": [],
                "parent": "PROC-TRAN-DESC-DELCUS",
                "children": [
                  {
                    "level": 88,
                    "depth": 5,
                    "name": "PROC-DESC-DELCUS-FILLER-SET",
                    "byteOffset": 81,
                    "dataLength": 1,
                    "byteLength": 1,
                    "indexList": [],
                    "parent": "PROC-DESC-DELCUS-FILLER",
                    "values": [
                      "-"
                    ]
                  }
                ]
              },
              {
                "level": 7,
                "depth": 4,
                "name": "PROC-DESC-DELCUS-DOB-MM",
                "byteOffset": 82,
                "dataLength": 2,
                "byteLength": 2,
                "indexList": [],
                "parent": "PROC-TRAN-DESC-DELCUS"
              },
              {
                "level": 7,
                "depth": 4,
                "name": "PROC-DESC-DELCUS-FILLER2",
                "byteOffset": 84,
                "dataLength": 1,
                "byteLength": 1,
                "indexList": [],
                "parent": "PROC-TRAN-DESC-DELCUS",
                "children": [
                  {
                    "level": 88,
                    "depth": 5,
                    "name": "PROC-DESC-DELCUS-FILLER2-SET",
                    "byteOffset": 84,
                    "dataLength": 1,
                    "byteLength": 1,
                    "indexList": [],
                    "parent": "PROC-DESC-DELCUS-FILLER2",
                    "values": [
                      "-"
                    ]
                  }
                ]
              },
              {
                "level": 7,
                "depth": 4,
                "name": "PROC-DESC-DELCUS-DOB-DD",
                "byteOffset": 85,
                "dataLength": 2,
                "byteLength": 2,
                "indexList": [],
                "parent": "PROC-TRAN-DESC-DELCUS"
              }
            ]
          },
          {
            "level": 5,
            "depth": 3,
            "name": "PROC-TRAN-DESC-CRECUS",
            "redefines": "PROC-TRAN-DESC",
            "byteOffset": 47,
            "dataLength": 40,
            "byteLength": 40,
            "indexList": [],
            "parent": "PROC-TRAN-DATA",
            "topRoot": "PROCTRAN-AREA",
            "children": [
              {
                "level": 7,
                "depth": 4,
                "name": "PROC-DESC-CRECUS-SORTCODE",
                "byteOffset": 47,
                "dataLength": 6,
                "byteLength": 6,
                "indexList": [],
                "parent": "PROC-TRAN-DESC-CRECUS"
              },
              {
                "level": 7,
                "depth": 4,
                "name": "PROC-DESC-CRECUS-CUSTOMER",
                "byteOffset": 53,
                "dataLength": 10,
                "byteLength": 10,
                "indexList": [],
                "parent": "PROC-TRAN-DESC-CRECUS"
              },
              {
                "level": 7,
                "depth": 4,
                "name": "PROC-DESC-CRECUS-NAME",
                "byteOffset": 63,
                "dataLength": 14,
                "byteLength": 14,
                "indexList": [],
                "parent": "PROC-TRAN-DESC-CRECUS"
              },
              {
                "level": 7,
                "depth": 4,
                "name": "PROC-DESC-CRECUS-DOB-YYYY",
                "byteOffset": 77,
                "dataLength": 4,
                "byteLength": 4,
                "indexList": [],
                "parent": "PROC-TRAN-DESC-CRECUS"
              },
              {
                "level": 7,
                "depth": 4,
                "name": "PROC-DESC-CRECUS-FILLER",
                "byteOffset": 81,
                "dataLength": 1,
                "byteLength": 1,
                "indexList": [],
                "parent": "PROC-TRAN-DESC-CRECUS",
                "children": [
                  {
                    "level": 88,
                    "depth": 5,
                    "name": "PROC-DESC-CRECUS-FILLER-SET",
                    "byteOffset": 81,
                    "dataLength": 1,
                    "byteLength": 1,
                    "indexList": [],
                    "parent": "PROC-DESC-CRECUS-FILLER",
                    "values": [
                      "-"
                    ]
                  }
                ]
              },
              {
                "level": 7,
                "depth": 4,
                "name": "PROC-DESC-CRECUS-DOB-MM",
                "byteOffset": 82,
                "dataLength": 2,
                "byteLength": 2,
                "indexList": [],
                "parent": "PROC-TRAN-DESC-CRECUS"
              },
              {
                "level": 7,
                "depth": 4,
                "name": "PROC-DESC-CRECUS-FILLER2",
                "byteOffset": 84,
                "dataLength": 1,
                "byteLength": 1,
                "indexList": [],
                "parent": "PROC-TRAN-DESC-CRECUS",
                "children": [
                  {
                    "level": 88,
                    "depth": 5,
                    "name": "PROC-DESC-CRECUS-FILLER2-SET",
                    "byteOffset": 84,
                    "dataLength": 1,
                    "byteLength": 1,
                    "indexList": [],
                    "parent": "PROC-DESC-CRECUS-FILLER2",
                    "values": [
                      "-"
                    ]
                  }
                ]
              },
              {
                "level": 7,
                "depth": 4,
                "name": "PROC-DESC-CRECUS-DOB-DD",
                "byteOffset": 85,
                "dataLength": 2,
                "byteLength": 2,
                "indexList": [],
                "parent": "PROC-TRAN-DESC-CRECUS"
              }
            ]
          },
          {
            "level": 5,
            "depth": 3,
            "name": "PROC-TRAN-AMOUNT",
            "byteOffset": 87,
            "dataLength": 13,
            "byteLength": 13,
            "indexList": [],
            "parent": "PROC-TRAN-DATA",
            "decimalNumberPortion": 2
          }
        ]
      }
    ]
  },
  {
    "level": 1,
    "depth": 1,
    "name": "WS-PASSED-DATA",
    "byteOffset": 0,
    "dataLength": 13,
    "byteLength": 13,
    "indexList": [],
    "children": [
      {
        "level": 2,
        "depth": 2,
        "name": "WS-TEST-KEY",
        "byteOffset": 0,
        "dataLength": 4,
        "byteLength": 4,
        "indexList": [],
        "parent": "WS-PASSED-DATA"
      },
      {
        "level": 2,
        "depth": 2,
        "name": "WS-SORT-CODE",
        "byteOffset": 4,
        "dataLength": 6,
        "byteLength": 6,
        "indexList": [],
        "parent": "WS-PASSED-DATA"
      },
      {
        "level": 2,
        "depth": 2,
        "name": "WS-CUSTOMER-RANGE",
        "byteOffset": 10,
        "dataLength": 3,
        "byteLength": 3,
        "indexList": [],
        "parent": "WS-PASSED-DATA",
        "children": [
          {
            "level": 7,
            "depth": 3,
            "name": "WS-CUSTOMER-RANGE-TOP",
            "byteOffset": 10,
            "dataLength": 1,
            "byteLength": 1,
            "indexList": [],
            "parent": "WS-CUSTOMER-RANGE"
          },
          {
            "level": 7,
            "depth": 3,
            "name": "WS-CUSTOMER-RANGE-MIDDLE",
            "byteOffset": 11,
            "dataLength": 1,
            "byteLength": 1,
            "indexList": [],
            "parent": "WS-CUSTOMER-RANGE"
          },
          {
            "level": 7,
            "depth": 3,
            "name": "WS-CUSTOMER-RANGE-BOTTOM",
            "byteOffset": 12,
            "dataLength": 1,
            "byteLength": 1,
            "indexList": [],
            "parent": "WS-CUSTOMER-RANGE"
          }
        ]
      }
    ]
  },
  {
    "level": 1,
    "depth": 1,
    "name": "PROCTRAN-RIDFLD",
    "byteOffset": 0,
    "dataLength": 8,
    "byteLength": 4,
    "fieldCompression": "computational",
    "indexList": []
  },
  {
    "level": 1,
    "depth": 1,
    "name": "SQLCODE-DISPLAY",
    "byteOffset": 0,
    "dataLength": 8,
    "byteLength": 8,
    "indexList": []
  },
  {
    "level": 1,
    "depth": 1,
    "name": "MY-ABEND-CODE",
    "byteOffset": 0,
    "dataLength": 4,
    "byteLength": 4,
    "indexList": []
  },
  {
    "level": 1,
    "depth": 1,
    "name": "WS-STORM-DRAIN",
    "byteOffset": 0,
    "dataLength": 1,
    "byteLength": 1,
    "indexList": [],
    "values": [
      "N"
    ]
  },
  {
    "level": 1,
    "depth": 1,
    "name": "STORM-DRAIN-CONDITION",
    "byteOffset": 0,
    "dataLength": 20,
    "byteLength": 20,
    "indexList": []
  },
  {
    "level": 1,
    "depth": 1,
    "name": "NUMERIC-AMOUNT-DISPLAY",
    "byteOffset": 0,
    "dataLength": 11,
    "byteLength": 11,
    "indexList": []
  },
  {
    "level": 1,
    "depth": 1,
    "name": "WS-TIME-DATA",
    "byteOffset": 0,
    "dataLength": 6,
    "byteLength": 6,
    "indexList": [],
    "children": [
      {
        "level": 3,
        "depth": 2,
        "name": "WS-TIME-NOW",
        "byteOffset": 0,
        "dataLength": 6,
        "byteLength": 6,
        "indexList": [],
        "parent": "WS-TIME-DATA"
      },
      {
        "level": 3,
        "depth": 2,
        "name": "WS-TIME-NOW-GRP",
        "redefines": "WS-TIME-NOW",
        "byteOffset": 0,
        "dataLength": 6,
        "byteLength": 6,
        "indexList": [],
        "parent": "WS-TIME-DATA",
        "topRoot": "WS-TIME-DATA",
        "children": [
          {
            "level": 5,
            "depth": 3,
            "name": "WS-TIME-NOW-GRP-HH",
            "byteOffset": 0,
            "dataLength": 2,
            "byteLength": 2,
            "indexList": [],
            "parent": "WS-TIME-NOW-GRP"
          },
          {
            "level": 5,
            "depth": 3,
            "name": "WS-TIME-NOW-GRP-MM",
            "byteOffset": 2,
            "dataLength": 2,
            "byteLength": 2,
            "indexList": [],
            "parent": "WS-TIME-NOW-GRP"
          },
          {
            "level": 5,
            "depth": 3,
            "name": "WS-TIME-NOW-GRP-SS",
            "byteOffset": 4,
            "dataLength": 2,
            "byteLength": 2,
            "indexList": [],
            "parent": "WS-TIME-NOW-GRP"
          }
        ]
      }
    ]
  },
  {
    "level": 1,
    "depth": 1,
    "name": "WS-ABEND-PGM",
    "byteOffset": 0,
    "dataLength": 8,
    "byteLength": 8,
    "indexList": [],
    "values": [
      "ABNDPROC"
    ]
  },
  {
    "level": 1,
    "depth": 1,
    "name": "ABNDINFO-REC",
    "byteOffset": 0,
    "dataLength": 685,
    "byteLength": 678,
    "indexList": [],
    "children": [
      {
        "level": 3,
        "depth": 2,
        "name": "ABND-VSAM-KEY",
        "byteOffset": 0,
        "dataLength": 19,
        "byteLength": 12,
        "indexList": [],
        "parent": "ABNDINFO-REC",
        "children": [
          {
            "level": 5,
            "depth": 3,
            "name": "ABND-UTIME-KEY",
            "byteOffset": 0,
            "dataLength": 15,
            "byteLength": 8,
            "fieldCompression": "computational-3",
            "indexList": [],
            "parent": "ABND-VSAM-KEY"
          },
          {
            "level": 5,
            "depth": 3,
            "name": "ABND-TASKNO-KEY",
            "byteOffset": 8,
            "dataLength": 4,
            "byteLength": 4,
            "indexList": [],
            "parent": "ABND-VSAM-KEY"
          }
        ]
      },
      {
        "level": 3,
        "depth": 2,
        "name": "ABND-APPLID",
        "byteOffset": 12,
        "dataLength": 8,
        "byteLength": 8,
        "indexList": [],
        "parent": "ABNDINFO-REC"
      },
      {
        "level": 3,
        "depth": 2,
        "name": "ABND-TRANID",
        "byteOffset": 20,
        "dataLength": 4,
        "byteLength": 4,
        "indexList": [],
        "parent": "ABNDINFO-REC"
      },
      {
        "level": 3,
        "depth": 2,
        "name": "ABND-DATE",
        "byteOffset": 24,
        "dataLength": 10,
        "byteLength": 10,
        "indexList": [],
        "parent": "ABNDINFO-REC"
      },
      {
        "level": 3,
        "depth": 2,
        "name": "ABND-TIME",
        "byteOffset": 34,
        "dataLength": 8,
        "byteLength": 8,
        "indexList": [],
        "parent": "ABNDINFO-REC"
      },
      {
        "level": 3,
        "depth": 2,
        "name": "ABND-CODE",
        "byteOffset": 42,
        "dataLength": 4,
        "byteLength": 4,
        "indexList": [],
        "parent": "ABNDINFO-REC"
      },
      {
        "level": 3,
        "depth": 2,
        "name": "ABND-PROGRAM",
        "byteOffset": 46,
        "dataLength": 8,
        "byteLength": 8,
        "indexList": [],
        "parent": "ABNDINFO-REC"
      },
      {
        "level": 3,
        "depth": 2,
        "name": "ABND-RESPCODE",
        "byteOffset": 54,
        "dataLength": 8,
        "byteLength": 8,
        "indexList": [],
        "parent": "ABNDINFO-REC"
      },
      {
        "level": 3,
        "depth": 2,
        "name": "ABND-RESP2CODE",
        "byteOffset": 62,
        "dataLength": 8,
        "byteLength": 8,
        "indexList": [],
        "parent": "ABNDINFO-REC"
      },
      {
        "level": 3,
        "depth": 2,
        "name": "ABND-SQLCODE",
        "byteOffset": 70,
        "dataLength": 8,
        "byteLength": 8,
        "indexList": [],
        "parent": "ABNDINFO-REC"
      },
      {
        "level": 3,
        "depth": 2,
        "name": "ABND-FREEFORM",
        "byteOffset": 78,
        "dataLength": 600,
        "byteLength": 600,
        "indexList": [],
        "parent": "ABNDINFO-REC"
      }
    ]
  },
  {
    "level": 1,
    "depth": 1,
    "name": "WS-SUFFICIENT-FUNDS",
    "byteOffset": 0,
    "dataLength": 1,
    "byteLength": 1,
    "indexList": [],
    "values": [
      "N"
    ]
  },
  {
    "level": 1,
    "depth": 1,
    "name": "WS-DIFFERENCE",
    "byteOffset": 0,
    "dataLength": 13,
    "byteLength": 13,
    "indexList": [],
    "decimalNumberPortion": 2
  },
  {
    "level": 1,
    "depth": 1,
    "name": "DFHCOMMAREA",
    "byteOffset": 0,
    "dataLength": 99,
    "byteLength": 95,
    "indexList": [],
    "children": [
      {
        "level": 3,
        "depth": 2,
        "name": "COMM-ACCNO",
        "byteOffset": 0,
        "dataLength": 8,
        "byteLength": 8,
        "indexList": [],
        "parent": "DFHCOMMAREA"
      },
      {
        "level": 3,
        "depth": 2,
        "name": "COMM-AMT",
        "byteOffset": 8,
        "dataLength": 13,
        "byteLength": 13,
        "indexList": [],
        "parent": "DFHCOMMAREA",
        "decimalNumberPortion": 2
      },
      {
        "level": 3,
        "depth": 2,
        "name": "COMM-SORTC",
        "byteOffset": 21,
        "dataLength": 6,
        "byteLength": 6,
        "indexList": [],
        "parent": "DFHCOMMAREA"
      },
      {
        "level": 3,
        "depth": 2,
        "name": "COMM-AV-BAL",
        "byteOffset": 27,
        "dataLength": 13,
        "byteLength": 13,
        "indexList": [],
        "parent": "DFHCOMMAREA",
        "decimalNumberPortion": 2
      },
      {
        "level": 3,
        "depth": 2,
        "name": "COMM-ACT-BAL",
        "byteOffset": 40,
        "dataLength": 13,
        "byteLength": 13,
        "indexList": [],
        "parent": "DFHCOMMAREA",
        "decimalNumberPortion": 2
      },
      {
        "level": 3,
        "depth": 2,
        "name": "COMM-ORIGIN",
        "byteOffset": 53,
        "dataLength": 44,
        "byteLength": 40,
        "indexList": [],
        "parent": "DFHCOMMAREA",
        "children": [
          {
            "level": 5,
            "depth": 3,
            "name": "COMM-APPLID",
            "byteOffset": 53,
            "dataLength": 8,
            "byteLength": 8,
            "indexList": [],
            "parent": "COMM-ORIGIN"
          },
          {
            "level": 5,
            "depth": 3,
            "name": "COMM-USERID",
            "byteOffset": 61,
            "dataLength": 8,
            "byteLength": 8,
            "indexList": [],
            "parent": "COMM-ORIGIN"
          },
          {
            "level": 5,
            "depth": 3,
            "name": "COMM-FACILITY-NAME",
            "byteOffset": 69,
            "dataLength": 8,
            "byteLength": 8,
            "indexList": [],
            "parent": "COMM-ORIGIN"
          },
          {
            "level": 5,
            "depth": 3,
            "name": "COMM-NETWRK-ID",
            "byteOffset": 77,
            "dataLength": 8,
            "byteLength": 8,
            "indexList": [],
            "parent": "COMM-ORIGIN"
          },
          {
            "level": 5,
            "depth": 3,
            "name": "COMM-FACILTYPE",
            "byteOffset": 85,
            "dataLength": 8,
            "byteLength": 4,
            "fieldCompression": "computational",
            "indexList": [],
            "parent": "COMM-ORIGIN"
          },
          {
            "level": 5,
            "depth": 3,
            "name": "FILLER%231",
            "byteOffset": 89,
            "dataLength": 4,
            "byteLength": 4,
            "indexList": [],
            "parent": "COMM-ORIGIN"
          }
        ]
      },
      {
        "level": 3,
        "depth": 2,
        "name": "COMM-SUCCESS",
        "byteOffset": 93,
        "dataLength": 1,
        "byteLength": 1,
        "indexList": [],
        "parent": "DFHCOMMAREA"
      },
      {
        "level": 3,
        "depth": 2,
        "name": "COMM-FAIL-CODE",
        "byteOffset": 94,
        "dataLength": 1,
        "byteLength": 1,
        "indexList": [],
        "parent": "DFHCOMMAREA"
      }
    ]
  }
]