[
  {
    "level": 77,
    "depth": 1,
    "name": "SORTCODE",
    "byteOffset": 0,
    "dataLength": 6,
    "byteLength": 6,
    "indexList": [],
    "values": [
      "987654"
    ]
  },
  {
    "level": 1,
    "depth": 1,
    "name": "SYSIDERR-RETRY",
    "byteOffset": 0,
    "dataLength": 3,
    "byteLength": 3,
    "indexList": []
  },
  {
    "level": 1,
    "depth": 1,
    "name": "FILE-RETRY",
    "byteOffset": 0,
    "dataLength": 3,
    "byteLength": 3,
    "indexList": []
  },
  {
    "level": 1,
    "depth": 1,
    "name": "WS-EXIT-RETRY-LOOP",
    "byteOffset": 0,
    "dataLength": 1,
    "byteLength": 1,
    "indexList": [],
    "values": [
      " "
    ]
  },
  {
    "level": 1,
    "depth": 1,
    "name": "HOST-PROCTRAN-ROW",
    "byteOffset": 0,
    "dataLength": 102,
    "byteLength": 96,
    "indexList": [],
    "children": [
      {
        "level": 3,
        "depth": 2,
        "name": "HV-PROCTRAN-EYECATCHER",
        "byteOffset": 0,
        "dataLength": 4,
        "byteLength": 4,
        "indexList": [],
        "parent": "HOST-PROCTRAN-ROW"
      },
      {
        "level": 3,
        "depth": 2,
        "name": "HV-PROCTRAN-SORT-CODE",
        "byteOffset": 4,
        "dataLength": 6,
        "byteLength": 6,
        "indexList": [],
        "parent": "HOST-PROCTRAN-ROW"
      },
      {
        "level": 3,
        "depth": 2,
        "name": "HV-PROCTRAN-ACC-NUMBER",
        "byteOffset": 10,
        "dataLength": 8,
        "byteLength": 8,
        "indexList": [],
        "parent": "HOST-PROCTRAN-ROW"
      },
      {
        "level": 3,
        "depth": 2,
        "name": "HV-PROCTRAN-DATE",
        "byteOffset": 18,
        "dataLength": 10,
        "byteLength": 10,
        "indexList": [],
        "parent": "HOST-PROCTRAN-ROW"
      },
      {
        "level": 3,
        "depth": 2,
        "name": "HV-PROCTRAN-TIME",
        "byteOffset": 28,
        "dataLength": 6,
        "byteLength": 6,
        "indexList": [],
        "parent": "HOST-PROCTRAN-ROW"
      },
      {
        "level": 3,
        "depth": 2,
        "name": "HV-PROCTRAN-REF",
        "byteOffset": 34,
        "dataLength": 12,
        "byteLength": 12,
        "indexList": [],
        "parent": "HOST-PROCTRAN-ROW"
      },
      {
        "level": 3,
        "depth": 2,
        "name": "HV-PROCTRAN-TYPE",
        "byteOffset": 46,
        "dataLength": 3,
        "byteLength": 3,
        "indexList": [],
        "parent": "HOST-PROCTRAN-ROW"
      },
      {
        "level": 3,
        "depth": 2,
        "name": "HV-PROCTRAN-DESC",
        "byteOffset": 49,
        "dataLength": 40,
        "byteLength": 40,
        "indexList": [],
        "parent": "HOST-PROCTRAN-ROW"
      },
      {
        "level": 3,
        "depth": 2,
        "name": "HV-PROCTRAN-AMOUNT",
        "byteOffset": 89,
        "dataLength": 13,
        "byteLength": 7,
        "fieldCompression": "computational-3",
        "indexList": [],
        "parent": "HOST-PROCTRAN-ROW",
        "decimalNumberPortion": 2
      }
    ]
  },
  {
    "level": 1,
    "depth": 1,
    "name": "WS-CICS-WORK-AREA",
    "byteOffset": 0,
    "dataLength": 16,
    "byteLength": 8,
    "indexList": [],
    "children": [
      {
        "level": 5,
        "depth": 2,
        "name": "WS-CICS-RESP",
        "byteOffset": 0,
        "dataLength": 8,
        "byteLength": 4,
        "fieldCompression": "computational",
        "indexList": [],
        "parent": "WS-CICS-WORK-AREA"
      },
      {
        "level": 5,
        "depth": 2,
        "name": "WS-CICS-RESP2",
        "byteOffset": 4,
        "dataLength": 8,
        "byteLength": 4,
        "fieldCompression": "computational",
        "indexList": [],
        "parent": "WS-CICS-WORK-AREA"
      }
    ]
  },
  {
    "level": 1,
    "depth": 1,
    "name": "EXIT-BROWSE-LOOP",
    "byteOffset": 0,
    "dataLength": 1,
    "byteLength": 1,
    "indexList": [],
    "values": [
      "N"
    ]
  },
  {
    "level": 1,
    "depth": 1,
    "name": "OUTPUT-DATA",
    "byteOffset": 0,
    "dataLength": 101,
    "byteLength": 101,
    "indexList": [],
    "children": [
      {
        "level": 3,
        "depth": 2,
        "name": "ACCOUNT-DATA",
        "byteOffset": 0,
        "dataLength": 101,
        "byteLength": 101,
        "indexList": [],
        "parent": "OUTPUT-DATA",
        "children": [
          {
            "level": 5,
            "depth": 3,
            "name": "ACCOUNT-EYE-CATCHER",
            "byteOffset": 0,
            "dataLength": 4,
            "byteLength": 4,
            "indexList": [],
            "parent": "ACCOUNT-DATA",
            "children": [
              {
                "level": 88,
                "depth": 4,
                "name": "ACCOUNT-EYECATCHER-VALUE",
                "byteOffset": 0,
                "dataLength": 4,
                "byteLength": 4,
                "indexList": [],
                "parent": "ACCOUNT-EYE-CATCHER",
                "values": [
                  "ACCT"
                ]
              }
            ]
          },
          {
            "level": 5,
            "depth": 3,
            "name": "ACCOUNT-CUST-NO",
            "byteOffset": 4,
            "dataLength": 10,
            "byteLength": 10,
            "indexList": [],
            "parent": "ACCOUNT-DATA"
          },
          {
            "level": 5,
            "depth": 3,
            "name": "ACCOUNT-KEY",
            "byteOffset": 14,
            "dataLength": 14,
            "byteLength": 14,
            "indexList": [],
            "parent": "ACCOUNT-DATA",
            "children": [
              {
                "level": 7,
                "depth": 4,
                "name": "ACCOUNT-SORT-CODE",
                "byteOffset": 14,
                "dataLength": 6,
                "byteLength": 6,
                "indexList": [],
                "parent": "ACCOUNT-KEY"
              },
              {
                "level": 7,
                "depth": 4,
                "name": "ACCOUNT-NUMBER",
                "byteOffset": 20,
                "dataLength": 8,
                "byteLength": 8,
                "indexList": [],
                "parent": "ACCOUNT-KEY"
              }
            ]
          },
          {
            "level": 5,
            "depth": 3,
            "name": "ACCOUNT-TYPE",
            "byteOffset": 28,
            "dataLength": 8,
            "byteLength": 8,
            "indexList": [],
            "parent": "ACCOUNT-DATA"
          },
          {
            "level": 5,
            "depth": 3,
            "name": "ACCOUNT-INTEREST-RATE",
            "byteOffset": 36,
            "dataLength": 7,
            "byteLength": 7,
            "indexList": [],
            "parent": "ACCOUNT-DATA",
            "decimalNumberPortion": 2
          },
          {
            "level": 5,
            "depth": 3,
            "name": "ACCOUNT-OPENED",
            "byteOffset": 43,
            "dataLength": 8,
            "byteLength": 8,
            "indexList": [],
            "parent": "ACCOUNT-DATA"
          },
          {
            "level": 5,
            "depth": 3,
            "name": "ACCOUNT-OPENED-GROUP",
            "redefines": "ACCOUNT-OPENED",
            "byteOffset": 43,
            "dataLength": 8,
            "byteLength": 8,
            "indexList": [],
            "parent": "ACCOUNT-DATA",
            "topRoot": "OUTPUT-DATA",
            "children": [
              {
                "level": 7,
                "depth": 4,
                "name": "ACCOUNT-OPENED-DAY",
                "byteOffset": 43,
                "dataLength": 2,
                "byteLength": 2,
                "indexList": [],
                "parent": "ACCOUNT-OPENED-GROUP"
              },
              {
                "level": 7,
                "depth": 4,
                "name": "ACCOUNT-OPENED-MONTH",
                "byteOffset": 45,
                "dataLength": 2,
                "byteLength": 2,
                "indexList": [],
                "parent": "ACCOUNT-OPENED-GROUP"
              },
              {
                "level": 7,
                "depth": 4,
                "name": "ACCOUNT-OPENED-YEAR",
                "byteOffset": 47,
                "dataLength": 4,
                "byteLength": 4,
                "indexList": [],
                "parent": "ACCOUNT-OPENED-GROUP"
              }
            ]
          },
          {
            "level": 5,
            "depth": 3,
            "name": "ACCOUNT-OVERDRAFT-LIMIT",
            "byteOffset": 51,
            "dataLength": 8,
            "byteLength": 8,
            "indexList": [],
            "parent": "ACCOUNT-DATA"
          },
          {
            "level": 5,
            "depth": 3,
            "name": "ACCOUNT-LAST-STMT-DATE",
            "byteOffset": 59,
            "dataLength": 8,
            "byteLength": 8,
            "indexList": [],
            "parent": "ACCOUNT-DATA"
          },
          {
            "level": 5,
            "depth": 3,
            "name": "ACCOUNT-LAST-STMT-GROUP",
            "redefines": "ACCOUNT-LAST-STMT-DATE",
            "byteOffset": 59,
            "dataLength": 8,
            "byteLength": 8,
            "indexList": [],
            "parent": "ACCOUNT-DATA",
            "topRoot": "OUTPUT-DATA",
            "children": [
              {
                "level": 7,
                "depth": 4,
                "name": "ACCOUNT-LAST-STMT-DAY",
                "byteOffset": 59,
                "dataLength": 2,
                "byteLength": 2,
                "indexList": [],
                "parent": "ACCOUNT-LAST-STMT-GROUP"
              },
              {
                "level": 7,
                "depth": 4,
                "name": "ACCOUNT-LAST-STMT-MONTH",
                "byteOffset": 61,
                "dataLength": 2,
                "byteLength": 2,
                "indexList": [],
                "parent": "ACCOUNT-LAST-STMT-GROUP"
              },
              {
                "level": 7,
                "depth": 4,
                "name": "ACCOUNT-LAST-STMT-YEAR",
                "byteOffset": 63,
                "dataLength": 4,
                "byteLength": 4,
                "indexList": [],
                "parent": "ACCOUNT-LAST-STMT-GROUP"
              }
            ]
          },
          {
            "level": 5,
            "depth": 3,
            "name": "ACCOUNT-NEXT-STMT-DATE",
            "byteOffset": 67,
            "dataLength": 8,
            "byteLength": 8,
            "indexList": [],
            "parent": "ACCOUNT-DATA"
          },
          {
            "level": 5,
            "depth": 3,
            "name": "ACCOUNT-NEXT-STMT-GROUP",
            "redefines": "ACCOUNT-NEXT-STMT-DATE",
            "byteOffset": 67,
            "dataLength": 8,
            "byteLength": 8,
            "indexList": [],
            "parent": "ACCOUNT-DATA",
            "topRoot": "OUTPUT-DATA",
            "children": [
              {
                "level": 7,
                "depth": 4,
                "name": "ACCOUNT-NEXT-STMT-DAY",
                "byteOffset": 67,
                "dataLength": 2,
                "byteLength": 2,
                "indexList": [],
                "parent": "ACCOUNT-NEXT-STMT-GROUP"
              },
              {
                "level": 7,
                "depth": 4,
                "name": "ACCOUNT-NEXT-STMT-MONTH",
                "byteOffset": 69,
                "dataLength": 2,
                "byteLength": 2,
                "indexList": [],
                "parent": "ACCOUNT-NEXT-STMT-GROUP"
              },
              {
                "level": 7,
                "depth": 4,
                "name": "ACCOUNT-NEXT-STMT-YEAR",
                "byteOffset": 71,
                "dataLength": 4,
                "byteLength": 4,
                "indexList": [],
                "parent": "ACCOUNT-NEXT-STMT-GROUP"
              }
            ]
          },
          {
            "level": 5,
            "depth": 3,
            "name": "ACCOUNT-AVAILABLE-BALANCE",
            "byteOffset": 75,
            "dataLength": 13,
            "byteLength": 13,
            "indexList": [],
            "parent": "ACCOUNT-DATA",
            "decimalNumberPortion": 2
          },
          {
            "level": 5,
            "depth": 3,
            "name": "ACCOUNT-ACTUAL-BALANCE",
            "byteOffset": 88,
            "dataLength": 13,
            "byteLength": 13,
            "indexList": [],
            "parent": "ACCOUNT-DATA",
            "decimalNumberPortion": 2
          }
        ]
      }
    ]
  },
  {
    "level": 1,
    "depth": 1,
    "name": "OUTPUT-CUST-DATA",
    "byteOffset": 0,
    "dataLength": 259,
    "byteLength": 259,
    "indexList": [],
    "children": [
      {
        "level": 3,
        "depth": 2,
        "name": "CUSTOMER-RECORD",
        "byteOffset": 0,
        "dataLength": 259,
        "byteLength": 259,
        "indexList": [],
        "parent": "OUTPUT-CUST-DATA",
        "children": [
          {
            "level": 5,
            "depth": 3,
            "name": "CUSTOMER-EYECATCHER",
            "byteOffset": 0,
            "dataLength": 4,
            "byteLength": 4,
            "indexList": [],
            "parent": "CUSTOMER-RECORD",
            "children": [
              {
                "level": 88,
                "depth": 4,
                "name": "CUSTOMER-EYECATCHER-VALUE",
                "byteOffset": 0,
                "dataLength": 4,
                "byteLength": 4,
                "indexList": [],
                "parent": "CUSTOMER-EYECATCHER",
                "values": [
                  "CUST"
                ]
              }
            ]
          },
          {
            "level": 5,
            "depth": 3,
            "name": "CUSTOMER-KEY",
            "byteOffset": 4,
            "dataLength": 16,
            "byteLength": 16,
            "indexList": [],
            "parent": "CUSTOMER-RECORD",
            "children": [
              {
                "level": 7,
                "depth": 4,
                "name": "CUSTOMER-SORTCODE",
                "byteOffset": 4,
                "dataLength": 6,
                "byteLength": 6,
                "indexList": [],
                "parent": "CUSTOMER-KEY"
              },
              {
                "level": 7,
                "depth": 4,
                "name": "CUSTOMER-NUMBER",
                "byteOffset": 10,
                "dataLength": 10,
                "byteLength": 10,
                "indexList": [],
                "parent": "CUSTOMER-KEY"
              }
            ]
          },
          {
            "level": 5,
            "depth": 3,
            "name": "CUSTOMER-NAME",
            "byteOffset": 20,
            "dataLength": 60,
            "byteLength": 60,
            "indexList": [],
            "parent": "CUSTOMER-RECORD"
          },
          {
            "level": 5,
            "depth": 3,
            "name": "CUSTOMER-ADDRESS",
            "byteOffset": 80,
            "dataLength": 160,
            "byteLength": 160,
            "indexList": [],
            "parent": "CUSTOMER-RECORD"
          },
          {
            "level": 5,
            "depth": 3,
            "name": "CUSTOMER-DATE-OF-BIRTH",
            "byteOffset": 240,
            "dataLength": 8,
            "byteLength": 8,
            "indexList": [],
            "parent": "CUSTOMER-RECORD"
          },
          {
            "level": 5,
            "depth": 3,
            "name": "CUSTOMER-DOB-GROUP",
            "redefines": "CUSTOMER-DATE-OF-BIRTH",
            "byteOffset": 240,
            "dataLength": 8,
            "byteLength": 8,
            "indexList": [],
            "parent": "CUSTOMER-RECORD",
            "topRoot": "OUTPUT-CUST-DATA",
            "children": [
              {
                "level": 7,
                "depth": 4,
                "name": "CUSTOMER-BIRTH-DAY",
                "byteOffset": 240,
                "dataLength": 2,
                "byteLength": 2,
                "indexList": [],
                "parent": "CUSTOMER-DOB-GROUP"
              },
              {
                "level": 7,
                "depth": 4,
                "name": "CUSTOMER-BIRTH-MONTH",
                "byteOffset": 242,
                "dataLength": 2,
                "byteLength": 2,
                "indexList": [],
                "parent": "CUSTOMER-DOB-GROUP"
              },
              {
                "level": 7,
                "depth": 4,
                "name": "CUSTOMER-BIRTH-YEAR",
                "byteOffset": 244,
                "dataLength": 4,
                "byteLength": 4,
                "indexList": [],
                "parent": "CUSTOMER-DOB-GROUP"
              }
            ]
          },
          {
            "level": 5,
            "depth": 3,
            "name": "CUSTOMER-CREDIT-SCORE",
            "byteOffset": 248,
            "dataLength": 3,
            "byteLength": 3,
            "indexList": [],
            "parent": "CUSTOMER-RECORD"
          },
          {
            "level": 5,
            "depth": 3,
            "name": "CUSTOMER-CS-REVIEW-DATE",
            "byteOffset": 251,
            "dataLength": 8,
            "byteLength": 8,
            "indexList": [],
            "parent": "CUSTOMER-RECORD"
          },
          {
            "level": 5,
            "depth": 3,
            "name": "CUSTOMER-CS-GROUP",
            "redefines": "CUSTOMER-CS-REVIEW-DATE",
            "byteOffset": 251,
            "dataLength": 8,
            "byteLength": 8,
            "indexList": [],
            "parent": "CUSTOMER-RECORD",
            "topRoot": "OUTPUT-CUST-DATA",
            "children": [
              {
                "level": 7,
                "depth": 4,
                "name": "CUSTOMER-CS-REVIEW-DAY",
                "byteOffset": 251,
                "dataLength": 2,
                "byteLength": 2,
                "indexList": [],
                "parent": "CUSTOMER-CS-GROUP"
              },
              {
                "level": 7,
                "depth": 4,
                "name": "CUSTOMER-CS-REVIEW-MONTH",
                "byteOffset": 253,
                "dataLength": 2,
                "byteLength": 2,
                "indexList": [],
                "parent": "CUSTOMER-CS-GROUP"
              },
              {
                "level": 7,
                "depth": 4,
                "name": "CUSTOMER-CS-REVIEW-YEAR",
                "byteOffset": 255,
                "dataLength": 4,
                "byteLength": 4,
                "indexList": [],
                "parent": "CUSTOMER-CS-GROUP"
              }
            ]
          }
        ]
      }
    ]
  },
  {
    "level": 1,
    "depth": 1,
    "name": "PROCTRAN-AREA",
    "byteOffset": 0,
    "dataLength": 100,
    "byteLength": 100,
    "indexList": [],
    "children": [
      {
        "level": 3,
        "depth": 2,
        "name": "PROC-TRAN-DATA",
        "byteOffset": 0,
        "dataLength": 100,
        "byteLength": 100,
        "indexList": [],
        "parent": "PROCTRAN-AREA",
        "children": [
          {
            "level": 5,
            "depth": 3,
            "name": "PROC-TRAN-EYE-CATCHER",
            "byteOffset": 0,
            "dataLength": 4,
            "byteLength": 4,
            "indexList": [],
            "parent": "PROC-TRAN-DATA",
            "children": [
              {
                "level": 88,
                "depth": 4,
                "name": "PROC-TRAN-VALID",
                "byteOffset": 0,
                "dataLength": 4,
                "byteLength": 4,
                "indexList": [],
                "parent": "PROC-TRAN-EYE-CATCHER",
                "values": [
                  "PRTR"
                ]
              }
            ]
          },
          {
            "level": 5,
            "depth": 3,
            "name": "PROC-TRAN-LOGICAL-DELETE-AREA",
            "redefines": "PROC-TRAN-EYE-CATCHER",
            "byteOffset": 0,
            "dataLength": 4,
            "byteLength": 4,
            "indexList": [],
            "parent": "PROC-TRAN-DATA",
            "topRoot": "PROCTRAN-AREA",
            "children": [
              {
                "level": 7,
                "depth": 4,
                "name": "PROC-TRAN-LOGICAL-DELETE-FLAG",
                "byteOffset": 0,
                "dataLength": 1,
                "byteLength": 1,
                "indexList": [],
                "parent": "PROC-TRAN-LOGICAL-DELETE-AREA",
                "children": [
                  {
                    "level": 88,
                    "depth": 5,
                    "name": "PROC-TRAN-LOGICALLY-DELETED",
                    "byteOffset": 0,
                    "dataLength": 1,
                    "byteLength": 1,
                    "indexList": [],
                    "parent": "PROC-TRAN-LOGICAL-DELETE-FLAG",
                    "values": [
                      "X\u0027FF\u0027"
                    ]
                  }
                ]
              },
              {
                "level": 7,
                "depth": 4,
                "name": "FILLER",
                "byteOffset": 1,
                "dataLength": 3,
                "byteLength": 3,
                "indexList": [],
                "parent": "PROC-TRAN-LOGICAL-DELETE-AREA"
              }
            ]
          },
          {
            "level": 5,
            "depth": 3,
            "name": "PROC-TRAN-ID",
            "byteOffset": 4,
            "dataLength": 14,
            "byteLength": 14,
            "indexList": [],
            "parent": "PROC-TRAN-DATA",
            "children": [
              {
                "level": 7,
                "depth": 4,
                "name": "PROC-TRAN-SORT-CODE",
                "byteOffset": 4,
                "dataLength": 6,
                "byteLength": 6,
                "indexList": [],
                "parent": "PROC-TRAN-ID"
              },
              {
                "level": 7,
                "depth": 4,
                "name": "PROC-TRAN-NUMBER",
                "byteOffset": 10,
                "dataLength": 8,
                "byteLength": 8,
                "indexList": [],
                "parent": "PROC-TRAN-ID"
              }
            ]
          },
          {
            "level": 5,
            "depth": 3,
            "name": "PROC-TRAN-DATE",
            "byteOffset": 18,
            "dataLength": 8,
            "byteLength": 8,
            "indexList": [],
            "parent": "PROC-TRAN-DATA"
          },
          {
            "level": 5,
            "depth": 3,
            "name": "PROC-TRAN-DATE-GRP",
            "redefines": "PROC-TRAN-DATE",
            "byteOffset": 18,
            "dataLength": 8,
            "byteLength": 8,
            "indexList": [],
            "parent": "PROC-TRAN-DATA",
            "topRoot": "PROCTRAN-AREA",
            "children": [
              {
                "level": 7,
                "depth": 4,
                "name": "PROC-TRAN-DATE-GRP-YYYY",
                "byteOffset": 18,
                "dataLength": 4,
                "byteLength": 4,
                "indexList": [],
                "parent": "PROC-TRAN-DATE-GRP"
              },
              {
                "level": 7,
                "depth": 4,
                "name": "PROC-TRAN-DATE-GRP-MM",
                "byteOffset": 22,
                "dataLength": 2,
                "byteLength": 2,
                "indexList": [],
                "parent": "PROC-TRAN-DATE-GRP"
              },
              {
                "level": 7,
                "depth": 4,
                "name": "PROC-TRAN-DATE-GRP-DD",
                "byteOffset": 24,
                "dataLength": 2,
                "byteLength": 2,
                "indexList": [],
                "parent": "PROC-TRAN-DATE-GRP"
              }
            ]
          },
          {
            "level": 5,
            "depth": 3,
            "name": "PROC-TRAN-TIME",
            "byteOffset": 26,
            "dataLength": 6,
            "byteLength": 6,
            "indexList": [],
            "parent": "PROC-TRAN-DATA"
          },
          {
            "level": 5,
            "depth": 3,
            "name": "PROC-TRAN-TIME-GRP",
            "redefines": "PROC-TRAN-TIME",
            "byteOffset": 26,
            "dataLength": 6,
            "byteLength": 6,
            "indexList": [],
            "parent": "PROC-TRAN-DATA",
            "topRoot": "PROCTRAN-AREA",
            "children": [
              {
                "level": 7,
                "depth": 4,
                "name": "PROC-TRAN-TIME-GRP-HH",
                "byteOffset": 26,
                "dataLength": 2,
                "byteLength": 2,
                "indexList": [],
                "parent": "PROC-TRAN-TIME-GRP"
              },
              {
                "level": 7,
                "depth": 4,
                "name": "PROC-TRAN-TIME-GRP-MM",
                "byteOffset": 28,
                "dataLength": 2,
                "byteLength": 2,
                "indexList": [],
                "parent": "PROC-TRAN-TIME-GRP"
              },
              {
                "level": 7,
                "depth": 4,
                "name": "PROC-TRAN-TIME-GRP-SS",
                "byteOffset": 30,
                "dataLength": 2,
                "byteLength": 2,
                "indexList": [],
                "parent": "PROC-TRAN-TIME-GRP"
              }
            ]
          },
          {
            "level": 5,
            "depth": 3,
            "name": "PROC-TRAN-REF",
            "byteOffset": 32,
            "dataLength": 12,
            "byteLength": 12,
            "indexList": [],
            "parent": "PROC-TRAN-DATA"
          },
          {
            "level": 5,
            "depth": 3,
            "name": "PROC-TRAN-TYPE",
            "byteOffset": 44,
            "dataLength": 3,
            "byteLength": 3,
            "indexList": [],
            "parent": "PROC-TRAN-DATA",
            "children": [
              {
                "level": 88,
                "depth": 4,
                "name": "PROC-TY-CHEQUE-ACKNOWLEDGED",
                "byteOffset": 44,
                "dataLength": 3,
                "byteLength": 3,
                "indexList": [],
                "parent": "PROC-TRAN-TYPE",
                "values": [
                  "CHA"
                ]
              },
              {
                "level": 88,
                "depth": 4,
                "name": "PROC-TY-CHEQUE-FAILURE",
                "byteOffset": 44,
                "dataLength": 3,
                "byteLength": 3,
                "indexList": [],
                "parent": "PROC-TRAN-TYPE",
                "values": [
                  "CHF"
                ]
              },
              {
                "level": 88,
                "depth": 4,
                "name": "PROC-TY-CHEQUE-PAID-IN",
                "byteOffset": 44,
                "dataLength": 3,
                "byteLength": 3,
                "indexList": [],
                "parent": "PROC-TRAN-TYPE",
                "values": [
                  "CHI"
                ]
              },
              {
                "level": 88,
                "depth": 4,
                "name": "PROC-TY-CHEQUE-PAID-OUT",
                "byteOffset": 44,
                "dataLength": 3,
                "byteLength": 3,
                "indexList": [],
                "parent": "PROC-TRAN-TYPE",
                "values": [
                  "CHO"
                ]
              },
              {
                "level": 88,
                "depth": 4,
                "name": "PROC-TY-CREDIT",
                "byteOffset": 44,
                "dataLength": 3,
                "byteLength": 3,
                "indexList": [],
                "parent": "PROC-TRAN-TYPE",
                "values": [
                  "CRE"
                ]
              },
              {
                "level": 88,
                "depth": 4,
                "name": "PROC-TY-DEBIT",
                "byteOffset": 44,
                "dataLength": 3,
                "byteLength": 3,
                "indexList": [],
                "parent": "PROC-TRAN-TYPE",
                "values": [
                  "DEB"
                ]
              },
              {
                "level": 88,
                "depth": 4,
                "name": "PROC-TY-WEB-CREATE-ACCOUNT",
                "byteOffset": 44,
                "dataLength": 3,
                "byteLength": 3,
                "indexList": [],
                "parent": "PROC-TRAN-TYPE",
                "values": [
                  "ICA"
                ]
              },
              {
                "level": 88,
                "depth": 4,
                "name": "PROC-TY-WEB-CREATE-CUSTOMER",
                "byteOffset": 44,
                "dataLength": 3,
                "byteLength": 3,
                "indexList": [],
                "parent": "PROC-TRAN-TYPE",
                "values": [
                  "ICC"
                ]
              },
              {
                "level": 88,
                "depth": 4,
                "name": "PROC-TY-WEB-DELETE-ACCOUNT",
                "byteOffset": 44,
                "dataLength": 3,
                "byteLength": 3,
                "indexList": [],
                "parent": "PROC-TRAN-TYPE",
                "values": [
                  "IDA"
                ]
              },
              {
                "level": 88,
                "depth": 4,
                "name": "PROC-TY-WEB-DELETE-CUSTOMER",
                "byteOffset": 44,
                "dataLength": 3,
                "byteLength": 3,
                "indexList": [],
                "parent": "PROC-TRAN-TYPE",
                "values": [
                  "IDC"
                ]
              },
              {
                "level": 88,
                "depth": 4,
                "name": "PROC-TY-BRANCH-CREATE-ACCOUNT",
                "byteOffset": 44,
                "dataLength": 3,
                "byteLength": 3,
                "indexList": [],
                "parent": "PROC-TRAN-TYPE",
                "values": [
                  "OCA"
                ]
              },
              {
                "level": 88,
                "depth": 4,
                "name": "PROC-TY-BRANCH-CREATE-CUSTOMER",
                "byteOffset": 44,
                "dataLength": 3,
                "byteLength": 3,
                "indexList": [],
                "parent": "PROC-TRAN-TYPE",
                "values": [
                  "OCC"
                ]
              },
              {
                "level": 88,
                "depth": 4,
                "name": "PROC-TY-BRANCH-DELETE-ACCOUNT",
                "byteOffset": 44,
                "dataLength": 3,
                "byteLength": 3,
                "indexList": [],
                "parent": "PROC-TRAN-TYPE",
                "values": [
                  "ODA"
                ]
              },
              {
                "level": 88,
                "depth": 4,
                "name": "PROC-TY-BRANCH-DELETE-CUSTOMER",
                "byteOffset": 44,
                "dataLength": 3,
                "byteLength": 3,
                "indexList": [],
                "parent": "PROC-TRAN-TYPE",
                "values": [
                  "ODC"
                ]
              },
              {
                "level": 88,
                "depth": 4,
                "name": "PROC-TY-CREATE-SODD",
                "byteOffset": 44,
                "dataLength": 3,
                "byteLength": 3,
                "indexList": [],
                "parent": "PROC-TRAN-TYPE",
                "values": [
                  "OCS"
                ]
              },
              {
                "level": 88,
                "depth": 4,
                "name": "PROC-TY-PAYMENT-CREDIT",
                "byteOffset": 44,
                "dataLength": 3,
                "byteLength": 3,
                "indexList": [],
                "parent": "PROC-TRAN-TYPE",
                "values": [
                  "PCR"
                ]
              },
              {
                "level": 88,
                "depth": 4,
                "name": "PROC-TY-PAYMENT-DEBIT",
                "byteOffset": 44,
                "dataLength": 3,
                "byteLength": 3,
                "indexList": [],
                "parent": "PROC-TRAN-TYPE",
                "values": [
                  "PDR"
                ]
              },
              {
                "level": 88,
                "depth": 4,
                "name": "PROC-TY-TRANSFER",
                "byteOffset": 44,
                "dataLength": 3,
                "byteLength": 3,
                "indexList": [],
                "parent": "PROC-TRAN-TYPE",
                "values": [
                  "TFR"
                ]
              }
            ]
          },
          {
            "level": 5,
            "depth": 3,
            "name": "PROC-TRAN-DESC",
            "byteOffset": 47,
            "dataLength": 40,
            "byteLength": 40,
            "indexList": [],
            "parent": "PROC-TRAN-DATA"
          },
          {
            "level": 5,
            "depth": 3,
            "name": "PROC-TRAN-DESC-XFR",
            "redefines": "PROC-TRAN-DESC",
            "byteOffset": 47,
            "dataLength": 40,
            "byteLength": 40,
            "indexList": [],
            "parent": "PROC-TRAN-DATA",
            "topRoot": "PROCTRAN-AREA",
            "children": [
              {
                "level": 7,
                "depth": 4,
                "name": "PROC-TRAN-DESC-XFR-HEADER",
                "byteOffset": 47,
                "dataLength": 26,
                "byteLength": 26,
                "indexList": [],
                "parent": "PROC-TRAN-DESC-XFR",
                "children": [
                  {
                    "level": 88,
                    "depth": 5,
                    "name": "PROC-TRAN-DESC-XFR-FLAG",
                    "byteOffset": 47,
                    "dataLength": 26,
                    "byteLength": 26,
                    "indexList": [],
                    "parent": "PROC-TRAN-DESC-XFR-HEADER",
                    "values": [
                      "TRANSFER"
                    ]
                  }
                ]
              },
              {
                "level": 7,
                "depth": 4,
                "name": "PROC-TRAN-DESC-XFR-SORTCODE",
                "byteOffset": 73,
                "dataLength": 6,
                "byteLength": 6,
                "indexList": [],
                "parent": "PROC-TRAN-DESC-XFR"
              },
              {
                "level": 7,
                "depth": 4,
                "name": "PROC-TRAN-DESC-XFR-ACCOUNT",
                "byteOffset": 79,
                "dataLength": 8,
                "byteLength": 8,
                "indexList": [],
                "parent": "PROC-TRAN-DESC-XFR"
              }
            ]
          },
          {
            "level": 5,
            "depth": 3,
            "name": "PROC-TRAN-DESC-DELACC",
            "redefines": "PROC-TRAN-DESC",
            "byteOffset": 47,
            "dataLength": 40,
            "byteLength": 40,
            "indexList": [],
            "parent": "PROC-TRAN-DATA",
            "topRoot": "PROCTRAN-AREA",
            "children": [
              {
                "level": 7,
                "depth": 4,
                "name": "PROC-DESC-DELACC-CUSTOMER",
                "byteOffset": 47,
                "dataLength": 10,
                "byteLength": 10,
                "indexList": [],
                "parent": "PROC-TRAN-DESC-DELACC"
              },
              {
                "level": 7,
                "depth": 4,
                "name": "PROC-DESC-DELACC-ACCTYPE",
                "byteOffset": 57,
                "dataLength": 8,
                "byteLength": 8,
                "indexList": [],
                "parent": "PROC-TRAN-DESC-DELACC"
              },
              {
                "level": 7,
                "depth": 4,
                "name": "PROC-DESC-DELACC-LAST-DD",
                "byteOffset": 65,
                "dataLength": 2,
                "byteLength": 2,
                "indexList": [],
                "parent": "PROC-TRAN-DESC-DELACC"
              },
              {
                "level": 7,
                "depth": 4,
                "name": "PROC-DESC-DELACC-LAST-MM",
                "byteOffset": 67,
                "dataLength": 2,
                "byteLength": 2,
                "indexList": [],
                "parent": "PROC-TRAN-DESC-DELACC"
              },
              {
                "level": 7,
                "depth": 4,
                "name": "PROC-DESC-DELACC-LAST-YYYY",
                "byteOffset": 69,
                "dataLength": 4,
                "byteLength": 4,
                "indexList": [],
                "parent": "PROC-TRAN-DESC-DELACC"
              },
              {
                "level": 7,
                "depth": 4,
                "name": "PROC-DESC-DELACC-NEXT-DD",
                "byteOffset": 73,
                "dataLength": 2,
                "byteLength": 2,
                "indexList": [],
                "parent": "PROC-TRAN-DESC-DELACC"
              },
              {
                "level": 7,
                "depth": 4,
                "name": "PROC-DESC-DELACC-NEXT-MM",
                "byteOffset": 75,
                "dataLength": 2,
                "byteLength": 2,
                "indexList": [],
                "parent": "PROC-TRAN-DESC-DELACC"
              },
              {
                "level": 7,
                "depth": 4,
                "name": "PROC-DESC-DELACC-NEXT-YYYY",
                "byteOffset": 77,
                "dataLength": 4,
                "byteLength": 4,
                "indexList": [],
                "parent": "PROC-TRAN-DESC-DELACC"
              },
              {
                "level": 7,
                "depth": 4,
                "name": "PROC-DESC-DELACC-FOOTER",
                "byteOffset": 81,
                "dataLength": 6,
                "byteLength": 6,
                "indexList": [],
                "parent": "PROC-TRAN-DESC-DELACC",
                "children": [
                  {
                    "level": 88,
                    "depth": 5,
                    "name": "PROC-DESC-DELACC-FLAG",
                    "byteOffset": 81,
                    "dataLength": 6,
                    "byteLength": 6,
                    "indexList": [],
                    "parent": "PROC-DESC-DELACC-FOOTER",
                    "values": [
                      "DELETE"
                    ]
                  }
                ]
              }
            ]
          },
          {
            "level": 5,
            "depth": 3,
            "name": "PROC-TRAN-DESC-CREACC",
            "redefines": "PROC-TRAN-DESC",
            "byteOffset": 47,
            "dataLength": 40,
            "byteLength": 40,
            "indexList": [],
            "parent": "PROC-TRAN-DATA",
            "topRoot": "PROCTRAN-AREA",
            "children": [
              {
                "level": 7,
                "depth": 4,
                "name": "PROC-DESC-CREACC-CUSTOMER",
                "byteOffset": 47,
                "dataLength": 10,
                "byteLength": 10,
                "indexList": [],
                "parent": "PROC-TRAN-DESC-CREACC"
              },
              {
                "level": 7,
                "depth": 4,
                "name": "PROC-DESC-CREACC-ACCTYPE",
                "byteOffset": 57,
                "dataLength": 8,
                "byteLength": 8,
                "indexList": [],
                "parent": "PROC-TRAN-DESC-CREACC"
              },
              {
                "level": 7,
                "depth": 4,
                "name": "PROC-DESC-CREACC-LAST-DD",
                "byteOffset": 65,
                "dataLength": 2,
                "byteLength": 2,
                "indexList": [],
                "parent": "PROC-TRAN-DESC-CREACC"
              },
              {
                "level": 7,
                "depth": 4,
                "name": "PROC-DESC-CREACC-LAST-MM",
                "byteOffset": 67,
                "dataLength": 2,
                "byteLength": 2,
                "indexList": [],
                "parent": "PROC-TRAN-DESC-CREACC"
              },
              {
                "level": 7,
                "depth": 4,
                "name": "PROC-DESC-CREACC-LAST-YYYY",
                "byteOffset": 69,
                "dataLength": 4,
                "byteLength": 4,
                "indexList": [],
                "parent": "PROC-TRAN-DESC-CREACC"
              },
              {
                "level": 7,
                "depth": 4,
                "name": "PROC-DESC-CREACC-NEXT-DD",
                "byteOffset": 73,
                "dataLength": 2,
                "byteLength": 2,
                "indexList": [],
                "parent": "PROC-TRAN-DESC-CREACC"
              },
              {
                "level": 7,
                "depth": 4,
                "name": "PROC-DESC-CREACC-NEXT-MM",
                "byteOffset": 75,
                "dataLength": 2,
                "byteLength": 2,
                "indexList": [],
                "parent": "PROC-TRAN-DESC-CREACC"
              },
              {
                "level": 7,
                "depth": 4,
                "name": "PROC-DESC-CREACC-NEXT-YYYY",
                "byteOffset": 77,
                "dataLength": 4,
                "byteLength": 4,
                "indexList": [],
                "parent": "PROC-TRAN-DESC-CREACC"
              },
              {
                "level": 7,
                "depth": 4,
                "name": "PROC-DESC-CREACC-FOOTER",
                "byteOffset": 81,
                "dataLength": 6,
                "byteLength": 6,
                "indexList": [],
                "parent": "PROC-TRAN-DESC-CREACC",
                "children": [
                  {
                    "level": 88,
                    "depth": 5,
                    "name": "PROC-DESC-CREACC-FLAG",
                    "byteOffset": 81,
                    "dataLength": 6,
                    "byteLength": 6,
                    "indexList": [],
                    "parent": "PROC-DESC-CREACC-FOOTER",
                    "values": [
                      "CREATE"
                    ]
                  }
                ]
              }
            ]
          },
          {
            "level": 5,
            "depth": 3,
            "name": "PROC-TRAN-DESC-DELCUS",
            "redefines": "PROC-TRAN-DESC",
            "byteOffset": 47,
            "dataLength": 40,
            "byteLength": 40,
            "indexList": [],
            "parent": "PROC-TRAN-DATA",
            "topRoot": "PROCTRAN-AREA",
            "children": [
              {
                "level": 7,
                "depth": 4,
                "name": "PROC-DESC-DELCUS-SORTCODE",
                "byteOffset": 47,
                "dataLength": 6,
                "byteLength": 6,
                "indexList": [],
                "parent": "PROC-TRAN-DESC-DELCUS"
              },
              {
                "level": 7,
                "depth": 4,
                "name": "PROC-DESC-DELCUS-CUSTOMER",
                "byteOffset": 53,
                "dataLength": 10,
                "byteLength": 10,
                "indexList": [],
                "parent": "PROC-TRAN-DESC-DELCUS"
              },
              {
                "level": 7,
                "depth": 4,
                "name": "PROC-DESC-DELCUS-NAME",
                "byteOffset": 63,
                "dataLength": 14,
                "byteLength": 14,
                "indexList": [],
                "parent": "PROC-TRAN-DESC-DELCUS"
              },
              {
                "level": 7,
                "depth": 4,
                "name": "PROC-DESC-DELCUS-DOB-YYYY",
                "byteOffset": 77,
                "dataLength": 4,
                "byteLength": 4,
                "indexList": [],
                "parent": "PROC-TRAN-DESC-DELCUS"
              },
              {
                "level": 7,
                "depth": 4,
                "name": "PROC-DESC-DELCUS-FILLER",
                "byteOffset": 81,
                "dataLength": 1,
                "byteLength": 1,
                "indexList": [],
                "parent": "PROC-TRAN-DESC-DELCUS",
                "children": [
                  {
                    "level": 88,
                    "depth": 5,
                    "name": "PROC-DESC-DELCUS-FILLER-SET",
                    "byteOffset": 81,
                    "dataLength": 1,
                    "byteLength": 1,
                    "indexList": [],
                    "parent": "PROC-DESC-DELCUS-FILLER",
                    "values": [
                      "-"
                    ]
                  }
                ]
              },
              {
                "level": 7,
                "depth": 4,
                "name": "PROC-DESC-DELCUS-DOB-MM",
                "byteOffset": 82,
                "dataLength": 2,
                "byteLength": 2,
                "indexList": [],
                "parent": "PROC-TRAN-DESC-DELCUS"
              },
              {
                "level": 7,
                "depth": 4,
                "name": "PROC-DESC-DELCUS-FILLER2",
                "byteOffset": 84,
                "dataLength": 1,
                "byteLength": 1,
                "indexList": [],
                "parent": "PROC-TRAN-DESC-DELCUS",
                "children": [
                  {
                    "level": 88,
                    "depth": 5,
                    "name": "PROC-DESC-DELCUS-FILLER2-SET",
                    "byteOffset": 84,
                    "dataLength": 1,
                    "byteLength": 1,
                    "indexList": [],
                    "parent": "PROC-DESC-DELCUS-FILLER2",
                    "values": [
                      "-"
                    ]
                  }
                ]
              },
              {
                "level": 7,
                "depth": 4,
                "name": "PROC-DESC-DELCUS-DOB-DD",
                "byteOffset": 85,
                "dataLength": 2,
                "byteLength": 2,
                "indexList": [],
                "parent": "PROC-TRAN-DESC-DELCUS"
              }
            ]
          },
          {
            "level": 5,
            "depth": 3,
            "name": "PROC-TRAN-DESC-CRECUS",
            "redefines": "PROC-TRAN-DESC",
            "byteOffset": 47,
            "dataLength": 40,
            "byteLength": 40,
            "indexList": [],
            "parent": "PROC-TRAN-DATA",
            "topRoot": "PROCTRAN-AREA",
            "children": [
              {
                "level": 7,
                "depth": 4,
                "name": "PROC-DESC-CRECUS-SORTCODE",
                "byteOffset": 47,
                "dataLength": 6,
                "byteLength": 6,
                "indexList": [],
                "parent": "PROC-TRAN-DESC-CRECUS"
              },
              {
                "level": 7,
                "depth": 4,
                "name": "PROC-DESC-CRECUS-CUSTOMER",
                "byteOffset": 53,
                "dataLength": 10,
                "byteLength": 10,
                "indexList": [],
                "parent": "PROC-TRAN-DESC-CRECUS"
              },
              {
                "level": 7,
                "depth": 4,
                "name": "PROC-DESC-CRECUS-NAME",
                "byteOffset": 63,
                "dataLength": 14,
                "byteLength": 14,
                "indexList": [],
                "parent": "PROC-TRAN-DESC-CRECUS"
              },
              {
                "level": 7,
                "depth": 4,
                "name": "PROC-DESC-CRECUS-DOB-YYYY",
                "byteOffset": 77,
                "dataLength": 4,
                "byteLength": 4,
                "indexList": [],
                "parent": "PROC-TRAN-DESC-CRECUS"
              },
              {
                "level": 7,
                "depth": 4,
                "name": "PROC-DESC-CRECUS-FILLER",
                "byteOffset": 81,
                "dataLength": 1,
                "byteLength": 1,
                "indexList": [],
                "parent": "PROC-TRAN-DESC-CRECUS",
                "children": [
                  {
                    "level": 88,
                    "depth": 5,
                    "name": "PROC-DESC-CRECUS-FILLER-SET",
                    "byteOffset": 81,
                    "dataLength": 1,
                    "byteLength": 1,
                    "indexList": [],
                    "parent": "PROC-DESC-CRECUS-FILLER",
                    "values": [
                      "-"
                    ]
                  }
                ]
              },
              {
                "level": 7,
                "depth": 4,
                "name": "PROC-DESC-CRECUS-DOB-MM",
                "byteOffset": 82,
                "dataLength": 2,
                "byteLength": 2,
                "indexList": [],
                "parent": "PROC-TRAN-DESC-CRECUS"
              },
              {
                "level": 7,
                "depth": 4,
                "name": "PROC-DESC-CRECUS-FILLER2",
                "byteOffset": 84,
                "dataLength": 1,
                "byteLength": 1,
                "indexList": [],
                "parent": "PROC-TRAN-DESC-CRECUS",
                "children": [
                  {
                    "level": 88,
                    "depth": 5,
                    "name": "PROC-DESC-CRECUS-FILLER2-SET",
                    "byteOffset": 84,
                    "dataLength": 1,
                    "byteLength": 1,
                    "indexList": [],
                    "parent": "PROC-DESC-CRECUS-FILLER2",
                    "values": [
                      "-"
                    ]
                  }
                ]
              },
              {
                "level": 7,
                "depth": 4,
                "name": "PROC-DESC-CRECUS-DOB-DD",
                "byteOffset": 85,
                "dataLength": 2,
                "byteLength": 2,
                "indexList": [],
                "parent": "PROC-TRAN-DESC-CRECUS"
              }
            ]
          },
          {
            "level": 5,
            "depth": 3,
            "name": "PROC-TRAN-AMOUNT",
            "byteOffset": 87,
            "dataLength": 13,
            "byteLength": 13,
            "indexList": [],
            "parent": "PROC-TRAN-DATA",
            "decimalNumberPortion": 2
          }
        ]
      }
    ]
  },
  {
    "level": 1,
    "depth": 1,
    "name": "PROCTRAN-RIDFLD",
    "byteOffset": 0,
    "dataLength": 8,
    "byteLength": 4,
    "fieldCompression": "computational",
    "indexList": [],
    "children": [
      {
        "level": 77,
        "depth": 2,
        "name": "PROCTRAN-RETRY",
        "byteOffset": 0,
        "dataLength": 3,
        "byteLength": 3,
        "indexList": [],
        "parent": "PROCTRAN-RIDFLD"
      }
    ]
  },
  {
    "level": 1,
    "depth": 1,
    "name": "ACCOUNT-ACT-BAL-STORE",
    "byteOffset": 0,
    "dataLength": 13,
    "byteLength": 13,
    "indexList": [],
    "values": [
      "0"
    ],
    "decimalNumberPortion": 2
  },
  {
    "level": 1,
    "depth": 1,
    "name": "RETURNED-DATA",
    "byteOffset": 0,
    "dataLength": 101,
    "byteLength": 101,
    "indexList": [],
    "children": [
      {
        "level": 3,
        "depth": 2,
        "name": "RETURNED-EYE-CATCHER",
        "byteOffset": 0,
        "dataLength": 4,
        "byteLength": 4,
        "indexList": [],
        "parent": "RETURNED-DATA"
      },
      {
        "level": 3,
        "depth": 2,
        "name": "RETURNED-CUST-NO",
        "byteOffset": 4,
        "dataLength": 10,
        "byteLength": 10,
        "indexList": [],
        "parent": "RETURNED-DATA"
      },
      {
        "level": 3,
        "depth": 2,
        "name": "RETURNED-KEY",
        "byteOffset": 14,
        "dataLength": 14,
        "byteLength": 14,
        "indexList": [],
        "parent": "RETURNED-DATA",
        "children": [
          {
            "level": 5,
            "depth": 3,
            "name": "RETURNED-SORT-CODE",
            "byteOffset": 14,
            "dataLength": 6,
            "byteLength": 6,
            "indexList": [],
            "parent": "RETURNED-KEY"
          },
          {
            "level": 5,
            "depth": 3,
            "name": "RETURNED-NUMBER",
            "byteOffset": 20,
            "dataLength": 8,
            "byteLength": 8,
            "indexList": [],
            "parent": "RETURNED-KEY"
          }
        ]
      },
      {
        "level": 3,
        "depth": 2,
        "name": "RETURNED-TYPE",
        "byteOffset": 28,
        "dataLength": 8,
        "byteLength": 8,
        "indexList": [],
        "parent": "RETURNED-DATA"
      },
      {
        "level": 3,
        "depth": 2,
        "name": "RETURNED-INTEREST-RATE",
        "byteOffset": 36,
        "dataLength": 7,
        "byteLength": 7,
        "indexList": [],
        "parent": "RETURNED-DATA",
        "decimalNumberPortion": 2
      },
      {
        "level": 3,
        "depth": 2,
        "name": "RETURNED-OPENED",
        "byteOffset": 43,
        "dataLength": 8,
        "byteLength": 8,
        "indexList": [],
        "parent": "RETURNED-DATA"
      },
      {
        "level": 3,
        "depth": 2,
        "name": "RETURNED-OVERDRAFT-LIMIT",
        "byteOffset": 51,
        "dataLength": 8,
        "byteLength": 8,
        "indexList": [],
        "parent": "RETURNED-DATA"
      },
      {
        "level": 3,
        "depth": 2,
        "name": "RETURNED-LAST-STMT-DATE",
        "byteOffset": 59,
        "dataLength": 8,
        "byteLength": 8,
        "indexList": [],
        "parent": "RETURNED-DATA"
      },
      {
        "level": 3,
        "depth": 2,
        "name": "RETURNED-NEXT-STMT-DATE",
        "byteOffset": 67,
        "dataLength": 8,
        "byteLength": 8,
        "indexList": [],
        "parent": "RETURNED-DATA"
      },
      {
        "level": 3,
        "depth": 2,
        "name": "RETURNED-AVAILABLE-BALANCE",
        "byteOffset": 75,
        "dataLength": 13,
        "byteLength": 13,
        "indexList": [],
        "parent": "RETURNED-DATA",
        "decimalNumberPortion": 2
      },
      {
        "level": 3,
        "depth": 2,
        "name": "RETURNED-ACTUAL-BALANCE",
        "byteOffset": 88,
        "dataLength": 13,
        "byteLength": 13,
        "indexList": [],
        "parent": "RETURNED-DATA",
        "decimalNumberPortion": 2
      }
    ]
  },
  {
    "level": 1,
    "depth": 1,
    "name": "ACCTCUST-DESIRED-KEY",
    "byteOffset": 0,
    "dataLength": 10,
    "byteLength": 10,
    "indexList": []
  },
  {
    "level": 1,
    "depth": 1,
    "name": "DB2-DATE-REFORMAT",
    "byteOffset": 0,
    "dataLength": 10,
    "byteLength": 10,
    "indexList": [],
    "children": [
      {
        "level": 3,
        "depth": 2,
        "name": "DB2-DATE-REF-YR",
        "byteOffset": 0,
        "dataLength": 4,
        "byteLength": 4,
        "indexList": [],
        "parent": "DB2-DATE-REFORMAT"
      },
      {
        "level": 3,
        "depth": 2,
        "name": "FILLER%178",
        "byteOffset": 4,
        "dataLength": 1,
        "byteLength": 1,
        "indexList": [],
        "parent": "DB2-DATE-REFORMAT"
      },
      {
        "level": 3,
        "depth": 2,
        "name": "DB2-DATE-REF-MNTH",
        "byteOffset": 5,
        "dataLength": 2,
        "byteLength": 2,
        "indexList": [],
        "parent": "DB2-DATE-REFORMAT"
      },
      {
        "level": 3,
        "depth": 2,
        "name": "FILLER%180",
        "byteOffset": 7,
        "dataLength": 1,
        "byteLength": 1,
        "indexList": [],
        "parent": "DB2-DATE-REFORMAT"
      },
      {
        "level": 3,
        "depth": 2,
        "name": "DB2-DATE-REF-DAY",
        "byteOffset": 8,
        "dataLength": 2,
        "byteLength": 2,
        "indexList": [],
        "parent": "DB2-DATE-REFORMAT"
      }
    ]
  },
  {
    "level": 1,
    "depth": 1,
    "name": "DB2-EXIT-LOOP",
    "byteOffset": 0,
    "dataLength": 1,
    "byteLength": 1,
    "indexList": []
  },
  {
    "level": 1,
    "depth": 1,
    "name": "FETCH-DATA-CNT",
    "byteOffset": 0,
    "dataLength": 4,
    "byteLength": 2,
    "fieldCompression": "computational",
    "indexList": []
  },
  {
    "level": 1,
    "depth": 1,
    "name": "WS-CUST-ALT-KEY-LEN",
    "byteOffset": 0,
    "dataLength": 4,
    "byteLength": 2,
    "fieldCompression": "computational",
    "indexList": [],
    "values": [
      "+10"
    ]
  },
  {
    "level": 1,
    "depth": 1,
    "name": "WS-EIBTASKN12",
    "byteOffset": 0,
    "dataLength": 12,
    "byteLength": 12,
    "indexList": [],
    "values": [
      "0"
    ]
  },
  {
    "level": 1,
    "depth": 1,
    "name": "WS-CNT",
    "byteOffset": 0,
    "dataLength": 4,
    "byteLength": 2,
    "fieldCompression": "computational",
    "indexList": [],
    "values": [
      "0"
    ]
  },
  {
    "level": 1,
    "depth": 1,
    "name": "CUSTOMER-KY",
    "byteOffset": 0,
    "dataLength": 6,
    "byteLength": 6,
    "indexList": [],
    "children": [
      {
        "level": 3,
        "depth": 2,
        "name": "REQUIRED-SORT-CODE",
        "byteOffset": 0,
        "dataLength": 6,
        "byteLength": 6,
        "indexList": [],
        "parent": "CUSTOMER-KY",
        "values": [
          "0"
        ]
      }
    ]
  },
  {
    "level": 1,
    "depth": 1,
    "name": "WS-ACC-KEY-LEN",
    "byteOffset": 0,
    "dataLength": 4,
    "byteLength": 2,
    "fieldCompression": "computational",
    "indexList": [],
    "values": [
      "+14"
    ]
  },
  {
    "level": 1,
    "depth": 1,
    "name": "WS-ACC-NUM",
    "byteOffset": 0,
    "dataLength": 4,
    "byteLength": 2,
    "fieldCompression": "computational",
    "indexList": [],
    "values": [
      "0"
    ]
  },
  {
    "level": 1,
    "depth": 1,
    "name": "WS-CUST-KEY-LEN",
    "byteOffset": 0,
    "dataLength": 4,
    "byteLength": 2,
    "fieldCompression": "computational",
    "indexList": [],
    "values": [
      "+16"
    ]
  },
  {
    "level": 1,
    "depth": 1,
    "name": "WS-CUST-NUM",
    "byteOffset": 0,
    "dataLength": 4,
    "byteLength": 2,
    "fieldCompression": "computational",
    "indexList": [],
    "values": [
      "0"
    ]
  },
  {
    "level": 1,
    "depth": 1,
    "name": "DESIRED-KEY-ACCTCUST",
    "byteOffset": 0,
    "dataLength": 16,
    "byteLength": 16,
    "indexList": [],
    "children": [
      {
        "level": 3,
        "depth": 2,
        "name": "DESIRED-KEY-CUSTOMER-ACCTCUST",
        "byteOffset": 0,
        "dataLength": 10,
        "byteLength": 10,
        "indexList": [],
        "parent": "DESIRED-KEY-ACCTCUST"
      },
      {
        "level": 3,
        "depth": 2,
        "name": "DESIRED-KEY-SORTCODE-ACCTCUST",
        "byteOffset": 10,
        "dataLength": 6,
        "byteLength": 6,
        "indexList": [],
        "parent": "DESIRED-KEY-ACCTCUST"
      }
    ]
  },
  {
    "level": 1,
    "depth": 1,
    "name": "DESIRED-KEY",
    "byteOffset": 0,
    "dataLength": 16,
    "byteLength": 16,
    "indexList": [],
    "children": [
      {
        "level": 3,
        "depth": 2,
        "name": "DESIRED-KEY-SORTCODE",
        "byteOffset": 0,
        "dataLength": 6,
        "byteLength": 6,
        "indexList": [],
        "parent": "DESIRED-KEY"
      },
      {
        "level": 3,
        "depth": 2,
        "name": "DESIRED-KEY-CUSTOMER",
        "byteOffset": 6,
        "dataLength": 10,
        "byteLength": 10,
        "indexList": [],
        "parent": "DESIRED-KEY"
      }
    ]
  },
  {
    "level": 1,
    "depth": 1,
    "name": "WS-U-TIME",
    "byteOffset": 0,
    "dataLength": 15,
    "byteLength": 8,
    "fieldCompression": "computational-3",
    "indexList": []
  },
  {
    "level": 1,
    "depth": 1,
    "name": "WS-ORIG-DATE",
    "byteOffset": 0,
    "dataLength": 10,
    "byteLength": 10,
    "indexList": []
  },
  {
    "level": 1,
    "depth": 1,
    "name": "WS-ORIG-DATE-GRP",
    "redefines": "WS-ORIG-DATE",
    "byteOffset": 0,
    "dataLength": 10,
    "byteLength": 10,
    "indexList": [],
    "topRoot": "WS-ORIG-DATE",
    "children": [
      {
        "level": 3,
        "depth": 2,
        "name": "WS-ORIG-DATE-DD",
        "byteOffset": 0,
        "dataLength": 2,
        "byteLength": 2,
        "indexList": [],
        "parent": "WS-ORIG-DATE-GRP"
      },
      {
        "level": 3,
        "depth": 2,
        "name": "FILLER%203",
        "byteOffset": 2,
        "dataLength": 1,
        "byteLength": 1,
        "indexList": [],
        "parent": "WS-ORIG-DATE-GRP"
      },
      {
        "level": 3,
        "depth": 2,
        "name": "WS-ORIG-DATE-MM",
        "byteOffset": 3,
        "dataLength": 2,
        "byteLength": 2,
        "indexList": [],
        "parent": "WS-ORIG-DATE-GRP"
      },
      {
        "level": 3,
        "depth": 2,
        "name": "FILLER%205",
        "byteOffset": 5,
        "dataLength": 1,
        "byteLength": 1,
        "indexList": [],
        "parent": "WS-ORIG-DATE-GRP"
      },
      {
        "level": 3,
        "depth": 2,
        "name": "WS-ORIG-DATE-YYYY",
        "byteOffset": 6,
        "dataLength": 4,
        "byteLength": 4,
        "indexList": [],
        "parent": "WS-ORIG-DATE-GRP"
      }
    ]
  },
  {
    "level": 1,
    "depth": 1,
    "name": "WS-ORIG-DATE-GRP-X",
    "byteOffset": 0,
    "dataLength": 10,
    "byteLength": 10,
    "indexList": [],
    "children": [
      {
        "level": 3,
        "depth": 2,
        "name": "WS-ORIG-DATE-DD-X",
        "byteOffset": 0,
        "dataLength": 2,
        "byteLength": 2,
        "indexList": [],
        "parent": "WS-ORIG-DATE-GRP-X"
      },
      {
        "level": 3,
        "depth": 2,
        "name": "FILLER%209",
        "byteOffset": 2,
        "dataLength": 1,
        "byteLength": 1,
        "indexList": [],
        "parent": "WS-ORIG-DATE-GRP-X",
        "values": [
          "."
        ]
      },
      {
        "level": 3,
        "depth": 2,
        "name": "WS-ORIG-DATE-MM-X",
        "byteOffset": 3,
        "dataLength": 2,
        "byteLength": 2,
        "indexList": [],
        "parent": "WS-ORIG-DATE-GRP-X"
      },
      {
        "level": 3,
        "depth": 2,
        "name": "FILLER%211",
        "byteOffset": 5,
        "dataLength": 1,
        "byteLength": 1,
        "indexList": [],
        "parent": "WS-ORIG-DATE-GRP-X",
        "values": [
          "."
        ]
      },
      {
        "level": 3,
        "depth": 2,
        "name": "WS-ORIG-DATE-YYYY-X",
        "byteOffset": 6,
        "dataLength": 4,
        "byteLength": 4,
        "indexList": [],
        "parent": "WS-ORIG-DATE-GRP-X"
      }
    ]
  },
  {
    "level": 1,
    "depth": 1,
    "name": "REMIX-STMT-DATE",
    "byteOffset": 0,
    "dataLength": 8,
    "byteLength": 8,
    "indexList": []
  },
  {
    "level": 1,
    "depth": 1,
    "name": "WS-APPLID",
    "byteOffset": 0,
    "dataLength": 8,
    "byteLength": 8,
    "indexList": []
  },
  {
    "level": 1,
    "depth": 1,
    "name": "VAR-REMIX",
    "byteOffset": 0,
    "dataLength": 6,
    "byteLength": 6,
    "indexList": [],
    "children": [
      {
        "level": 3,
        "depth": 2,
        "name": "REMIX-SCODE",
        "byteOffset": 0,
        "dataLength": 6,
        "byteLength": 6,
        "indexList": [],
        "parent": "VAR-REMIX"
      },
      {
        "level": 3,
        "depth": 2,
        "name": "REMIX-CHAR",
        "redefines": "REMIX-SCODE",
        "byteOffset": 0,
        "dataLength": 6,
        "byteLength": 6,
        "indexList": [],
        "parent": "VAR-REMIX",
        "topRoot": "VAR-REMIX",
        "children": [
          {
            "level": 5,
            "depth": 3,
            "name": "REMIX-SCODE-CHAR",
            "byteOffset": 0,
            "dataLength": 6,
            "byteLength": 6,
            "indexList": [],
            "parent": "REMIX-CHAR"
          }
        ]
      }
    ]
  },
  {
    "level": 1,
    "depth": 1,
    "name": "WS-STOREDC-CUSTOMER",
    "byteOffset": 0,
    "dataLength": 263,
    "byteLength": 263,
    "indexList": [],
    "children": [
      {
        "level": 3,
        "depth": 2,
        "name": "WS-STOREDC-EYECATCHER",
        "byteOffset": 0,
        "dataLength": 4,
        "byteLength": 4,
        "indexList": [],
        "parent": "WS-STOREDC-CUSTOMER"
      },
      {
        "level": 3,
        "depth": 2,
        "name": "WS-STOREDC-SORTCODE",
        "byteOffset": 4,
        "dataLength": 6,
        "byteLength": 6,
        "indexList": [],
        "parent": "WS-STOREDC-CUSTOMER"
      },
      {
        "level": 3,
        "depth": 2,
        "name": "WS-STOREDC-NUMBER",
        "byteOffset": 10,
        "dataLength": 10,
        "byteLength": 10,
        "indexList": [],
        "parent": "WS-STOREDC-CUSTOMER"
      },
      {
        "level": 3,
        "depth": 2,
        "name": "WS-STOREDC-NAME",
        "byteOffset": 20,
        "dataLength": 60,
        "byteLength": 60,
        "indexList": [],
        "parent": "WS-STOREDC-CUSTOMER"
      },
      {
        "level": 3,
        "depth": 2,
        "name": "WS-STOREDC-ADDRESS",
        "byteOffset": 80,
        "dataLength": 160,
        "byteLength": 160,
        "indexList": [],
        "parent": "WS-STOREDC-CUSTOMER"
      },
      {
        "level": 3,
        "depth": 2,
        "name": "WS-STOREDC-DATE-OF-BIRTH",
        "byteOffset": 240,
        "dataLength": 10,
        "byteLength": 10,
        "indexList": [],
        "parent": "WS-STOREDC-CUSTOMER"
      },
      {
        "level": 3,
        "depth": 2,
        "name": "WS-STOREDC-CREDIT-SCORE",
        "byteOffset": 250,
        "dataLength": 3,
        "byteLength": 3,
        "indexList": [],
        "parent": "WS-STOREDC-CUSTOMER"
      },
      {
        "level": 3,
        "depth": 2,
        "name": "WS-STOREDC-CS-REVIEW-DATE",
        "byteOffset": 253,
        "dataLength": 10,
        "byteLength": 10,
        "indexList": [],
        "parent": "WS-STOREDC-CUSTOMER"
      }
    ]
  },
  {
    "level": 1,
    "depth": 1,
    "name": "WS-NONE-LEFT",
    "byteOffset": 0,
    "dataLength": 1,
    "byteLength": 1,
    "indexList": [],
    "values": [
      "N"
    ]
  },
  {
    "level": 1,
    "depth": 1,
    "name": "WS-EXIT-FETCH",
    "byteOffset": 0,
    "dataLength": 1,
    "byteLength": 1,
    "indexList": [],
    "values": [
      "N"
    ]
  },
  {
    "level": 1,
    "depth": 1,
    "name": "SQLCODE-DISPLAY",
    "byteOffset": 0,
    "dataLength": 8,
    "byteLength": 8,
    "indexList": []
  },
  {
    "level": 1,
    "depth": 1,
    "name": "DELACC-COMMAREA",
    "byteOffset": 0,
    "dataLength": 113,
    "byteLength": 113,
    "indexList": [],
    "children": [
      {
        "level": 3,
        "depth": 2,
        "name": "DELACC-COMM-EYE",
        "byteOffset": 0,
        "dataLength": 4,
        "byteLength": 4,
        "indexList": [],
        "parent": "DELACC-COMMAREA"
      },
      {
        "level": 3,
        "depth": 2,
        "name": "DELACC-COMM-CUSTNO",
        "byteOffset": 4,
        "dataLength": 10,
        "byteLength": 10,
        "indexList": [],
        "parent": "DELACC-COMMAREA"
      },
      {
        "level": 3,
        "depth": 2,
        "name": "DELACC-COMM-SCODE",
        "byteOffset": 14,
        "dataLength": 6,
        "byteLength": 6,
        "indexList": [],
        "parent": "DELACC-COMMAREA"
      },
      {
        "level": 3,
        "depth": 2,
        "name": "DELACC-COMM-ACCNO",
        "byteOffset": 20,
        "dataLength": 8,
        "byteLength": 8,
        "indexList": [],
        "parent": "DELACC-COMMAREA"
      },
      {
        "level": 3,
        "depth": 2,
        "name": "DELACC-COMM-ACC-TYPE",
        "byteOffset": 28,
        "dataLength": 8,
        "byteLength": 8,
        "indexList": [],
        "parent": "DELACC-COMMAREA"
      },
      {
        "level": 3,
        "depth": 2,
        "name": "DELACC-COMM-INT-RATE",
        "byteOffset": 36,
        "dataLength": 7,
        "byteLength": 7,
        "indexList": [],
        "parent": "DELACC-COMMAREA",
        "decimalNumberPortion": 2
      },
      {
        "level": 3,
        "depth": 2,
        "name": "DELACC-COMM-OPENED",
        "byteOffset": 43,
        "dataLength": 8,
        "byteLength": 8,
        "indexList": [],
        "parent": "DELACC-COMMAREA"
      },
      {
        "level": 3,
        "depth": 2,
        "name": "DELACC-COMM-OVERDRAFT",
        "byteOffset": 51,
        "dataLength": 8,
        "byteLength": 8,
        "indexList": [],
        "parent": "DELACC-COMMAREA"
      },
      {
        "level": 3,
        "depth": 2,
        "name": "DELACC-COMM-LAST-STMT-DT",
        "byteOffset": 59,
        "dataLength": 8,
        "byteLength": 8,
        "indexList": [],
        "parent": "DELACC-COMMAREA"
      },
      {
        "level": 3,
        "depth": 2,
        "name": "DELACC-COMM-NEXT-STMT-DT",
        "byteOffset": 67,
        "dataLength": 8,
        "byteLength": 8,
        "indexList": [],
        "parent": "DELACC-COMMAREA"
      },
      {
        "level": 3,
        "depth": 2,
        "name": "DELACC-COMM-AVAIL-BAL",
        "byteOffset": 75,
        "dataLength": 13,
        "byteLength": 13,
        "indexList": [],
        "parent": "DELACC-COMMAREA",
        "decimalNumberPortion": 2
      },
      {
        "level": 3,
        "depth": 2,
        "name": "DELACC-COMM-ACTUAL-BAL",
        "byteOffset": 88,
        "dataLength": 13,
        "byteLength": 13,
        "indexList": [],
        "parent": "DELACC-COMMAREA",
        "decimalNumberPortion": 2
      },
      {
        "level": 3,
        "depth": 2,
        "name": "DELACC-COMM-SUCCESS",
        "byteOffset": 101,
        "dataLength": 1,
        "byteLength": 1,
        "indexList": [],
        "parent": "DELACC-COMMAREA"
      },
      {
        "level": 3,
        "depth": 2,
        "name": "DELACC-COMM-FAIL-CD",
        "byteOffset": 102,
        "dataLength": 1,
        "byteLength": 1,
        "indexList": [],
        "parent": "DELACC-COMMAREA"
      },
      {
        "level": 3,
        "depth": 2,
        "name": "DELACC-COMM-DEL-SUCCESS",
        "byteOffset": 103,
        "dataLength": 1,
        "byteLength": 1,
        "indexList": [],
        "parent": "DELACC-COMMAREA"
      },
      {
        "level": 3,
        "depth": 2,
        "name": "DELACC-COMM-DEL-FAIL-CD",
        "byteOffset": 104,
        "dataLength": 1,
        "byteLength": 1,
        "indexList": [],
        "parent": "DELACC-COMMAREA"
      },
      {
        "level": 3,
        "depth": 2,
        "name": "DELACC-COMM-APPLID",
        "byteOffset": 105,
        "dataLength": 8,
        "byteLength": 8,
        "indexList": [],
        "parent": "DELACC-COMMAREA"
      },
      {
        "level": 3,
        "depth": 2,
        "name": "DELACC-COMM-PCB1",
        "byteOffset": 113,
        "indexList": [],
        "parent": "DELACC-COMMAREA"
      },
      {
        "level": 3,
        "depth": 2,
        "name": "DELACC-COMM-PCB2",
        "byteOffset": 113,
        "indexList": [],
        "parent": "DELACC-COMMAREA"
      }
    ]
  },
  {
    "level": 1,
    "depth": 1,
    "name": "WS-TOKEN",
    "byteOffset": 0,
    "dataLength": 8,
    "byteLength": 8,
    "indexList": []
  },
  {
    "level": 1,
    "depth": 1,
    "name": "WS-INDEX",
    "byteOffset": 0,
    "dataLength": 8,
    "byteLength": 8,
    "indexList": []
  },
  {
    "level": 1,
    "depth": 1,
    "name": "INQACCCU-PROGRAM",
    "byteOffset": 0,
    "dataLength": 8,
    "byteLength": 8,
    "indexList": [],
    "values": [
      "INQACCCU"
    ]
  },
  {
    "level": 1,
    "depth": 1,
    "name": "INQACCCU-COMMAREA",
    "byteOffset": 0,
    "dataLength": 2041,
    "byteLength": 2041,
    "indexList": [],
    "children": [
      {
        "level": 3,
        "depth": 2,
        "name": "NUMBER-OF-ACCOUNTS",
        "byteOffset": 0,
        "dataLength": 8,
        "byteLength": 8,
        "indexList": [],
        "parent": "INQACCCU-COMMAREA"
      },
      {
        "level": 3,
        "depth": 2,
        "name": "CUSTOMER-NUMBER%256",
        "byteOffset": 8,
        "dataLength": 10,
        "byteLength": 10,
        "indexList": [],
        "parent": "INQACCCU-COMMAREA"
      },
      {
        "level": 3,
        "depth": 2,
        "name": "COMM-SUCCESS",
        "byteOffset": 18,
        "dataLength": 1,
        "byteLength": 1,
        "indexList": [],
        "parent": "INQACCCU-COMMAREA"
      },
      {
        "level": 3,
        "depth": 2,
        "name": "COMM-FAIL-CODE",
        "byteOffset": 19,
        "dataLength": 1,
        "byteLength": 1,
        "indexList": [],
        "parent": "INQACCCU-COMMAREA"
      },
      {
        "level": 3,
        "depth": 2,
        "name": "CUSTOMER-FOUND",
        "byteOffset": 20,
        "dataLength": 1,
        "byteLength": 1,
        "indexList": [],
        "parent": "INQACCCU-COMMAREA"
      },
      {
        "level": 3,
        "depth": 2,
        "name": "COMM-PCB-POINTER",
        "byteOffset": 21,
        "indexList": [],
        "parent": "INQACCCU-COMMAREA"
      },
      {
        "level": 3,
        "depth": 2,
        "name": "ACCOUNT-DETAILS",
        "byteOffset": 21,
        "dataLength": 2020,
        "byteLength": 2020,
        "dataLengthSingle": 101,
        "byteLengthSingle": 101,
        "occurs": 20,
        "indexList": [],
        "parent": "INQACCCU-COMMAREA",
        "children": [
          {
            "level": 5,
            "depth": 3,
            "name": "COMM-EYE",
            "byteOffset": 21,
            "dataLength": 4,
            "byteLength": 4,
            "indexList": [],
            "parent": "ACCOUNT-DETAILS"
          },
          {
            "level": 5,
            "depth": 3,
            "name": "COMM-CUSTNO",
            "byteOffset": 25,
            "dataLength": 10,
            "byteLength": 10,
            "indexList": [],
            "parent": "ACCOUNT-DETAILS"
          },
          {
            "level": 5,
            "depth": 3,
            "name": "COMM-SCODE",
            "byteOffset": 35,
            "dataLength": 6,
            "byteLength": 6,
            "indexList": [],
            "parent": "ACCOUNT-DETAILS"
          },
          {
            "level": 5,
            "depth": 3,
            "name": "COMM-ACCNO",
            "byteOffset": 41,
            "dataLength": 8,
            "byteLength": 8,
            "indexList": [],
            "parent": "ACCOUNT-DETAILS"
          },
          {
            "level": 5,
            "depth": 3,
            "name": "COMM-ACC-TYPE",
            "byteOffset": 49,
            "dataLength": 8,
            "byteLength": 8,
            "indexList": [],
            "parent": "ACCOUNT-DETAILS"
          },
          {
            "level": 5,
            "depth": 3,
            "name": "COMM-INT-RATE",
            "byteOffset": 57,
            "dataLength": 7,
            "byteLength": 7,
            "indexList": [],
            "parent": "ACCOUNT-DETAILS",
            "decimalNumberPortion": 2
          },
          {
            "level": 5,
            "depth": 3,
            "name": "COMM-OPENED",
            "byteOffset": 64,
            "dataLength": 8,
            "byteLength": 8,
            "indexList": [],
            "parent": "ACCOUNT-DETAILS"
          },
          {
            "level": 5,
            "depth": 3,
            "name": "COMM-OPENED-GROUP",
            "redefines": "COMM-OPENED",
            "byteOffset": 64,
            "dataLength": 8,
            "byteLength": 8,
            "indexList": [],
            "parent": "ACCOUNT-DETAILS",
            "topRoot": "INQACCCU-COMMAREA",
            "children": [
              {
                "level": 7,
                "depth": 4,
                "name": "COMM-OPENED-DAY",
                "byteOffset": 64,
                "dataLength": 2,
                "byteLength": 2,
                "indexList": [],
                "parent": "COMM-OPENED-GROUP"
              },
              {
                "level": 7,
                "depth": 4,
                "name": "COMM-OPENED-MONTH",
                "byteOffset": 66,
                "dataLength": 2,
                "byteLength": 2,
                "indexList": [],
                "parent": "COMM-OPENED-GROUP"
              },
              {
                "level": 7,
                "depth": 4,
                "name": "COMM-OPENED-YEAR",
                "byteOffset": 68,
                "dataLength": 4,
                "byteLength": 4,
                "indexList": [],
                "parent": "COMM-OPENED-GROUP"
              }
            ]
          },
          {
            "level": 5,
            "depth": 3,
            "name": "COMM-OVERDRAFT",
            "byteOffset": 72,
            "dataLength": 8,
            "byteLength": 8,
            "indexList": [],
            "parent": "ACCOUNT-DETAILS"
          },
          {
            "level": 5,
            "depth": 3,
            "name": "COMM-LAST-STMT-DT",
            "byteOffset": 80,
            "dataLength": 8,
            "byteLength": 8,
            "indexList": [],
            "parent": "ACCOUNT-DETAILS"
          },
          {
            "level": 5,
            "depth": 3,
            "name": "COMM-LAST-STMT-GROUP",
            "redefines": "COMM-LAST-STMT-DT",
            "byteOffset": 80,
            "dataLength": 8,
            "byteLength": 8,
            "indexList": [],
            "parent": "ACCOUNT-DETAILS",
            "topRoot": "INQACCCU-COMMAREA",
            "children": [
              {
                "level": 7,
                "depth": 4,
                "name": "COMM-LAST-STMT-DAY",
                "byteOffset": 80,
                "dataLength": 2,
                "byteLength": 2,
                "indexList": [],
                "parent": "COMM-LAST-STMT-GROUP"
              },
              {
                "level": 7,
                "depth": 4,
                "name": "COMM-LAST-STMT-MONTH",
                "byteOffset": 82,
                "dataLength": 2,
                "byteLength": 2,
                "indexList": [],
                "parent": "COMM-LAST-STMT-GROUP"
              },
              {
                "level": 7,
                "depth": 4,
                "name": "COMM-LAST-STMT-YEAR",
                "byteOffset": 84,
                "dataLength": 4,
                "byteLength": 4,
                "indexList": [],
                "parent": "COMM-LAST-STMT-GROUP"
              }
            ]
          },
          {
            "level": 5,
            "depth": 3,
            "name": "COMM-NEXT-STMT-DT",
            "byteOffset": 88,
            "dataLength": 8,
            "byteLength": 8,
            "indexList": [],
            "parent": "ACCOUNT-DETAILS"
          },
          {
            "level": 5,
            "depth": 3,
            "name": "COMM-NEXT-STMT-GROUP",
            "redefines": "COMM-NEXT-STMT-DT",
            "byteOffset": 88,
            "dataLength": 8,
            "byteLength": 8,
            "indexList": [],
            "parent": "ACCOUNT-DETAILS",
            "topRoot": "INQACCCU-COMMAREA",
            "children": [
              {
                "level": 7,
                "depth": 4,
                "name": "COMM-NEXT-STMT-DAY",
                "byteOffset": 88,
                "dataLength": 2,
                "byteLength": 2,
                "indexList": [],
                "parent": "COMM-NEXT-STMT-GROUP"
              },
              {
                "level": 7,
                "depth": 4,
                "name": "COMM-NEXT-STMT-MONTH",
                "byteOffset": 90,
                "dataLength": 2,
                "byteLength": 2,
                "indexList": [],
                "parent": "COMM-NEXT-STMT-GROUP"
              },
              {
                "level": 7,
                "depth": 4,
                "name": "COMM-NEXT-STMT-YEAR",
                "byteOffset": 92,
                "dataLength": 4,
                "byteLength": 4,
                "indexList": [],
                "parent": "COMM-NEXT-STMT-GROUP"
              }
            ]
          },
          {
            "level": 5,
            "depth": 3,
            "name": "COMM-AVAIL-BAL",
            "byteOffset": 96,
            "dataLength": 13,
            "byteLength": 13,
            "indexList": [],
            "parent": "ACCOUNT-DETAILS",
            "decimalNumberPortion": 2
          },
          {
            "level": 5,
            "depth": 3,
            "name": "COMM-ACTUAL-BAL",
            "byteOffset": 109,
            "dataLength": 13,
            "byteLength": 13,
            "indexList": [],
            "parent": "ACCOUNT-DETAILS",
            "decimalNumberPortion": 2
          }
        ]
      }
    ]
  },
  {
    "level": 1,
    "depth": 1,
    "name": "STORM-DRAIN-CONDITION",
    "byteOffset": 0,
    "dataLength": 20,
    "byteLength": 20,
    "indexList": []
  },
  {
    "level": 1,
    "depth": 1,
    "name": "INQCUST-PROGRAM",
    "byteOffset": 0,
    "dataLength": 8,
    "byteLength": 8,
    "indexList": [],
    "values": [
      "INQCUST "
    ]
  },
  {
    "level": 1,
    "depth": 1,
    "name": "INQCUST-COMMAREA",
    "byteOffset": 0,
    "dataLength": 261,
    "byteLength": 261,
    "indexList": [],
    "children": [
      {
        "level": 3,
        "depth": 2,
        "name": "INQCUST-EYE",
        "byteOffset": 0,
        "dataLength": 4,
        "byteLength": 4,
        "indexList": [],
        "parent": "INQCUST-COMMAREA"
      },
      {
        "level": 3,
        "depth": 2,
        "name": "INQCUST-SCODE",
        "byteOffset": 4,
        "dataLength": 6,
        "byteLength": 6,
        "indexList": [],
        "parent": "INQCUST-COMMAREA"
      },
      {
        "level": 3,
        "depth": 2,
        "name": "INQCUST-CUSTNO",
        "byteOffset": 10,
        "dataLength": 10,
        "byteLength": 10,
        "indexList": [],
        "parent": "INQCUST-COMMAREA"
      },
      {
        "level": 3,
        "depth": 2,
        "name": "INQCUST-NAME",
        "byteOffset": 20,
        "dataLength": 60,
        "byteLength": 60,
        "indexList": [],
        "parent": "INQCUST-COMMAREA"
      },
      {
        "level": 3,
        "depth": 2,
        "name": "INQCUST-ADDR",
        "byteOffset": 80,
        "dataLength": 160,
        "byteLength": 160,
        "indexList": [],
        "parent": "INQCUST-COMMAREA"
      },
      {
        "level": 3,
        "depth": 2,
        "name": "INQCUST-DOB",
        "byteOffset": 240,
        "dataLength": 8,
        "byteLength": 8,
        "indexList": [],
        "parent": "INQCUST-COMMAREA",
        "children": [
          {
            "level": 5,
            "depth": 3,
            "name": "INQCUST-DOB-DD",
            "byteOffset": 240,
            "dataLength": 2,
            "byteLength": 2,
            "indexList": [],
            "parent": "INQCUST-DOB"
          },
          {
            "level": 5,
            "depth": 3,
            "name": "INQCUST-DOB-MM",
            "byteOffset": 242,
            "dataLength": 2,
            "byteLength": 2,
            "indexList": [],
            "parent": "INQCUST-DOB"
          },
          {
            "level": 5,
            "depth": 3,
            "name": "INQCUST-DOB-YYYY",
            "byteOffset": 244,
            "dataLength": 4,
            "byteLength": 4,
            "indexList": [],
            "parent": "INQCUST-DOB"
          }
        ]
      },
      {
        "level": 3,
        "depth": 2,
        "name": "INQCUST-CREDIT-SCORE",
        "byteOffset": 248,
        "dataLength": 3,
        "byteLength": 3,
        "indexList": [],
        "parent": "INQCUST-COMMAREA"
      },
      {
        "level": 3,
        "depth": 2,
        "name": "INQCUST-CS-REVIEW-DT",
        "byteOffset": 251,
        "dataLength": 8,
        "byteLength": 8,
        "indexList": [],
        "parent": "INQCUST-COMMAREA",
        "children": [
          {
            "level": 5,
            "depth": 3,
            "name": "INQCUST-CS-REVIEW-DD",
            "byteOffset": 251,
            "dataLength": 2,
            "byteLength": 2,
            "indexList": [],
            "parent": "INQCUST-CS-REVIEW-DT"
          },
          {
            "level": 5,
            "depth": 3,
            "name": "INQCUST-CS-REVIEW-MM",
            "byteOffset": 253,
            "dataLength": 2,
            "byteLength": 2,
            "indexList": [],
            "parent": "INQCUST-CS-REVIEW-DT"
          },
          {
            "level": 5,
            "depth": 3,
            "name": "INQCUST-CS-REVIEW-YYYY",
            "byteOffset": 255,
            "dataLength": 4,
            "byteLength": 4,
            "indexList": [],
            "parent": "INQCUST-CS-REVIEW-DT"
          }
        ]
      },
      {
        "level": 3,
        "depth": 2,
        "name": "INQCUST-INQ-SUCCESS",
        "byteOffset": 259,
        "dataLength": 1,
        "byteLength": 1,
        "indexList": [],
        "parent": "INQCUST-COMMAREA"
      },
      {
        "level": 3,
        "depth": 2,
        "name": "INQCUST-INQ-FAIL-CD",
        "byteOffset": 260,
        "dataLength": 1,
        "byteLength": 1,
        "indexList": [],
        "parent": "INQCUST-COMMAREA"
      },
      {
        "level": 3,
        "depth": 2,
        "name": "INQCUST-PCB-POINTER",
        "byteOffset": 261,
        "indexList": [],
        "parent": "INQCUST-COMMAREA"
      }
    ]
  },
  {
    "level": 1,
    "depth": 1,
    "name": "WS-TIME-DATA",
    "byteOffset": 0,
    "dataLength": 6,
    "byteLength": 6,
    "indexList": [],
    "children": [
      {
        "level": 3,
        "depth": 2,
        "name": "WS-TIME-NOW",
        "byteOffset": 0,
        "dataLength": 6,
        "byteLength": 6,
        "indexList": [],
        "parent": "WS-TIME-DATA"
      },
      {
        "level": 3,
        "depth": 2,
        "name": "WS-TIME-NOW-GRP",
        "redefines": "WS-TIME-NOW",
        "byteOffset": 0,
        "dataLength": 6,
        "byteLength": 6,
        "indexList": [],
        "parent": "WS-TIME-DATA",
        "topRoot": "WS-TIME-DATA",
        "children": [
          {
            "level": 5,
            "depth": 3,
            "name": "WS-TIME-NOW-GRP-HH",
            "byteOffset": 0,
            "dataLength": 2,
            "byteLength": 2,
            "indexList": [],
            "parent": "WS-TIME-NOW-GRP"
          },
          {
            "level": 5,
            "depth": 3,
            "name": "WS-TIME-NOW-GRP-MM",
            "byteOffset": 2,
            "dataLength": 2,
            "byteLength": 2,
            "indexList": [],
            "parent": "WS-TIME-NOW-GRP"
          },
          {
            "level": 5,
            "depth": 3,
            "name": "WS-TIME-NOW-GRP-SS",
            "byteOffset": 4,
            "dataLength": 2,
            "byteLength": 2,
            "indexList": [],
            "parent": "WS-TIME-NOW-GRP"
          }
        ]
      }
    ]
  },
  {
    "level": 1,
    "depth": 1,
    "name": "WS-ABEND-PGM",
    "byteOffset": 0,
    "dataLength": 8,
    "byteLength": 8,
    "indexList": [],
    "values": [
      "ABNDPROC"
    ]
  },
  {
    "level": 1,
    "depth": 1,
    "name": "ABNDINFO-REC",
    "byteOffset": 0,
    "dataLength": 685,
    "byteLength": 678,
    "indexList": [],
    "children": [
      {
        "level": 3,
        "depth": 2,
        "name": "ABND-VSAM-KEY",
        "byteOffset": 0,
        "dataLength": 19,
        "byteLength": 12,
        "indexList": [],
        "parent": "ABNDINFO-REC",
        "children": [
          {
            "level": 5,
            "depth": 3,
            "name": "ABND-UTIME-KEY",
            "byteOffset": 0,
            "dataLength": 15,
            "byteLength": 8,
            "fieldCompression": "computational-3",
            "indexList": [],
            "parent": "ABND-VSAM-KEY"
          },
          {
            "level": 5,
            "depth": 3,
            "name": "ABND-TASKNO-KEY",
            "byteOffset": 8,
            "dataLength": 4,
            "byteLength": 4,
            "indexList": [],
            "parent": "ABND-VSAM-KEY"
          }
        ]
      },
      {
        "level": 3,
        "depth": 2,
        "name": "ABND-APPLID",
        "byteOffset": 12,
        "dataLength": 8,
        "byteLength": 8,
        "indexList": [],
        "parent": "ABNDINFO-REC"
      },
      {
        "level": 3,
        "depth": 2,
        "name": "ABND-TRANID",
        "byteOffset": 20,
        "dataLength": 4,
        "byteLength": 4,
        "indexList": [],
        "parent": "ABNDINFO-REC"
      },
      {
        "level": 3,
        "depth": 2,
        "name": "ABND-DATE",
        "byteOffset": 24,
        "dataLength": 10,
        "byteLength": 10,
        "indexList": [],
        "parent": "ABNDINFO-REC"
      },
      {
        "level": 3,
        "depth": 2,
        "name": "ABND-TIME",
        "byteOffset": 34,
        "dataLength": 8,
        "byteLength": 8,
        "indexList": [],
        "parent": "ABNDINFO-REC"
      },
      {
        "level": 3,
        "depth": 2,
        "name": "ABND-CODE",
        "byteOffset": 42,
        "dataLength": 4,
        "byteLength": 4,
        "indexList": [],
        "parent": "ABNDINFO-REC"
      },
      {
        "level": 3,
        "depth": 2,
        "name": "ABND-PROGRAM",
        "byteOffset": 46,
        "dataLength": 8,
        "byteLength": 8,
        "indexList": [],
        "parent": "ABNDINFO-REC"
      },
      {
        "level": 3,
        "depth": 2,
        "name": "ABND-RESPCODE",
        "byteOffset": 54,
        "dataLength": 8,
        "byteLength": 8,
        "indexList": [],
        "parent": "ABNDINFO-REC"
      },
      {
        "level": 3,
        "depth": 2,
        "name": "ABND-RESP2CODE",
        "byteOffset": 62,
        "dataLength": 8,
        "byteLength": 8,
        "indexList": [],
        "parent": "ABNDINFO-REC"
      },
      {
        "level": 3,
        "depth": 2,
        "name": "ABND-SQLCODE",
        "byteOffset": 70,
        "dataLength": 8,
        "byteLength": 8,
        "indexList": [],
        "parent": "ABNDINFO-REC"
      },
      {
        "level": 3,
        "depth": 2,
        "name": "ABND-FREEFORM",
        "byteOffset": 78,
        "dataLength": 600,
        "byteLength": 600,
        "indexList": [],
        "parent": "ABNDINFO-REC"
      }
    ]
  },
  {
    "level": 1,
    "depth": 1,
    "name": "DFHCOMMAREA",
    "byteOffset": 0,
    "dataLength": 261,
    "byteLength": 261,
    "indexList": [],
    "children": [
      {
        "level": 3,
        "depth": 2,
        "name": "COMM-EYE%328",
        "byteOffset": 0,
        "dataLength": 4,
        "byteLength": 4,
        "indexList": [],
        "parent": "DFHCOMMAREA"
      },
      {
        "level": 3,
        "depth": 2,
        "name": "COMM-SCODE%329",
        "byteOffset": 4,
        "dataLength": 6,
        "byteLength": 6,
        "indexList": [],
        "parent": "DFHCOMMAREA"
      },
      {
        "level": 3,
        "depth": 2,
        "name": "COMM-CUSTNO%330",
        "byteOffset": 10,
        "dataLength": 10,
        "byteLength": 10,
        "indexList": [],
        "parent": "DFHCOMMAREA"
      },
      {
        "level": 3,
        "depth": 2,
        "name": "COMM-NAME",
        "byteOffset": 20,
        "dataLength": 60,
        "byteLength": 60,
        "indexList": [],
        "parent": "DFHCOMMAREA"
      },
      {
        "level": 3,
        "depth": 2,
        "name": "COMM-ADDR",
        "byteOffset": 80,
        "dataLength": 160,
        "byteLength": 160,
        "indexList": [],
        "parent": "DFHCOMMAREA"
      },
      {
        "level": 3,
        "depth": 2,
        "name": "COMM-DOB",
        "byteOffset": 240,
        "dataLength": 8,
        "byteLength": 8,
        "indexList": [],
        "parent": "DFHCOMMAREA"
      },
      {
        "level": 3,
        "depth": 2,
        "name": "COMM-DOB-GROUP",
        "redefines": "COMM-DOB",
        "byteOffset": 240,
        "dataLength": 8,
        "byteLength": 8,
        "indexList": [],
        "parent": "DFHCOMMAREA",
        "topRoot": "DFHCOMMAREA",
        "children": [
          {
            "level": 5,
            "depth": 3,
            "name": "COMM-BIRTH-DAY",
            "byteOffset": 240,
            "dataLength": 2,
            "byteLength": 2,
            "indexList": [],
            "parent": "COMM-DOB-GROUP"
          },
          {
            "level": 5,
            "depth": 3,
            "name": "COMM-BIRTH-MONTH",
            "byteOffset": 242,
            "dataLength": 2,
            "byteLength": 2,
            "indexList": [],
            "parent": "COMM-DOB-GROUP"
          },
          {
            "level": 5,
            "depth": 3,
            "name": "COMM-BIRTH-YEAR",
            "byteOffset": 244,
            "dataLength": 4,
            "byteLength": 4,
            "indexList": [],
            "parent": "COMM-DOB-GROUP"
          }
        ]
      },
      {
        "level": 3,
        "depth": 2,
        "name": "COMM-CREDIT-SCORE",
        "byteOffset": 248,
        "dataLength": 3,
        "byteLength": 3,
        "indexList": [],
        "parent": "DFHCOMMAREA"
      },
      {
        "level": 3,
        "depth": 2,
        "name": "COMM-CS-REVIEW-DATE",
        "byteOffset": 251,
        "dataLength": 8,
        "byteLength": 8,
        "indexList": [],
        "parent": "DFHCOMMAREA"
      },
      {
        "level": 3,
        "depth": 2,
        "name": "COMM-CS-REVIEW-GROUP",
        "redefines": "COMM-CS-REVIEW-DATE",
        "byteOffset": 251,
        "dataLength": 8,
        "byteLength": 8,
        "indexList": [],
        "parent": "DFHCOMMAREA",
        "topRoot": "DFHCOMMAREA",
        "children": [
          {
            "level": 5,
            "depth": 3,
            "name": "COMM-CS-REVIEW-DD",
            "byteOffset": 251,
            "dataLength": 2,
            "byteLength": 2,
            "indexList": [],
            "parent": "COMM-CS-REVIEW-GROUP"
          },
          {
            "level": 5,
            "depth": 3,
            "name": "COMM-CS-REVIEW-MM",
            "byteOffset": 253,
            "dataLength": 2,
            "byteLength": 2,
            "indexList": [],
            "parent": "COMM-CS-REVIEW-GROUP"
          },
          {
            "level": 5,
            "depth": 3,
            "name": "COMM-CS-REVIEW-YYYY",
            "byteOffset": 255,
            "dataLength": 4,
            "byteLength": 4,
            "indexList": [],
            "parent": "COMM-CS-REVIEW-GROUP"
          }
        ]
      },
      {
        "level": 3,
        "depth": 2,
        "name": "COMM-DEL-SUCCESS",
        "byteOffset": 259,
        "dataLength": 1,
        "byteLength": 1,
        "indexList": [],
        "parent": "DFHCOMMAREA"
      },
      {
        "level": 3,
        "depth": 2,
        "name": "COMM-DEL-FAIL-CD",
        "byteOffset": 260,
        "dataLength": 1,
        "byteLength": 1,
        "indexList": [],
        "parent": "DFHCOMMAREA"
      }
    ]
  }
]