[
  {
    "level": 77,
    "depth": 1,
    "name": "LITERAL-SORTCODE",
    "byteOffset": 0,
    "dataLength": 6,
    "byteLength": 6,
    "indexList": [],
    "values": [
      "987654"
    ]
  },
  {
    "level": 1,
    "depth": 1,
    "name": "DFHCOMMAREA",
    "byteOffset": 0,
    "dataLength": 6,
    "byteLength": 6,
    "indexList": [],
    "children": [
      {
        "level": 3,
        "depth": 2,
        "name": "GETSORTCODEOperation",
        "byteOffset": 0,
        "dataLength": 6,
        "byteLength": 6,
        "indexList": [],
        "parent": "DFHCOMMAREA",
        "children": [
          {
            "level": 6,
            "depth": 3,
            "name": "SORTCODE",
            "byteOffset": 0,
            "dataLength": 6,
            "byteLength": 6,
            "indexList": [],
            "parent": "GETSORTCODEOperation"
          }
        ]
      }
    ]
  }
]