[
  {
    "level": 77,
    "depth": 1,
    "name": "SORTCODE",
    "byteOffset": 0,
    "dataLength": 6,
    "byteLength": 6,
    "indexList": [],
    "values": [
      "987654"
    ]
  },
  {
    "level": 1,
    "depth": 1,
    "name": "HOST-ACCOUNT-ROW",
    "byteOffset": 0,
    "dataLength": 108,
    "byteLength": 88,
    "indexList": [],
    "children": [
      {
        "level": 3,
        "depth": 2,
        "name": "HV-ACCOUNT-EYECATCHER",
        "byteOffset": 0,
        "dataLength": 4,
        "byteLength": 4,
        "indexList": [],
        "parent": "HOST-ACCOUNT-ROW"
      },
      {
        "level": 3,
        "depth": 2,
        "name": "HV-ACCOUNT-CUST-NO",
        "byteOffset": 4,
        "dataLength": 10,
        "byteLength": 10,
        "indexList": [],
        "parent": "HOST-ACCOUNT-ROW"
      },
      {
        "level": 3,
        "depth": 2,
        "name": "HV-ACCOUNT-SORTCODE",
        "byteOffset": 14,
        "dataLength": 6,
        "byteLength": 6,
        "indexList": [],
        "parent": "HOST-ACCOUNT-ROW"
      },
      {
        "level": 3,
        "depth": 2,
        "name": "HV-ACCOUNT-ACC-NO",
        "byteOffset": 20,
        "dataLength": 8,
        "byteLength": 8,
        "indexList": [],
        "parent": "HOST-ACCOUNT-ROW"
      },
      {
        "level": 3,
        "depth": 2,
        "name": "HV-ACCOUNT-ACC-TYPE",
        "byteOffset": 28,
        "dataLength": 8,
        "byteLength": 8,
        "indexList": [],
        "parent": "HOST-ACCOUNT-ROW"
      },
      {
        "level": 3,
        "depth": 2,
        "name": "HV-ACCOUNT-INT-RATE",
        "byteOffset": 36,
        "dataLength": 7,
        "byteLength": 4,
        "fieldCompression": "computational-3",
        "indexList": [],
        "parent": "HOST-ACCOUNT-ROW",
        "decimalNumberPortion": 2
      },
      {
        "level": 3,
        "depth": 2,
        "name": "HV-ACCOUNT-OPENED",
        "byteOffset": 40,
        "dataLength": 10,
        "byteLength": 10,
        "indexList": [],
        "parent": "HOST-ACCOUNT-ROW"
      },
      {
        "level": 3,
        "depth": 2,
        "name": "HV-ACCOUNT-OVERDRAFT-LIM",
        "byteOffset": 50,
        "dataLength": 9,
        "byteLength": 4,
        "fieldCompression": "computational",
        "indexList": [],
        "parent": "HOST-ACCOUNT-ROW"
      },
      {
        "level": 3,
        "depth": 2,
        "name": "HV-ACCOUNT-LAST-STMT",
        "byteOffset": 54,
        "dataLength": 10,
        "byteLength": 10,
        "indexList": [],
        "parent": "HOST-ACCOUNT-ROW"
      },
      {
        "level": 3,
        "depth": 2,
        "name": "HV-ACCOUNT-NEXT-STMT",
        "byteOffset": 64,
        "dataLength": 10,
        "byteLength": 10,
        "indexList": [],
        "parent": "HOST-ACCOUNT-ROW"
      },
      {
        "level": 3,
        "depth": 2,
        "name": "HV-ACCOUNT-AVAIL-BAL",
        "byteOffset": 74,
        "dataLength": 13,
        "byteLength": 7,
        "fieldCompression": "computational-3",
        "indexList": [],
        "parent": "HOST-ACCOUNT-ROW",
        "decimalNumberPortion": 2
      },
      {
        "level": 3,
        "depth": 2,
        "name": "HV-ACCOUNT-ACTUAL-BAL",
        "byteOffset": 81,
        "dataLength": 13,
        "byteLength": 7,
        "fieldCompression": "computational-3",
        "indexList": [],
        "parent": "HOST-ACCOUNT-ROW",
        "decimalNumberPortion": 2
      }
    ]
  },
  {
    "level": 1,
    "depth": 1,
    "name": "WS-CICS-WORK-AREA",
    "byteOffset": 0,
    "dataLength": 16,
    "byteLength": 8,
    "indexList": [],
    "children": [
      {
        "level": 5,
        "depth": 2,
        "name": "WS-CICS-RESP",
        "byteOffset": 0,
        "dataLength": 8,
        "byteLength": 4,
        "fieldCompression": "computational",
        "indexList": [],
        "parent": "WS-CICS-WORK-AREA"
      },
      {
        "level": 5,
        "depth": 2,
        "name": "WS-CICS-RESP2",
        "byteOffset": 4,
        "dataLength": 8,
        "byteLength": 4,
        "fieldCompression": "computational",
        "indexList": [],
        "parent": "WS-CICS-WORK-AREA"
      }
    ]
  },
  {
    "level": 1,
    "depth": 1,
    "name": "EXIT-BROWSE-LOOP",
    "byteOffset": 0,
    "dataLength": 1,
    "byteLength": 1,
    "indexList": [],
    "values": [
      "N"
    ]
  },
  {
    "level": 1,
    "depth": 1,
    "name": "OUTPUT-DATA",
    "byteOffset": 0,
    "dataLength": 101,
    "byteLength": 101,
    "indexList": [],
    "children": [
      {
        "level": 3,
        "depth": 2,
        "name": "ACCOUNT-DATA",
        "byteOffset": 0,
        "dataLength": 101,
        "byteLength": 101,
        "indexList": [],
        "parent": "OUTPUT-DATA",
        "children": [
          {
            "level": 5,
            "depth": 3,
            "name": "ACCOUNT-EYE-CATCHER",
            "byteOffset": 0,
            "dataLength": 4,
            "byteLength": 4,
            "indexList": [],
            "parent": "ACCOUNT-DATA",
            "children": [
              {
                "level": 88,
                "depth": 4,
                "name": "ACCOUNT-EYECATCHER-VALUE",
                "byteOffset": 0,
                "dataLength": 4,
                "byteLength": 4,
                "indexList": [],
                "parent": "ACCOUNT-EYE-CATCHER",
                "values": [
                  "ACCT"
                ]
              }
            ]
          },
          {
            "level": 5,
            "depth": 3,
            "name": "ACCOUNT-CUST-NO",
            "byteOffset": 4,
            "dataLength": 10,
            "byteLength": 10,
            "indexList": [],
            "parent": "ACCOUNT-DATA"
          },
          {
            "level": 5,
            "depth": 3,
            "name": "ACCOUNT-KEY",
            "byteOffset": 14,
            "dataLength": 14,
            "byteLength": 14,
            "indexList": [],
            "parent": "ACCOUNT-DATA",
            "children": [
              {
                "level": 7,
                "depth": 4,
                "name": "ACCOUNT-SORT-CODE",
                "byteOffset": 14,
                "dataLength": 6,
                "byteLength": 6,
                "indexList": [],
                "parent": "ACCOUNT-KEY"
              },
              {
                "level": 7,
                "depth": 4,
                "name": "ACCOUNT-NUMBER",
                "byteOffset": 20,
                "dataLength": 8,
                "byteLength": 8,
                "indexList": [],
                "parent": "ACCOUNT-KEY"
              }
            ]
          },
          {
            "level": 5,
            "depth": 3,
            "name": "ACCOUNT-TYPE",
            "byteOffset": 28,
            "dataLength": 8,
            "byteLength": 8,
            "indexList": [],
            "parent": "ACCOUNT-DATA"
          },
          {
            "level": 5,
            "depth": 3,
            "name": "ACCOUNT-INTEREST-RATE",
            "byteOffset": 36,
            "dataLength": 7,
            "byteLength": 7,
            "indexList": [],
            "parent": "ACCOUNT-DATA",
            "decimalNumberPortion": 2
          },
          {
            "level": 5,
            "depth": 3,
            "name": "ACCOUNT-OPENED",
            "byteOffset": 43,
            "dataLength": 8,
            "byteLength": 8,
            "indexList": [],
            "parent": "ACCOUNT-DATA"
          },
          {
            "level": 5,
            "depth": 3,
            "name": "ACCOUNT-OPENED-GROUP",
            "redefines": "ACCOUNT-OPENED",
            "byteOffset": 43,
            "dataLength": 8,
            "byteLength": 8,
            "indexList": [],
            "parent": "ACCOUNT-DATA",
            "topRoot": "OUTPUT-DATA",
            "children": [
              {
                "level": 7,
                "depth": 4,
                "name": "ACCOUNT-OPENED-DAY",
                "byteOffset": 43,
                "dataLength": 2,
                "byteLength": 2,
                "indexList": [],
                "parent": "ACCOUNT-OPENED-GROUP"
              },
              {
                "level": 7,
                "depth": 4,
                "name": "ACCOUNT-OPENED-MONTH",
                "byteOffset": 45,
                "dataLength": 2,
                "byteLength": 2,
                "indexList": [],
                "parent": "ACCOUNT-OPENED-GROUP"
              },
              {
                "level": 7,
                "depth": 4,
                "name": "ACCOUNT-OPENED-YEAR",
                "byteOffset": 47,
                "dataLength": 4,
                "byteLength": 4,
                "indexList": [],
                "parent": "ACCOUNT-OPENED-GROUP"
              }
            ]
          },
          {
            "level": 5,
            "depth": 3,
            "name": "ACCOUNT-OVERDRAFT-LIMIT",
            "byteOffset": 51,
            "dataLength": 8,
            "byteLength": 8,
            "indexList": [],
            "parent": "ACCOUNT-DATA"
          },
          {
            "level": 5,
            "depth": 3,
            "name": "ACCOUNT-LAST-STMT-DATE",
            "byteOffset": 59,
            "dataLength": 8,
            "byteLength": 8,
            "indexList": [],
            "parent": "ACCOUNT-DATA"
          },
          {
            "level": 5,
            "depth": 3,
            "name": "ACCOUNT-LAST-STMT-GROUP",
            "redefines": "ACCOUNT-LAST-STMT-DATE",
            "byteOffset": 59,
            "dataLength": 8,
            "byteLength": 8,
            "indexList": [],
            "parent": "ACCOUNT-DATA",
            "topRoot": "OUTPUT-DATA",
            "children": [
              {
                "level": 7,
                "depth": 4,
                "name": "ACCOUNT-LAST-STMT-DAY",
                "byteOffset": 59,
                "dataLength": 2,
                "byteLength": 2,
                "indexList": [],
                "parent": "ACCOUNT-LAST-STMT-GROUP"
              },
              {
                "level": 7,
                "depth": 4,
                "name": "ACCOUNT-LAST-STMT-MONTH",
                "byteOffset": 61,
                "dataLength": 2,
                "byteLength": 2,
                "indexList": [],
                "parent": "ACCOUNT-LAST-STMT-GROUP"
              },
              {
                "level": 7,
                "depth": 4,
                "name": "ACCOUNT-LAST-STMT-YEAR",
                "byteOffset": 63,
                "dataLength": 4,
                "byteLength": 4,
                "indexList": [],
                "parent": "ACCOUNT-LAST-STMT-GROUP"
              }
            ]
          },
          {
            "level": 5,
            "depth": 3,
            "name": "ACCOUNT-NEXT-STMT-DATE",
            "byteOffset": 67,
            "dataLength": 8,
            "byteLength": 8,
            "indexList": [],
            "parent": "ACCOUNT-DATA"
          },
          {
            "level": 5,
            "depth": 3,
            "name": "ACCOUNT-NEXT-STMT-GROUP",
            "redefines": "ACCOUNT-NEXT-STMT-DATE",
            "byteOffset": 67,
            "dataLength": 8,
            "byteLength": 8,
            "indexList": [],
            "parent": "ACCOUNT-DATA",
            "topRoot": "OUTPUT-DATA",
            "children": [
              {
                "level": 7,
                "depth": 4,
                "name": "ACCOUNT-NEXT-STMT-DAY",
                "byteOffset": 67,
                "dataLength": 2,
                "byteLength": 2,
                "indexList": [],
                "parent": "ACCOUNT-NEXT-STMT-GROUP"
              },
              {
                "level": 7,
                "depth": 4,
                "name": "ACCOUNT-NEXT-STMT-MONTH",
                "byteOffset": 69,
                "dataLength": 2,
                "byteLength": 2,
                "indexList": [],
                "parent": "ACCOUNT-NEXT-STMT-GROUP"
              },
              {
                "level": 7,
                "depth": 4,
                "name": "ACCOUNT-NEXT-STMT-YEAR",
                "byteOffset": 71,
                "dataLength": 4,
                "byteLength": 4,
                "indexList": [],
                "parent": "ACCOUNT-NEXT-STMT-GROUP"
              }
            ]
          },
          {
            "level": 5,
            "depth": 3,
            "name": "ACCOUNT-AVAILABLE-BALANCE",
            "byteOffset": 75,
            "dataLength": 13,
            "byteLength": 13,
            "indexList": [],
            "parent": "ACCOUNT-DATA",
            "decimalNumberPortion": 2
          },
          {
            "level": 5,
            "depth": 3,
            "name": "ACCOUNT-ACTUAL-BALANCE",
            "byteOffset": 88,
            "dataLength": 13,
            "byteLength": 13,
            "indexList": [],
            "parent": "ACCOUNT-DATA",
            "decimalNumberPortion": 2
          }
        ]
      }
    ]
  },
  {
    "level": 1,
    "depth": 1,
    "name": "RETURNED-DATA",
    "byteOffset": 0,
    "dataLength": 101,
    "byteLength": 101,
    "indexList": [],
    "children": [
      {
        "level": 3,
        "depth": 2,
        "name": "RETURNED-EYE-CATCHER",
        "byteOffset": 0,
        "dataLength": 4,
        "byteLength": 4,
        "indexList": [],
        "parent": "RETURNED-DATA"
      },
      {
        "level": 3,
        "depth": 2,
        "name": "RETURNED-CUST-NO",
        "byteOffset": 4,
        "dataLength": 10,
        "byteLength": 10,
        "indexList": [],
        "parent": "RETURNED-DATA"
      },
      {
        "level": 3,
        "depth": 2,
        "name": "RETURNED-KEY",
        "byteOffset": 14,
        "dataLength": 14,
        "byteLength": 14,
        "indexList": [],
        "parent": "RETURNED-DATA",
        "children": [
          {
            "level": 5,
            "depth": 3,
            "name": "RETURNED-SORT-CODE",
            "byteOffset": 14,
            "dataLength": 6,
            "byteLength": 6,
            "indexList": [],
            "parent": "RETURNED-KEY"
          },
          {
            "level": 5,
            "depth": 3,
            "name": "RETURNED-NUMBER",
            "byteOffset": 20,
            "dataLength": 8,
            "byteLength": 8,
            "indexList": [],
            "parent": "RETURNED-KEY"
          }
        ]
      },
      {
        "level": 3,
        "depth": 2,
        "name": "RETURNED-TYPE",
        "byteOffset": 28,
        "dataLength": 8,
        "byteLength": 8,
        "indexList": [],
        "parent": "RETURNED-DATA"
      },
      {
        "level": 3,
        "depth": 2,
        "name": "RETURNED-INTEREST-RATE",
        "byteOffset": 36,
        "dataLength": 7,
        "byteLength": 7,
        "indexList": [],
        "parent": "RETURNED-DATA",
        "decimalNumberPortion": 2
      },
      {
        "level": 3,
        "depth": 2,
        "name": "RETURNED-OPENED",
        "byteOffset": 43,
        "dataLength": 8,
        "byteLength": 8,
        "indexList": [],
        "parent": "RETURNED-DATA"
      },
      {
        "level": 3,
        "depth": 2,
        "name": "RETURNED-OVERDRAFT-LIMIT",
        "byteOffset": 51,
        "dataLength": 8,
        "byteLength": 8,
        "indexList": [],
        "parent": "RETURNED-DATA"
      },
      {
        "level": 3,
        "depth": 2,
        "name": "RETURNED-LAST-STMT-DATE",
        "byteOffset": 59,
        "dataLength": 8,
        "byteLength": 8,
        "indexList": [],
        "parent": "RETURNED-DATA"
      },
      {
        "level": 3,
        "depth": 2,
        "name": "RETURNED-NEXT-STMT-DATE",
        "byteOffset": 67,
        "dataLength": 8,
        "byteLength": 8,
        "indexList": [],
        "parent": "RETURNED-DATA"
      },
      {
        "level": 3,
        "depth": 2,
        "name": "RETURNED-AVAILABLE-BALANCE",
        "byteOffset": 75,
        "dataLength": 13,
        "byteLength": 13,
        "indexList": [],
        "parent": "RETURNED-DATA",
        "decimalNumberPortion": 2
      },
      {
        "level": 3,
        "depth": 2,
        "name": "RETURNED-ACTUAL-BALANCE",
        "byteOffset": 88,
        "dataLength": 13,
        "byteLength": 13,
        "indexList": [],
        "parent": "RETURNED-DATA",
        "decimalNumberPortion": 2
      }
    ]
  },
  {
    "level": 1,
    "depth": 1,
    "name": "DESIRED-KEY",
    "byteOffset": 0,
    "dataLength": 10,
    "byteLength": 10,
    "indexList": []
  },
  {
    "level": 1,
    "depth": 1,
    "name": "DB2-DATE-REFORMAT",
    "byteOffset": 0,
    "dataLength": 10,
    "byteLength": 10,
    "indexList": [],
    "children": [
      {
        "level": 3,
        "depth": 2,
        "name": "DB2-DATE-REF-YR",
        "byteOffset": 0,
        "dataLength": 4,
        "byteLength": 4,
        "indexList": [],
        "parent": "DB2-DATE-REFORMAT"
      },
      {
        "level": 3,
        "depth": 2,
        "name": "FILLER",
        "byteOffset": 4,
        "dataLength": 1,
        "byteLength": 1,
        "indexList": [],
        "parent": "DB2-DATE-REFORMAT"
      },
      {
        "level": 3,
        "depth": 2,
        "name": "DB2-DATE-REF-MNTH",
        "byteOffset": 5,
        "dataLength": 2,
        "byteLength": 2,
        "indexList": [],
        "parent": "DB2-DATE-REFORMAT"
      },
      {
        "level": 3,
        "depth": 2,
        "name": "FILLER%65",
        "byteOffset": 7,
        "dataLength": 1,
        "byteLength": 1,
        "indexList": [],
        "parent": "DB2-DATE-REFORMAT"
      },
      {
        "level": 3,
        "depth": 2,
        "name": "DB2-DATE-REF-DAY",
        "byteOffset": 8,
        "dataLength": 2,
        "byteLength": 2,
        "indexList": [],
        "parent": "DB2-DATE-REFORMAT"
      }
    ]
  },
  {
    "level": 1,
    "depth": 1,
    "name": "DATA-STORE-TYPE",
    "byteOffset": 0,
    "dataLength": 1,
    "byteLength": 1,
    "indexList": [],
    "children": [
      {
        "level": 88,
        "depth": 2,
        "name": "DATASTORE-TYPE-DB2",
        "byteOffset": 0,
        "dataLength": 1,
        "byteLength": 1,
        "indexList": [],
        "parent": "DATA-STORE-TYPE",
        "values": [
          "2"
        ]
      },
      {
        "level": 88,
        "depth": 2,
        "name": "DATASTORE-TYPE-VSAM",
        "byteOffset": 0,
        "dataLength": 1,
        "byteLength": 1,
        "indexList": [],
        "parent": "DATA-STORE-TYPE",
        "values": [
          "V"
        ]
      }
    ]
  },
  {
    "level": 1,
    "depth": 1,
    "name": "DB2-EXIT-LOOP",
    "byteOffset": 0,
    "dataLength": 1,
    "byteLength": 1,
    "indexList": []
  },
  {
    "level": 1,
    "depth": 1,
    "name": "FETCH-DATA-CNT",
    "byteOffset": 0,
    "dataLength": 4,
    "byteLength": 2,
    "fieldCompression": "computational",
    "indexList": []
  },
  {
    "level": 1,
    "depth": 1,
    "name": "WS-CUST-ALT-KEY-LEN",
    "byteOffset": 0,
    "dataLength": 4,
    "byteLength": 2,
    "fieldCompression": "computational",
    "indexList": [],
    "values": [
      "+10"
    ]
  },
  {
    "level": 1,
    "depth": 1,
    "name": "ACCOUNT-KY",
    "byteOffset": 0,
    "dataLength": 14,
    "byteLength": 14,
    "indexList": [],
    "children": [
      {
        "level": 3,
        "depth": 2,
        "name": "REQUIRED-SORT-CODE",
        "byteOffset": 0,
        "dataLength": 6,
        "byteLength": 6,
        "indexList": [],
        "parent": "ACCOUNT-KY",
        "values": [
          "0"
        ]
      },
      {
        "level": 3,
        "depth": 2,
        "name": "REQUIRED-ACC-NUM",
        "byteOffset": 6,
        "dataLength": 8,
        "byteLength": 8,
        "indexList": [],
        "parent": "ACCOUNT-KY",
        "values": [
          "0"
        ]
      }
    ]
  },
  {
    "level": 1,
    "depth": 1,
    "name": "MY-ABEND-CODE",
    "byteOffset": 0,
    "dataLength": 4,
    "byteLength": 4,
    "indexList": []
  },
  {
    "level": 1,
    "depth": 1,
    "name": "WS-STORM-DRAIN",
    "byteOffset": 0,
    "dataLength": 1,
    "byteLength": 1,
    "indexList": [],
    "values": [
      "N"
    ]
  },
  {
    "level": 1,
    "depth": 1,
    "name": "STORM-DRAIN-CONDITION",
    "byteOffset": 0,
    "dataLength": 20,
    "byteLength": 20,
    "indexList": []
  },
  {
    "level": 1,
    "depth": 1,
    "name": "SQLCODE-DISPLAY",
    "byteOffset": 0,
    "dataLength": 8,
    "byteLength": 8,
    "indexList": []
  },
  {
    "level": 1,
    "depth": 1,
    "name": "NCS-ACC-NO-STUFF",
    "byteOffset": 0,
    "dataLength": 50,
    "byteLength": 34,
    "indexList": [],
    "children": [
      {
        "level": 3,
        "depth": 2,
        "name": "NCS-ACC-NO-NAME",
        "byteOffset": 0,
        "dataLength": 16,
        "byteLength": 16,
        "indexList": [],
        "parent": "NCS-ACC-NO-STUFF",
        "children": [
          {
            "level": 5,
            "depth": 3,
            "name": "NCS-ACC-NO-ACT-NAME",
            "byteOffset": 0,
            "dataLength": 8,
            "byteLength": 8,
            "indexList": [],
            "parent": "NCS-ACC-NO-NAME",
            "values": [
              "HBNKACCT"
            ]
          },
          {
            "level": 5,
            "depth": 3,
            "name": "NCS-ACC-NO-TEST-SORT",
            "byteOffset": 8,
            "dataLength": 6,
            "byteLength": 6,
            "indexList": [],
            "parent": "NCS-ACC-NO-NAME",
            "values": [
              "      "
            ]
          },
          {
            "level": 5,
            "depth": 3,
            "name": "NCS-ACC-NO-FILL",
            "byteOffset": 14,
            "dataLength": 2,
            "byteLength": 2,
            "indexList": [],
            "parent": "NCS-ACC-NO-NAME",
            "values": [
              "  "
            ]
          }
        ]
      },
      {
        "level": 3,
        "depth": 2,
        "name": "NCS-ACC-NO-INC",
        "byteOffset": 16,
        "dataLength": 16,
        "byteLength": 8,
        "fieldCompression": "computational",
        "indexList": [],
        "parent": "NCS-ACC-NO-STUFF",
        "values": [
          "0"
        ]
      },
      {
        "level": 3,
        "depth": 2,
        "name": "NCS-ACC-NO-VALUE",
        "byteOffset": 24,
        "dataLength": 16,
        "byteLength": 8,
        "fieldCompression": "computational",
        "indexList": [],
        "parent": "NCS-ACC-NO-STUFF",
        "values": [
          "0"
        ]
      },
      {
        "level": 3,
        "depth": 2,
        "name": "NCS-ACC-NO-RESP",
        "byteOffset": 32,
        "dataLength": 2,
        "byteLength": 2,
        "indexList": [],
        "parent": "NCS-ACC-NO-STUFF",
        "values": [
          "00"
        ]
      }
    ]
  },
  {
    "level": 1,
    "depth": 1,
    "name": "WS-DISP-ACC-NO-VAL",
    "byteOffset": 0,
    "dataLength": 18,
    "byteLength": 18,
    "indexList": []
  },
  {
    "level": 1,
    "depth": 1,
    "name": "ACCOUNT-KY2",
    "byteOffset": 0,
    "dataLength": 14,
    "byteLength": 14,
    "indexList": [],
    "children": [
      {
        "level": 3,
        "depth": 2,
        "name": "REQUIRED-SORT-CODE2",
        "byteOffset": 0,
        "dataLength": 6,
        "byteLength": 6,
        "indexList": [],
        "parent": "ACCOUNT-KY2",
        "values": [
          "0"
        ]
      },
      {
        "level": 3,
        "depth": 2,
        "name": "REQUIRED-ACC-NUMBER2",
        "byteOffset": 6,
        "dataLength": 8,
        "byteLength": 8,
        "indexList": [],
        "parent": "ACCOUNT-KY2",
        "values": [
          "0"
        ]
      }
    ]
  },
  {
    "level": 1,
    "depth": 1,
    "name": "WS-POINTER",
    "byteOffset": 0,
    "indexList": []
  },
  {
    "level": 1,
    "depth": 1,
    "name": "WS-POINTER-BYTES",
    "redefines": "WS-POINTER",
    "byteOffset": 0,
    "dataLength": 8,
    "byteLength": 8,
    "indexList": [],
    "topRoot": "WS-POINTER"
  },
  {
    "level": 1,
    "depth": 1,
    "name": "WS-POINTER-NUMBER",
    "redefines": "WS-POINTER",
    "byteOffset": 0,
    "dataLength": 8,
    "byteLength": 8,
    "indexList": [],
    "topRoot": "WS-POINTER"
  },
  {
    "level": 1,
    "depth": 1,
    "name": "WS-POINTER-NUMBER-DISPLAY",
    "byteOffset": 0,
    "dataLength": 8,
    "byteLength": 8,
    "indexList": []
  },
  {
    "level": 1,
    "depth": 1,
    "name": "WS-U-TIME",
    "byteOffset": 0,
    "dataLength": 15,
    "byteLength": 8,
    "fieldCompression": "computational-3",
    "indexList": []
  },
  {
    "level": 1,
    "depth": 1,
    "name": "WS-ORIG-DATE",
    "byteOffset": 0,
    "dataLength": 10,
    "byteLength": 10,
    "indexList": []
  },
  {
    "level": 1,
    "depth": 1,
    "name": "WS-ORIG-DATE-GRP",
    "redefines": "WS-ORIG-DATE",
    "byteOffset": 0,
    "dataLength": 10,
    "byteLength": 10,
    "indexList": [],
    "topRoot": "WS-ORIG-DATE",
    "children": [
      {
        "level": 3,
        "depth": 2,
        "name": "WS-ORIG-DATE-DD",
        "byteOffset": 0,
        "dataLength": 2,
        "byteLength": 2,
        "indexList": [],
        "parent": "WS-ORIG-DATE-GRP"
      },
      {
        "level": 3,
        "depth": 2,
        "name": "FILLER%100",
        "byteOffset": 2,
        "dataLength": 1,
        "byteLength": 1,
        "indexList": [],
        "parent": "WS-ORIG-DATE-GRP"
      },
      {
        "level": 3,
        "depth": 2,
        "name": "WS-ORIG-DATE-MM",
        "byteOffset": 3,
        "dataLength": 2,
        "byteLength": 2,
        "indexList": [],
        "parent": "WS-ORIG-DATE-GRP"
      },
      {
        "level": 3,
        "depth": 2,
        "name": "FILLER%102",
        "byteOffset": 5,
        "dataLength": 1,
        "byteLength": 1,
        "indexList": [],
        "parent": "WS-ORIG-DATE-GRP"
      },
      {
        "level": 3,
        "depth": 2,
        "name": "WS-ORIG-DATE-YYYY",
        "byteOffset": 6,
        "dataLength": 4,
        "byteLength": 4,
        "indexList": [],
        "parent": "WS-ORIG-DATE-GRP"
      }
    ]
  },
  {
    "level": 1,
    "depth": 1,
    "name": "WS-ORIG-DATE-GRP-X",
    "byteOffset": 0,
    "dataLength": 10,
    "byteLength": 10,
    "indexList": [],
    "children": [
      {
        "level": 3,
        "depth": 2,
        "name": "WS-ORIG-DATE-DD-X",
        "byteOffset": 0,
        "dataLength": 2,
        "byteLength": 2,
        "indexList": [],
        "parent": "WS-ORIG-DATE-GRP-X"
      },
      {
        "level": 3,
        "depth": 2,
        "name": "FILLER%106",
        "byteOffset": 2,
        "dataLength": 1,
        "byteLength": 1,
        "indexList": [],
        "parent": "WS-ORIG-DATE-GRP-X",
        "values": [
          "."
        ]
      },
      {
        "level": 3,
        "depth": 2,
        "name": "WS-ORIG-DATE-MM-X",
        "byteOffset": 3,
        "dataLength": 2,
        "byteLength": 2,
        "indexList": [],
        "parent": "WS-ORIG-DATE-GRP-X"
      },
      {
        "level": 3,
        "depth": 2,
        "name": "FILLER%108",
        "byteOffset": 5,
        "dataLength": 1,
        "byteLength": 1,
        "indexList": [],
        "parent": "WS-ORIG-DATE-GRP-X",
        "values": [
          "."
        ]
      },
      {
        "level": 3,
        "depth": 2,
        "name": "WS-ORIG-DATE-YYYY-X",
        "byteOffset": 6,
        "dataLength": 4,
        "byteLength": 4,
        "indexList": [],
        "parent": "WS-ORIG-DATE-GRP-X"
      }
    ]
  },
  {
    "level": 1,
    "depth": 1,
    "name": "WS-TIME-DATA",
    "byteOffset": 0,
    "dataLength": 6,
    "byteLength": 6,
    "indexList": [],
    "children": [
      {
        "level": 3,
        "depth": 2,
        "name": "WS-TIME-NOW",
        "byteOffset": 0,
        "dataLength": 6,
        "byteLength": 6,
        "indexList": [],
        "parent": "WS-TIME-DATA"
      },
      {
        "level": 3,
        "depth": 2,
        "name": "WS-TIME-NOW-GRP",
        "redefines": "WS-TIME-NOW",
        "byteOffset": 0,
        "dataLength": 6,
        "byteLength": 6,
        "indexList": [],
        "parent": "WS-TIME-DATA",
        "topRoot": "WS-TIME-DATA",
        "children": [
          {
            "level": 5,
            "depth": 3,
            "name": "WS-TIME-NOW-GRP-HH",
            "byteOffset": 0,
            "dataLength": 2,
            "byteLength": 2,
            "indexList": [],
            "parent": "WS-TIME-NOW-GRP"
          },
          {
            "level": 5,
            "depth": 3,
            "name": "WS-TIME-NOW-GRP-MM",
            "byteOffset": 2,
            "dataLength": 2,
            "byteLength": 2,
            "indexList": [],
            "parent": "WS-TIME-NOW-GRP"
          },
          {
            "level": 5,
            "depth": 3,
            "name": "WS-TIME-NOW-GRP-SS",
            "byteOffset": 4,
            "dataLength": 2,
            "byteLength": 2,
            "indexList": [],
            "parent": "WS-TIME-NOW-GRP"
          }
        ]
      }
    ]
  },
  {
    "level": 1,
    "depth": 1,
    "name": "WS-ABEND-PGM",
    "byteOffset": 0,
    "dataLength": 8,
    "byteLength": 8,
    "indexList": [],
    "values": [
      "ABNDPROC"
    ]
  },
  {
    "level": 1,
    "depth": 1,
    "name": "ABNDINFO-REC",
    "byteOffset": 0,
    "dataLength": 685,
    "byteLength": 678,
    "indexList": [],
    "children": [
      {
        "level": 3,
        "depth": 2,
        "name": "ABND-VSAM-KEY",
        "byteOffset": 0,
        "dataLength": 19,
        "byteLength": 12,
        "indexList": [],
        "parent": "ABNDINFO-REC",
        "children": [
          {
            "level": 5,
            "depth": 3,
            "name": "ABND-UTIME-KEY",
            "byteOffset": 0,
            "dataLength": 15,
            "byteLength": 8,
            "fieldCompression": "computational-3",
            "indexList": [],
            "parent": "ABND-VSAM-KEY"
          },
          {
            "level": 5,
            "depth": 3,
            "name": "ABND-TASKNO-KEY",
            "byteOffset": 8,
            "dataLength": 4,
            "byteLength": 4,
            "indexList": [],
            "parent": "ABND-VSAM-KEY"
          }
        ]
      },
      {
        "level": 3,
        "depth": 2,
        "name": "ABND-APPLID",
        "byteOffset": 12,
        "dataLength": 8,
        "byteLength": 8,
        "indexList": [],
        "parent": "ABNDINFO-REC"
      },
      {
        "level": 3,
        "depth": 2,
        "name": "ABND-TRANID",
        "byteOffset": 20,
        "dataLength": 4,
        "byteLength": 4,
        "indexList": [],
        "parent": "ABNDINFO-REC"
      },
      {
        "level": 3,
        "depth": 2,
        "name": "ABND-DATE",
        "byteOffset": 24,
        "dataLength": 10,
        "byteLength": 10,
        "indexList": [],
        "parent": "ABNDINFO-REC"
      },
      {
        "level": 3,
        "depth": 2,
        "name": "ABND-TIME",
        "byteOffset": 34,
        "dataLength": 8,
        "byteLength": 8,
        "indexList": [],
        "parent": "ABNDINFO-REC"
      },
      {
        "level": 3,
        "depth": 2,
        "name": "ABND-CODE",
        "byteOffset": 42,
        "dataLength": 4,
        "byteLength": 4,
        "indexList": [],
        "parent": "ABNDINFO-REC"
      },
      {
        "level": 3,
        "depth": 2,
        "name": "ABND-PROGRAM",
        "byteOffset": 46,
        "dataLength": 8,
        "byteLength": 8,
        "indexList": [],
        "parent": "ABNDINFO-REC"
      },
      {
        "level": 3,
        "depth": 2,
        "name": "ABND-RESPCODE",
        "byteOffset": 54,
        "dataLength": 8,
        "byteLength": 8,
        "indexList": [],
        "parent": "ABNDINFO-REC"
      },
      {
        "level": 3,
        "depth": 2,
        "name": "ABND-RESP2CODE",
        "byteOffset": 62,
        "dataLength": 8,
        "byteLength": 8,
        "indexList": [],
        "parent": "ABNDINFO-REC"
      },
      {
        "level": 3,
        "depth": 2,
        "name": "ABND-SQLCODE",
        "byteOffset": 70,
        "dataLength": 8,
        "byteLength": 8,
        "indexList": [],
        "parent": "ABNDINFO-REC"
      },
      {
        "level": 3,
        "depth": 2,
        "name": "ABND-FREEFORM",
        "byteOffset": 78,
        "dataLength": 600,
        "byteLength": 600,
        "indexList": [],
        "parent": "ABNDINFO-REC"
      }
    ]
  }
]