[
  {
    "level": 77,
    "depth": 1,
    "name": "SYSIDERR-RETRY",
    "byteOffset": 0,
    "dataLength": 3,
    "byteLength": 3,
    "indexList": []
  },
  {
    "level": 77,
    "depth": 1,
    "name": "INQCUST-RETRY",
    "byteOffset": 0,
    "dataLength": 4,
    "byteLength": 4,
    "indexList": []
  },
  {
    "level": 1,
    "depth": 1,
    "name": "WS-CICS-WORK-AREA",
    "byteOffset": 0,
    "dataLength": 16,
    "byteLength": 8,
    "indexList": [],
    "children": [
      {
        "level": 3,
        "depth": 2,
        "name": "WS-CICS-RESP",
        "byteOffset": 0,
        "dataLength": 8,
        "byteLength": 4,
        "fieldCompression": "computational",
        "indexList": [],
        "parent": "WS-CICS-WORK-AREA"
      },
      {
        "level": 3,
        "depth": 2,
        "name": "WS-CICS-RESP2",
        "byteOffset": 4,
        "dataLength": 8,
        "byteLength": 4,
        "fieldCompression": "computational",
        "indexList": [],
        "parent": "WS-CICS-WORK-AREA"
      }
    ]
  },
  {
    "level": 77,
    "depth": 1,
    "name": "SORTCODE",
    "byteOffset": 0,
    "dataLength": 6,
    "byteLength": 6,
    "indexList": [],
    "values": [
      "987654"
    ]
  },
  {
    "level": 1,
    "depth": 1,
    "name": "OUTPUT-DATA",
    "byteOffset": 0,
    "dataLength": 259,
    "byteLength": 259,
    "indexList": [],
    "children": [
      {
        "level": 3,
        "depth": 2,
        "name": "CUSTOMER-RECORD",
        "byteOffset": 0,
        "dataLength": 259,
        "byteLength": 259,
        "indexList": [],
        "parent": "OUTPUT-DATA",
        "children": [
          {
            "level": 5,
            "depth": 3,
            "name": "CUSTOMER-EYECATCHER",
            "byteOffset": 0,
            "dataLength": 4,
            "byteLength": 4,
            "indexList": [],
            "parent": "CUSTOMER-RECORD",
            "children": [
              {
                "level": 88,
                "depth": 4,
                "name": "CUSTOMER-EYECATCHER-VALUE",
                "byteOffset": 0,
                "dataLength": 4,
                "byteLength": 4,
                "indexList": [],
                "parent": "CUSTOMER-EYECATCHER",
                "values": [
                  "CUST"
                ]
              }
            ]
          },
          {
            "level": 5,
            "depth": 3,
            "name": "CUSTOMER-KEY",
            "byteOffset": 4,
            "dataLength": 16,
            "byteLength": 16,
            "indexList": [],
            "parent": "CUSTOMER-RECORD",
            "children": [
              {
                "level": 7,
                "depth": 4,
                "name": "CUSTOMER-SORTCODE",
                "byteOffset": 4,
                "dataLength": 6,
                "byteLength": 6,
                "indexList": [],
                "parent": "CUSTOMER-KEY"
              },
              {
                "level": 7,
                "depth": 4,
                "name": "CUSTOMER-NUMBER",
                "byteOffset": 10,
                "dataLength": 10,
                "byteLength": 10,
                "indexList": [],
                "parent": "CUSTOMER-KEY"
              }
            ]
          },
          {
            "level": 5,
            "depth": 3,
            "name": "CUSTOMER-NAME",
            "byteOffset": 20,
            "dataLength": 60,
            "byteLength": 60,
            "indexList": [],
            "parent": "CUSTOMER-RECORD"
          },
          {
            "level": 5,
            "depth": 3,
            "name": "CUSTOMER-ADDRESS",
            "byteOffset": 80,
            "dataLength": 160,
            "byteLength": 160,
            "indexList": [],
            "parent": "CUSTOMER-RECORD"
          },
          {
            "level": 5,
            "depth": 3,
            "name": "CUSTOMER-DATE-OF-BIRTH",
            "byteOffset": 240,
            "dataLength": 8,
            "byteLength": 8,
            "indexList": [],
            "parent": "CUSTOMER-RECORD"
          },
          {
            "level": 5,
            "depth": 3,
            "name": "CUSTOMER-DOB-GROUP",
            "redefines": "CUSTOMER-DATE-OF-BIRTH",
            "byteOffset": 240,
            "dataLength": 8,
            "byteLength": 8,
            "indexList": [],
            "parent": "CUSTOMER-RECORD",
            "topRoot": "OUTPUT-DATA",
            "children": [
              {
                "level": 7,
                "depth": 4,
                "name": "CUSTOMER-BIRTH-DAY",
                "byteOffset": 240,
                "dataLength": 2,
                "byteLength": 2,
                "indexList": [],
                "parent": "CUSTOMER-DOB-GROUP"
              },
              {
                "level": 7,
                "depth": 4,
                "name": "CUSTOMER-BIRTH-MONTH",
                "byteOffset": 242,
                "dataLength": 2,
                "byteLength": 2,
                "indexList": [],
                "parent": "CUSTOMER-DOB-GROUP"
              },
              {
                "level": 7,
                "depth": 4,
                "name": "CUSTOMER-BIRTH-YEAR",
                "byteOffset": 244,
                "dataLength": 4,
                "byteLength": 4,
                "indexList": [],
                "parent": "CUSTOMER-DOB-GROUP"
              }
            ]
          },
          {
            "level": 5,
            "depth": 3,
            "name": "CUSTOMER-CREDIT-SCORE",
            "byteOffset": 248,
            "dataLength": 3,
            "byteLength": 3,
            "indexList": [],
            "parent": "CUSTOMER-RECORD"
          },
          {
            "level": 5,
            "depth": 3,
            "name": "CUSTOMER-CS-REVIEW-DATE",
            "byteOffset": 251,
            "dataLength": 8,
            "byteLength": 8,
            "indexList": [],
            "parent": "CUSTOMER-RECORD"
          },
          {
            "level": 5,
            "depth": 3,
            "name": "CUSTOMER-CS-GROUP",
            "redefines": "CUSTOMER-CS-REVIEW-DATE",
            "byteOffset": 251,
            "dataLength": 8,
            "byteLength": 8,
            "indexList": [],
            "parent": "CUSTOMER-RECORD",
            "topRoot": "OUTPUT-DATA",
            "children": [
              {
                "level": 7,
                "depth": 4,
                "name": "CUSTOMER-CS-REVIEW-DAY",
                "byteOffset": 251,
                "dataLength": 2,
                "byteLength": 2,
                "indexList": [],
                "parent": "CUSTOMER-CS-GROUP"
              },
              {
                "level": 7,
                "depth": 4,
                "name": "CUSTOMER-CS-REVIEW-MONTH",
                "byteOffset": 253,
                "dataLength": 2,
                "byteLength": 2,
                "indexList": [],
                "parent": "CUSTOMER-CS-GROUP"
              },
              {
                "level": 7,
                "depth": 4,
                "name": "CUSTOMER-CS-REVIEW-YEAR",
                "byteOffset": 255,
                "dataLength": 4,
                "byteLength": 4,
                "indexList": [],
                "parent": "CUSTOMER-CS-GROUP"
              }
            ]
          }
        ]
      }
    ]
  },
  {
    "level": 1,
    "depth": 1,
    "name": "CUSTOMER-KY",
    "byteOffset": 0,
    "dataLength": 16,
    "byteLength": 16,
    "indexList": [],
    "children": [
      {
        "level": 3,
        "depth": 2,
        "name": "REQUIRED-SORT-CODE",
        "byteOffset": 0,
        "dataLength": 6,
        "byteLength": 6,
        "indexList": [],
        "parent": "CUSTOMER-KY",
        "values": [
          "0"
        ]
      },
      {
        "level": 3,
        "depth": 2,
        "name": "REQUIRED-CUST-NUMBER",
        "byteOffset": 6,
        "dataLength": 10,
        "byteLength": 10,
        "indexList": [],
        "parent": "CUSTOMER-KY",
        "values": [
          "0"
        ]
      }
    ]
  },
  {
    "level": 1,
    "depth": 1,
    "name": "CUSTOMER-KY2",
    "byteOffset": 0,
    "dataLength": 16,
    "byteLength": 16,
    "indexList": [],
    "children": [
      {
        "level": 3,
        "depth": 2,
        "name": "REQUIRED-SORT-CODE2",
        "byteOffset": 0,
        "dataLength": 6,
        "byteLength": 6,
        "indexList": [],
        "parent": "CUSTOMER-KY2",
        "values": [
          "0"
        ]
      },
      {
        "level": 3,
        "depth": 2,
        "name": "REQUIRED-CUST-NUMBER2",
        "byteOffset": 6,
        "dataLength": 10,
        "byteLength": 10,
        "indexList": [],
        "parent": "CUSTOMER-KY2",
        "values": [
          "0"
        ]
      }
    ]
  },
  {
    "level": 1,
    "depth": 1,
    "name": "RANDOM-CUSTOMER",
    "byteOffset": 0,
    "dataLength": 10,
    "byteLength": 10,
    "indexList": [],
    "values": [
      "0"
    ]
  },
  {
    "level": 1,
    "depth": 1,
    "name": "HIGHEST-CUST-NUMBER",
    "byteOffset": 0,
    "dataLength": 10,
    "byteLength": 10,
    "indexList": [],
    "values": [
      "0"
    ]
  },
  {
    "level": 1,
    "depth": 1,
    "name": "EXIT-VSAM-READ",
    "byteOffset": 0,
    "dataLength": 1,
    "byteLength": 1,
    "indexList": [],
    "values": [
      "N"
    ]
  },
  {
    "level": 1,
    "depth": 1,
    "name": "EXIT-DB2-READ",
    "byteOffset": 0,
    "dataLength": 1,
    "byteLength": 1,
    "indexList": [],
    "values": [
      "N"
    ]
  },
  {
    "level": 1,
    "depth": 1,
    "name": "EXIT-IMS-READ",
    "byteOffset": 0,
    "dataLength": 1,
    "byteLength": 1,
    "indexList": [],
    "values": [
      "N"
    ]
  },
  {
    "level": 1,
    "depth": 1,
    "name": "WS-V-RETRIED",
    "byteOffset": 0,
    "dataLength": 1,
    "byteLength": 1,
    "indexList": [],
    "values": [
      "N"
    ]
  },
  {
    "level": 1,
    "depth": 1,
    "name": "WS-D-RETRIED",
    "byteOffset": 0,
    "dataLength": 1,
    "byteLength": 1,
    "indexList": [],
    "values": [
      "N"
    ]
  },
  {
    "level": 1,
    "depth": 1,
    "name": "WS-PROGRAM",
    "byteOffset": 0,
    "dataLength": 8,
    "byteLength": 8,
    "indexList": [],
    "values": [
      "SPACES"
    ]
  },
  {
    "level": 1,
    "depth": 1,
    "name": "NCS-CUST-NO-STUFF",
    "byteOffset": 0,
    "dataLength": 50,
    "byteLength": 34,
    "indexList": [],
    "children": [
      {
        "level": 3,
        "depth": 2,
        "name": "NCS-CUST-NO-NAME",
        "byteOffset": 0,
        "dataLength": 16,
        "byteLength": 16,
        "indexList": [],
        "parent": "NCS-CUST-NO-STUFF",
        "children": [
          {
            "level": 5,
            "depth": 3,
            "name": "NCS-CUST-NO-ACT-NAME",
            "byteOffset": 0,
            "dataLength": 8,
            "byteLength": 8,
            "indexList": [],
            "parent": "NCS-CUST-NO-NAME",
            "values": [
              "HBNKCUST"
            ]
          },
          {
            "level": 5,
            "depth": 3,
            "name": "NCS-CUST-NO-TEST-SORT",
            "byteOffset": 8,
            "dataLength": 6,
            "byteLength": 6,
            "indexList": [],
            "parent": "NCS-CUST-NO-NAME",
            "values": [
              "      "
            ]
          },
          {
            "level": 5,
            "depth": 3,
            "name": "NCS-CUST-NO-FILL",
            "byteOffset": 14,
            "dataLength": 2,
            "byteLength": 2,
            "indexList": [],
            "parent": "NCS-CUST-NO-NAME",
            "values": [
              "  "
            ]
          }
        ]
      },
      {
        "level": 3,
        "depth": 2,
        "name": "NCS-CUST-NO-INC",
        "byteOffset": 16,
        "dataLength": 16,
        "byteLength": 8,
        "fieldCompression": "computational",
        "indexList": [],
        "parent": "NCS-CUST-NO-STUFF",
        "values": [
          "0"
        ]
      },
      {
        "level": 3,
        "depth": 2,
        "name": "NCS-CUST-NO-VALUE",
        "byteOffset": 24,
        "dataLength": 16,
        "byteLength": 8,
        "fieldCompression": "computational",
        "indexList": [],
        "parent": "NCS-CUST-NO-STUFF",
        "values": [
          "0"
        ]
      },
      {
        "level": 3,
        "depth": 2,
        "name": "NCS-CUST-NO-RESP",
        "byteOffset": 32,
        "dataLength": 2,
        "byteLength": 2,
        "indexList": [],
        "parent": "NCS-CUST-NO-STUFF",
        "values": [
          "00"
        ]
      }
    ]
  },
  {
    "level": 1,
    "depth": 1,
    "name": "WS-PASSED-DATA",
    "byteOffset": 0,
    "dataLength": 13,
    "byteLength": 13,
    "indexList": [],
    "children": [
      {
        "level": 2,
        "depth": 2,
        "name": "WS-TEST-KEY",
        "byteOffset": 0,
        "dataLength": 4,
        "byteLength": 4,
        "indexList": [],
        "parent": "WS-PASSED-DATA"
      },
      {
        "level": 2,
        "depth": 2,
        "name": "WS-SORT-CODE",
        "byteOffset": 4,
        "dataLength": 6,
        "byteLength": 6,
        "indexList": [],
        "parent": "WS-PASSED-DATA"
      },
      {
        "level": 2,
        "depth": 2,
        "name": "WS-CUSTOMER-RANGE",
        "byteOffset": 10,
        "dataLength": 3,
        "byteLength": 3,
        "indexList": [],
        "parent": "WS-PASSED-DATA",
        "children": [
          {
            "level": 7,
            "depth": 3,
            "name": "WS-CUSTOMER-RANGE-TOP",
            "byteOffset": 10,
            "dataLength": 1,
            "byteLength": 1,
            "indexList": [],
            "parent": "WS-CUSTOMER-RANGE"
          },
          {
            "level": 7,
            "depth": 3,
            "name": "WS-CUSTOMER-RANGE-MIDDLE",
            "byteOffset": 11,
            "dataLength": 1,
            "byteLength": 1,
            "indexList": [],
            "parent": "WS-CUSTOMER-RANGE"
          },
          {
            "level": 7,
            "depth": 3,
            "name": "WS-CUSTOMER-RANGE-BOTTOM",
            "byteOffset": 12,
            "dataLength": 1,
            "byteLength": 1,
            "indexList": [],
            "parent": "WS-CUSTOMER-RANGE"
          }
        ]
      }
    ]
  },
  {
    "level": 1,
    "depth": 1,
    "name": "WS-SORT-DIV",
    "byteOffset": 0,
    "dataLength": 6,
    "byteLength": 6,
    "indexList": [],
    "children": [
      {
        "level": 3,
        "depth": 2,
        "name": "WS-SORT-DIV1",
        "byteOffset": 0,
        "dataLength": 2,
        "byteLength": 2,
        "indexList": [],
        "parent": "WS-SORT-DIV"
      },
      {
        "level": 3,
        "depth": 2,
        "name": "WS-SORT-DIV2",
        "byteOffset": 2,
        "dataLength": 2,
        "byteLength": 2,
        "indexList": [],
        "parent": "WS-SORT-DIV"
      },
      {
        "level": 3,
        "depth": 2,
        "name": "WS-SORT-DIV3",
        "byteOffset": 4,
        "dataLength": 2,
        "byteLength": 2,
        "indexList": [],
        "parent": "WS-SORT-DIV"
      }
    ]
  },
  {
    "level": 1,
    "depth": 1,
    "name": "WS-DISP-CUST-NO-VAL",
    "byteOffset": 0,
    "dataLength": 18,
    "byteLength": 18,
    "indexList": []
  },
  {
    "level": 1,
    "depth": 1,
    "name": "VAR-REMIX",
    "byteOffset": 0,
    "dataLength": 6,
    "byteLength": 6,
    "indexList": [],
    "children": [
      {
        "level": 3,
        "depth": 2,
        "name": "REMIX-SCODE",
        "byteOffset": 0,
        "dataLength": 6,
        "byteLength": 6,
        "indexList": [],
        "parent": "VAR-REMIX"
      },
      {
        "level": 3,
        "depth": 2,
        "name": "REMIX-NUM",
        "redefines": "REMIX-SCODE",
        "byteOffset": 0,
        "dataLength": 6,
        "byteLength": 6,
        "indexList": [],
        "parent": "VAR-REMIX",
        "topRoot": "VAR-REMIX",
        "children": [
          {
            "level": 5,
            "depth": 3,
            "name": "REMIX-SCODE-NUM",
            "byteOffset": 0,
            "dataLength": 6,
            "byteLength": 6,
            "indexList": [],
            "parent": "REMIX-NUM"
          }
        ]
      }
    ]
  },
  {
    "level": 1,
    "depth": 1,
    "name": "VAR-REMIX2",
    "byteOffset": 0,
    "dataLength": 3,
    "byteLength": 3,
    "indexList": [],
    "children": [
      {
        "level": 3,
        "depth": 2,
        "name": "REMIX2-CREDIT-SCR",
        "byteOffset": 0,
        "dataLength": 3,
        "byteLength": 3,
        "indexList": [],
        "parent": "VAR-REMIX2"
      },
      {
        "level": 3,
        "depth": 2,
        "name": "REMIX2-NUM",
        "redefines": "REMIX2-CREDIT-SCR",
        "byteOffset": 0,
        "dataLength": 3,
        "byteLength": 3,
        "indexList": [],
        "parent": "VAR-REMIX2",
        "topRoot": "VAR-REMIX2",
        "children": [
          {
            "level": 5,
            "depth": 3,
            "name": "REMIX2-CREDIT-SCR-NUM",
            "byteOffset": 0,
            "dataLength": 3,
            "byteLength": 3,
            "indexList": [],
            "parent": "REMIX2-NUM"
          }
        ]
      }
    ]
  },
  {
    "level": 1,
    "depth": 1,
    "name": "MY-ABEND-CODE",
    "byteOffset": 0,
    "dataLength": 4,
    "byteLength": 4,
    "indexList": []
  },
  {
    "level": 1,
    "depth": 1,
    "name": "WS-STORM-DRAIN",
    "byteOffset": 0,
    "dataLength": 1,
    "byteLength": 1,
    "indexList": [],
    "values": [
      "N"
    ]
  },
  {
    "level": 1,
    "depth": 1,
    "name": "STORM-DRAIN-CONDITION",
    "byteOffset": 0,
    "dataLength": 20,
    "byteLength": 20,
    "indexList": []
  },
  {
    "level": 1,
    "depth": 1,
    "name": "SQLCODE-DISPLAY",
    "byteOffset": 0,
    "dataLength": 8,
    "byteLength": 8,
    "indexList": []
  },
  {
    "level": 1,
    "depth": 1,
    "name": "WS-INVOKING-PROGRAM",
    "byteOffset": 0,
    "dataLength": 8,
    "byteLength": 8,
    "indexList": []
  },
  {
    "level": 1,
    "depth": 1,
    "name": "WS-POINTER",
    "byteOffset": 0,
    "indexList": []
  },
  {
    "level": 1,
    "depth": 1,
    "name": "WS-POINTER-BYTES",
    "redefines": "WS-POINTER",
    "byteOffset": 0,
    "dataLength": 8,
    "byteLength": 8,
    "indexList": [],
    "topRoot": "WS-POINTER"
  },
  {
    "level": 1,
    "depth": 1,
    "name": "WS-POINTER-NUMBER",
    "redefines": "WS-POINTER",
    "byteOffset": 0,
    "dataLength": 8,
    "byteLength": 8,
    "indexList": [],
    "topRoot": "WS-POINTER"
  },
  {
    "level": 1,
    "depth": 1,
    "name": "WS-POINTER-NUMBER-DISPLAY",
    "byteOffset": 0,
    "dataLength": 8,
    "byteLength": 8,
    "indexList": []
  },
  {
    "level": 1,
    "depth": 1,
    "name": "WS-U-TIME",
    "byteOffset": 0,
    "dataLength": 15,
    "byteLength": 8,
    "fieldCompression": "computational-3",
    "indexList": []
  },
  {
    "level": 1,
    "depth": 1,
    "name": "WS-ORIG-DATE",
    "byteOffset": 0,
    "dataLength": 10,
    "byteLength": 10,
    "indexList": []
  },
  {
    "level": 1,
    "depth": 1,
    "name": "WS-ORIG-DATE-GRP",
    "redefines": "WS-ORIG-DATE",
    "byteOffset": 0,
    "dataLength": 10,
    "byteLength": 10,
    "indexList": [],
    "topRoot": "WS-ORIG-DATE",
    "children": [
      {
        "level": 3,
        "depth": 2,
        "name": "WS-ORIG-DATE-DD",
        "byteOffset": 0,
        "dataLength": 2,
        "byteLength": 2,
        "indexList": [],
        "parent": "WS-ORIG-DATE-GRP"
      },
      {
        "level": 3,
        "depth": 2,
        "name": "FILLER",
        "byteOffset": 2,
        "dataLength": 1,
        "byteLength": 1,
        "indexList": [],
        "parent": "WS-ORIG-DATE-GRP"
      },
      {
        "level": 3,
        "depth": 2,
        "name": "WS-ORIG-DATE-MM",
        "byteOffset": 3,
        "dataLength": 2,
        "byteLength": 2,
        "indexList": [],
        "parent": "WS-ORIG-DATE-GRP"
      },
      {
        "level": 3,
        "depth": 2,
        "name": "FILLER%83",
        "byteOffset": 5,
        "dataLength": 1,
        "byteLength": 1,
        "indexList": [],
        "parent": "WS-ORIG-DATE-GRP"
      },
      {
        "level": 3,
        "depth": 2,
        "name": "WS-ORIG-DATE-YYYY",
        "byteOffset": 6,
        "dataLength": 4,
        "byteLength": 4,
        "indexList": [],
        "parent": "WS-ORIG-DATE-GRP"
      }
    ]
  },
  {
    "level": 1,
    "depth": 1,
    "name": "WS-ORIG-DATE-GRP-X",
    "byteOffset": 0,
    "dataLength": 10,
    "byteLength": 10,
    "indexList": [],
    "children": [
      {
        "level": 3,
        "depth": 2,
        "name": "WS-ORIG-DATE-DD-X",
        "byteOffset": 0,
        "dataLength": 2,
        "byteLength": 2,
        "indexList": [],
        "parent": "WS-ORIG-DATE-GRP-X"
      },
      {
        "level": 3,
        "depth": 2,
        "name": "FILLER%87",
        "byteOffset": 2,
        "dataLength": 1,
        "byteLength": 1,
        "indexList": [],
        "parent": "WS-ORIG-DATE-GRP-X",
        "values": [
          "."
        ]
      },
      {
        "level": 3,
        "depth": 2,
        "name": "WS-ORIG-DATE-MM-X",
        "byteOffset": 3,
        "dataLength": 2,
        "byteLength": 2,
        "indexList": [],
        "parent": "WS-ORIG-DATE-GRP-X"
      },
      {
        "level": 3,
        "depth": 2,
        "name": "FILLER%89",
        "byteOffset": 5,
        "dataLength": 1,
        "byteLength": 1,
        "indexList": [],
        "parent": "WS-ORIG-DATE-GRP-X",
        "values": [
          "."
        ]
      },
      {
        "level": 3,
        "depth": 2,
        "name": "WS-ORIG-DATE-YYYY-X",
        "byteOffset": 6,
        "dataLength": 4,
        "byteLength": 4,
        "indexList": [],
        "parent": "WS-ORIG-DATE-GRP-X"
      }
    ]
  },
  {
    "level": 1,
    "depth": 1,
    "name": "WS-TIME-DATA",
    "byteOffset": 0,
    "dataLength": 6,
    "byteLength": 6,
    "indexList": [],
    "children": [
      {
        "level": 3,
        "depth": 2,
        "name": "WS-TIME-NOW",
        "byteOffset": 0,
        "dataLength": 6,
        "byteLength": 6,
        "indexList": [],
        "parent": "WS-TIME-DATA"
      },
      {
        "level": 3,
        "depth": 2,
        "name": "WS-TIME-NOW-GRP",
        "redefines": "WS-TIME-NOW",
        "byteOffset": 0,
        "dataLength": 6,
        "byteLength": 6,
        "indexList": [],
        "parent": "WS-TIME-DATA",
        "topRoot": "WS-TIME-DATA",
        "children": [
          {
            "level": 5,
            "depth": 3,
            "name": "WS-TIME-NOW-GRP-HH",
            "byteOffset": 0,
            "dataLength": 2,
            "byteLength": 2,
            "indexList": [],
            "parent": "WS-TIME-NOW-GRP"
          },
          {
            "level": 5,
            "depth": 3,
            "name": "WS-TIME-NOW-GRP-MM",
            "byteOffset": 2,
            "dataLength": 2,
            "byteLength": 2,
            "indexList": [],
            "parent": "WS-TIME-NOW-GRP"
          },
          {
            "level": 5,
            "depth": 3,
            "name": "WS-TIME-NOW-GRP-SS",
            "byteOffset": 4,
            "dataLength": 2,
            "byteLength": 2,
            "indexList": [],
            "parent": "WS-TIME-NOW-GRP"
          }
        ]
      }
    ]
  },
  {
    "level": 1,
    "depth": 1,
    "name": "WS-ABEND-PGM",
    "byteOffset": 0,
    "dataLength": 8,
    "byteLength": 8,
    "indexList": [],
    "values": [
      "ABNDPROC"
    ]
  },
  {
    "level": 1,
    "depth": 1,
    "name": "ABNDINFO-REC",
    "byteOffset": 0,
    "dataLength": 685,
    "byteLength": 678,
    "indexList": [],
    "children": [
      {
        "level": 3,
        "depth": 2,
        "name": "ABND-VSAM-KEY",
        "byteOffset": 0,
        "dataLength": 19,
        "byteLength": 12,
        "indexList": [],
        "parent": "ABNDINFO-REC",
        "children": [
          {
            "level": 5,
            "depth": 3,
            "name": "ABND-UTIME-KEY",
            "byteOffset": 0,
            "dataLength": 15,
            "byteLength": 8,
            "fieldCompression": "computational-3",
            "indexList": [],
            "parent": "ABND-VSAM-KEY"
          },
          {
            "level": 5,
            "depth": 3,
            "name": "ABND-TASKNO-KEY",
            "byteOffset": 8,
            "dataLength": 4,
            "byteLength": 4,
            "indexList": [],
            "parent": "ABND-VSAM-KEY"
          }
        ]
      },
      {
        "level": 3,
        "depth": 2,
        "name": "ABND-APPLID",
        "byteOffset": 12,
        "dataLength": 8,
        "byteLength": 8,
        "indexList": [],
        "parent": "ABNDINFO-REC"
      },
      {
        "level": 3,
        "depth": 2,
        "name": "ABND-TRANID",
        "byteOffset": 20,
        "dataLength": 4,
        "byteLength": 4,
        "indexList": [],
        "parent": "ABNDINFO-REC"
      },
      {
        "level": 3,
        "depth": 2,
        "name": "ABND-DATE",
        "byteOffset": 24,
        "dataLength": 10,
        "byteLength": 10,
        "indexList": [],
        "parent": "ABNDINFO-REC"
      },
      {
        "level": 3,
        "depth": 2,
        "name": "ABND-TIME",
        "byteOffset": 34,
        "dataLength": 8,
        "byteLength": 8,
        "indexList": [],
        "parent": "ABNDINFO-REC"
      },
      {
        "level": 3,
        "depth": 2,
        "name": "ABND-CODE",
        "byteOffset": 42,
        "dataLength": 4,
        "byteLength": 4,
        "indexList": [],
        "parent": "ABNDINFO-REC"
      },
      {
        "level": 3,
        "depth": 2,
        "name": "ABND-PROGRAM",
        "byteOffset": 46,
        "dataLength": 8,
        "byteLength": 8,
        "indexList": [],
        "parent": "ABNDINFO-REC"
      },
      {
        "level": 3,
        "depth": 2,
        "name": "ABND-RESPCODE",
        "byteOffset": 54,
        "dataLength": 8,
        "byteLength": 8,
        "indexList": [],
        "parent": "ABNDINFO-REC"
      },
      {
        "level": 3,
        "depth": 2,
        "name": "ABND-RESP2CODE",
        "byteOffset": 62,
        "dataLength": 8,
        "byteLength": 8,
        "indexList": [],
        "parent": "ABNDINFO-REC"
      },
      {
        "level": 3,
        "depth": 2,
        "name": "ABND-SQLCODE",
        "byteOffset": 70,
        "dataLength": 8,
        "byteLength": 8,
        "indexList": [],
        "parent": "ABNDINFO-REC"
      },
      {
        "level": 3,
        "depth": 2,
        "name": "ABND-FREEFORM",
        "byteOffset": 78,
        "dataLength": 600,
        "byteLength": 600,
        "indexList": [],
        "parent": "ABNDINFO-REC"
      }
    ]
  },
  {
    "level": 1,
    "depth": 1,
    "name": "DFHCOMMAREA",
    "byteOffset": 0,
    "dataLength": 261,
    "byteLength": 261,
    "indexList": [],
    "children": [
      {
        "level": 3,
        "depth": 2,
        "name": "INQCUST-EYE",
        "byteOffset": 0,
        "dataLength": 4,
        "byteLength": 4,
        "indexList": [],
        "parent": "DFHCOMMAREA"
      },
      {
        "level": 3,
        "depth": 2,
        "name": "INQCUST-SCODE",
        "byteOffset": 4,
        "dataLength": 6,
        "byteLength": 6,
        "indexList": [],
        "parent": "DFHCOMMAREA"
      },
      {
        "level": 3,
        "depth": 2,
        "name": "INQCUST-CUSTNO",
        "byteOffset": 10,
        "dataLength": 10,
        "byteLength": 10,
        "indexList": [],
        "parent": "DFHCOMMAREA"
      },
      {
        "level": 3,
        "depth": 2,
        "name": "INQCUST-NAME",
        "byteOffset": 20,
        "dataLength": 60,
        "byteLength": 60,
        "indexList": [],
        "parent": "DFHCOMMAREA"
      },
      {
        "level": 3,
        "depth": 2,
        "name": "INQCUST-ADDR",
        "byteOffset": 80,
        "dataLength": 160,
        "byteLength": 160,
        "indexList": [],
        "parent": "DFHCOMMAREA"
      },
      {
        "level": 3,
        "depth": 2,
        "name": "INQCUST-DOB",
        "byteOffset": 240,
        "dataLength": 8,
        "byteLength": 8,
        "indexList": [],
        "parent": "DFHCOMMAREA",
        "children": [
          {
            "level": 5,
            "depth": 3,
            "name": "INQCUST-DOB-DD",
            "byteOffset": 240,
            "dataLength": 2,
            "byteLength": 2,
            "indexList": [],
            "parent": "INQCUST-DOB"
          },
          {
            "level": 5,
            "depth": 3,
            "name": "INQCUST-DOB-MM",
            "byteOffset": 242,
            "dataLength": 2,
            "byteLength": 2,
            "indexList": [],
            "parent": "INQCUST-DOB"
          },
          {
            "level": 5,
            "depth": 3,
            "name": "INQCUST-DOB-YYYY",
            "byteOffset": 244,
            "dataLength": 4,
            "byteLength": 4,
            "indexList": [],
            "parent": "INQCUST-DOB"
          }
        ]
      },
      {
        "level": 3,
        "depth": 2,
        "name": "INQCUST-CREDIT-SCORE",
        "byteOffset": 248,
        "dataLength": 3,
        "byteLength": 3,
        "indexList": [],
        "parent": "DFHCOMMAREA"
      },
      {
        "level": 3,
        "depth": 2,
        "name": "INQCUST-CS-REVIEW-DT",
        "byteOffset": 251,
        "dataLength": 8,
        "byteLength": 8,
        "indexList": [],
        "parent": "DFHCOMMAREA",
        "children": [
          {
            "level": 5,
            "depth": 3,
            "name": "INQCUST-CS-REVIEW-DD",
            "byteOffset": 251,
            "dataLength": 2,
            "byteLength": 2,
            "indexList": [],
            "parent": "INQCUST-CS-REVIEW-DT"
          },
          {
            "level": 5,
            "depth": 3,
            "name": "INQCUST-CS-REVIEW-MM",
            "byteOffset": 253,
            "dataLength": 2,
            "byteLength": 2,
            "indexList": [],
            "parent": "INQCUST-CS-REVIEW-DT"
          },
          {
            "level": 5,
            "depth": 3,
            "name": "INQCUST-CS-REVIEW-YYYY",
            "byteOffset": 255,
            "dataLength": 4,
            "byteLength": 4,
            "indexList": [],
            "parent": "INQCUST-CS-REVIEW-DT"
          }
        ]
      },
      {
        "level": 3,
        "depth": 2,
        "name": "INQCUST-INQ-SUCCESS",
        "byteOffset": 259,
        "dataLength": 1,
        "byteLength": 1,
        "indexList": [],
        "parent": "DFHCOMMAREA"
      },
      {
        "level": 3,
        "depth": 2,
        "name": "INQCUST-INQ-FAIL-CD",
        "byteOffset": 260,
        "dataLength": 1,
        "byteLength": 1,
        "indexList": [],
        "parent": "DFHCOMMAREA"
      },
      {
        "level": 3,
        "depth": 2,
        "name": "INQCUST-PCB-POINTER",
        "byteOffset": 261,
        "indexList": [],
        "parent": "DFHCOMMAREA"
      }
    ]
  }
]