[
  {
    "level": 77,
    "depth": 1,
    "name": "SORTCODE",
    "byteOffset": 0,
    "dataLength": 6,
    "byteLength": 6,
    "indexList": [],
    "values": [
      "987654"
    ]
  },
  {
    "level": 77,
    "depth": 1,
    "name": "SYSIDERR-RETRY",
    "byteOffset": 0,
    "dataLength": 3,
    "byteLength": 3,
    "indexList": []
  },
  {
    "level": 1,
    "depth": 1,
    "name": "HOST-ACCOUNT-ROW",
    "byteOffset": 0,
    "dataLength": 108,
    "byteLength": 88,
    "indexList": [],
    "children": [
      {
        "level": 3,
        "depth": 2,
        "name": "HV-ACCOUNT-EYECATCHER",
        "byteOffset": 0,
        "dataLength": 4,
        "byteLength": 4,
        "indexList": [],
        "parent": "HOST-ACCOUNT-ROW"
      },
      {
        "level": 3,
        "depth": 2,
        "name": "HV-ACCOUNT-CUST-NO",
        "byteOffset": 4,
        "dataLength": 10,
        "byteLength": 10,
        "indexList": [],
        "parent": "HOST-ACCOUNT-ROW"
      },
      {
        "level": 3,
        "depth": 2,
        "name": "HV-ACCOUNT-KEY",
        "byteOffset": 14,
        "dataLength": 14,
        "byteLength": 14,
        "indexList": [],
        "parent": "HOST-ACCOUNT-ROW",
        "children": [
          {
            "level": 5,
            "depth": 3,
            "name": "HV-ACCOUNT-SORTCODE",
            "byteOffset": 14,
            "dataLength": 6,
            "byteLength": 6,
            "indexList": [],
            "parent": "HV-ACCOUNT-KEY"
          },
          {
            "level": 5,
            "depth": 3,
            "name": "HV-ACCOUNT-ACC-NO",
            "byteOffset": 20,
            "dataLength": 8,
            "byteLength": 8,
            "indexList": [],
            "parent": "HV-ACCOUNT-KEY"
          }
        ]
      },
      {
        "level": 3,
        "depth": 2,
        "name": "HV-ACCOUNT-ACC-TYPE",
        "byteOffset": 28,
        "dataLength": 8,
        "byteLength": 8,
        "indexList": [],
        "parent": "HOST-ACCOUNT-ROW"
      },
      {
        "level": 3,
        "depth": 2,
        "name": "HV-ACCOUNT-INT-RATE",
        "byteOffset": 36,
        "dataLength": 7,
        "byteLength": 4,
        "fieldCompression": "computational-3",
        "indexList": [],
        "parent": "HOST-ACCOUNT-ROW",
        "decimalNumberPortion": 2
      },
      {
        "level": 3,
        "depth": 2,
        "name": "HV-ACCOUNT-OPENED",
        "byteOffset": 40,
        "dataLength": 10,
        "byteLength": 10,
        "indexList": [],
        "parent": "HOST-ACCOUNT-ROW"
      },
      {
        "level": 3,
        "depth": 2,
        "name": "HV-ACCOUNT-OVERDRAFT-LIM",
        "byteOffset": 50,
        "dataLength": 9,
        "byteLength": 4,
        "fieldCompression": "computational",
        "indexList": [],
        "parent": "HOST-ACCOUNT-ROW"
      },
      {
        "level": 3,
        "depth": 2,
        "name": "HV-ACCOUNT-LAST-STMT",
        "byteOffset": 54,
        "dataLength": 10,
        "byteLength": 10,
        "indexList": [],
        "parent": "HOST-ACCOUNT-ROW"
      },
      {
        "level": 3,
        "depth": 2,
        "name": "HV-ACCOUNT-NEXT-STMT",
        "byteOffset": 64,
        "dataLength": 10,
        "byteLength": 10,
        "indexList": [],
        "parent": "HOST-ACCOUNT-ROW"
      },
      {
        "level": 3,
        "depth": 2,
        "name": "HV-ACCOUNT-AVAIL-BAL",
        "byteOffset": 74,
        "dataLength": 13,
        "byteLength": 7,
        "fieldCompression": "computational-3",
        "indexList": [],
        "parent": "HOST-ACCOUNT-ROW",
        "decimalNumberPortion": 2
      },
      {
        "level": 3,
        "depth": 2,
        "name": "HV-ACCOUNT-ACTUAL-BAL",
        "byteOffset": 81,
        "dataLength": 13,
        "byteLength": 7,
        "fieldCompression": "computational-3",
        "indexList": [],
        "parent": "HOST-ACCOUNT-ROW",
        "decimalNumberPortion": 2
      }
    ]
  },
  {
    "level": 1,
    "depth": 1,
    "name": "SQLCODE-DISPLAY",
    "byteOffset": 0,
    "dataLength": 8,
    "byteLength": 8,
    "indexList": []
  },
  {
    "level": 1,
    "depth": 1,
    "name": "WS-CICS-WORK-AREA",
    "byteOffset": 0,
    "dataLength": 16,
    "byteLength": 8,
    "indexList": [],
    "children": [
      {
        "level": 5,
        "depth": 2,
        "name": "WS-CICS-RESP",
        "byteOffset": 0,
        "dataLength": 8,
        "byteLength": 4,
        "fieldCompression": "computational",
        "indexList": [],
        "parent": "WS-CICS-WORK-AREA"
      },
      {
        "level": 5,
        "depth": 2,
        "name": "WS-CICS-RESP2",
        "byteOffset": 4,
        "dataLength": 8,
        "byteLength": 4,
        "fieldCompression": "computational",
        "indexList": [],
        "parent": "WS-CICS-WORK-AREA"
      }
    ]
  },
  {
    "level": 1,
    "depth": 1,
    "name": "DB2-DATE-REFORMAT",
    "byteOffset": 0,
    "dataLength": 10,
    "byteLength": 10,
    "indexList": [],
    "children": [
      {
        "level": 3,
        "depth": 2,
        "name": "DB2-DATE-REF-YR",
        "byteOffset": 0,
        "dataLength": 4,
        "byteLength": 4,
        "indexList": [],
        "parent": "DB2-DATE-REFORMAT"
      },
      {
        "level": 3,
        "depth": 2,
        "name": "FILLER",
        "byteOffset": 4,
        "dataLength": 1,
        "byteLength": 1,
        "indexList": [],
        "parent": "DB2-DATE-REFORMAT"
      },
      {
        "level": 3,
        "depth": 2,
        "name": "DB2-DATE-REF-MNTH",
        "byteOffset": 5,
        "dataLength": 2,
        "byteLength": 2,
        "indexList": [],
        "parent": "DB2-DATE-REFORMAT"
      },
      {
        "level": 3,
        "depth": 2,
        "name": "FILLER%24",
        "byteOffset": 7,
        "dataLength": 1,
        "byteLength": 1,
        "indexList": [],
        "parent": "DB2-DATE-REFORMAT"
      },
      {
        "level": 3,
        "depth": 2,
        "name": "DB2-DATE-REF-DAY",
        "byteOffset": 8,
        "dataLength": 2,
        "byteLength": 2,
        "indexList": [],
        "parent": "DB2-DATE-REFORMAT"
      }
    ]
  },
  {
    "level": 1,
    "depth": 1,
    "name": "WS-ACC-DATA",
    "byteOffset": 0,
    "dataLength": 101,
    "byteLength": 101,
    "indexList": [],
    "children": [
      {
        "level": 3,
        "depth": 2,
        "name": "ACCOUNT-DATA",
        "byteOffset": 0,
        "dataLength": 101,
        "byteLength": 101,
        "indexList": [],
        "parent": "WS-ACC-DATA",
        "children": [
          {
            "level": 5,
            "depth": 3,
            "name": "ACCOUNT-EYE-CATCHER",
            "byteOffset": 0,
            "dataLength": 4,
            "byteLength": 4,
            "indexList": [],
            "parent": "ACCOUNT-DATA",
            "children": [
              {
                "level": 88,
                "depth": 4,
                "name": "ACCOUNT-EYECATCHER-VALUE",
                "byteOffset": 0,
                "dataLength": 4,
                "byteLength": 4,
                "indexList": [],
                "parent": "ACCOUNT-EYE-CATCHER",
                "values": [
                  "ACCT"
                ]
              }
            ]
          },
          {
            "level": 5,
            "depth": 3,
            "name": "ACCOUNT-CUST-NO",
            "byteOffset": 4,
            "dataLength": 10,
            "byteLength": 10,
            "indexList": [],
            "parent": "ACCOUNT-DATA"
          },
          {
            "level": 5,
            "depth": 3,
            "name": "ACCOUNT-KEY",
            "byteOffset": 14,
            "dataLength": 14,
            "byteLength": 14,
            "indexList": [],
            "parent": "ACCOUNT-DATA",
            "children": [
              {
                "level": 7,
                "depth": 4,
                "name": "ACCOUNT-SORT-CODE",
                "byteOffset": 14,
                "dataLength": 6,
                "byteLength": 6,
                "indexList": [],
                "parent": "ACCOUNT-KEY"
              },
              {
                "level": 7,
                "depth": 4,
                "name": "ACCOUNT-NUMBER",
                "byteOffset": 20,
                "dataLength": 8,
                "byteLength": 8,
                "indexList": [],
                "parent": "ACCOUNT-KEY"
              }
            ]
          },
          {
            "level": 5,
            "depth": 3,
            "name": "ACCOUNT-TYPE",
            "byteOffset": 28,
            "dataLength": 8,
            "byteLength": 8,
            "indexList": [],
            "parent": "ACCOUNT-DATA"
          },
          {
            "level": 5,
            "depth": 3,
            "name": "ACCOUNT-INTEREST-RATE",
            "byteOffset": 36,
            "dataLength": 7,
            "byteLength": 7,
            "indexList": [],
            "parent": "ACCOUNT-DATA",
            "decimalNumberPortion": 2
          },
          {
            "level": 5,
            "depth": 3,
            "name": "ACCOUNT-OPENED",
            "byteOffset": 43,
            "dataLength": 8,
            "byteLength": 8,
            "indexList": [],
            "parent": "ACCOUNT-DATA"
          },
          {
            "level": 5,
            "depth": 3,
            "name": "ACCOUNT-OPENED-GROUP",
            "redefines": "ACCOUNT-OPENED",
            "byteOffset": 43,
            "dataLength": 8,
            "byteLength": 8,
            "indexList": [],
            "parent": "ACCOUNT-DATA",
            "topRoot": "WS-ACC-DATA",
            "children": [
              {
                "level": 7,
                "depth": 4,
                "name": "ACCOUNT-OPENED-DAY",
                "byteOffset": 43,
                "dataLength": 2,
                "byteLength": 2,
                "indexList": [],
                "parent": "ACCOUNT-OPENED-GROUP"
              },
              {
                "level": 7,
                "depth": 4,
                "name": "ACCOUNT-OPENED-MONTH",
                "byteOffset": 45,
                "dataLength": 2,
                "byteLength": 2,
                "indexList": [],
                "parent": "ACCOUNT-OPENED-GROUP"
              },
              {
                "level": 7,
                "depth": 4,
                "name": "ACCOUNT-OPENED-YEAR",
                "byteOffset": 47,
                "dataLength": 4,
                "byteLength": 4,
                "indexList": [],
                "parent": "ACCOUNT-OPENED-GROUP"
              }
            ]
          },
          {
            "level": 5,
            "depth": 3,
            "name": "ACCOUNT-OVERDRAFT-LIMIT",
            "byteOffset": 51,
            "dataLength": 8,
            "byteLength": 8,
            "indexList": [],
            "parent": "ACCOUNT-DATA"
          },
          {
            "level": 5,
            "depth": 3,
            "name": "ACCOUNT-LAST-STMT-DATE",
            "byteOffset": 59,
            "dataLength": 8,
            "byteLength": 8,
            "indexList": [],
            "parent": "ACCOUNT-DATA"
          },
          {
            "level": 5,
            "depth": 3,
            "name": "ACCOUNT-LAST-STMT-GROUP",
            "redefines": "ACCOUNT-LAST-STMT-DATE",
            "byteOffset": 59,
            "dataLength": 8,
            "byteLength": 8,
            "indexList": [],
            "parent": "ACCOUNT-DATA",
            "topRoot": "WS-ACC-DATA",
            "children": [
              {
                "level": 7,
                "depth": 4,
                "name": "ACCOUNT-LAST-STMT-DAY",
                "byteOffset": 59,
                "dataLength": 2,
                "byteLength": 2,
                "indexList": [],
                "parent": "ACCOUNT-LAST-STMT-GROUP"
              },
              {
                "level": 7,
                "depth": 4,
                "name": "ACCOUNT-LAST-STMT-MONTH",
                "byteOffset": 61,
                "dataLength": 2,
                "byteLength": 2,
                "indexList": [],
                "parent": "ACCOUNT-LAST-STMT-GROUP"
              },
              {
                "level": 7,
                "depth": 4,
                "name": "ACCOUNT-LAST-STMT-YEAR",
                "byteOffset": 63,
                "dataLength": 4,
                "byteLength": 4,
                "indexList": [],
                "parent": "ACCOUNT-LAST-STMT-GROUP"
              }
            ]
          },
          {
            "level": 5,
            "depth": 3,
            "name": "ACCOUNT-NEXT-STMT-DATE",
            "byteOffset": 67,
            "dataLength": 8,
            "byteLength": 8,
            "indexList": [],
            "parent": "ACCOUNT-DATA"
          },
          {
            "level": 5,
            "depth": 3,
            "name": "ACCOUNT-NEXT-STMT-GROUP",
            "redefines": "ACCOUNT-NEXT-STMT-DATE",
            "byteOffset": 67,
            "dataLength": 8,
            "byteLength": 8,
            "indexList": [],
            "parent": "ACCOUNT-DATA",
            "topRoot": "WS-ACC-DATA",
            "children": [
              {
                "level": 7,
                "depth": 4,
                "name": "ACCOUNT-NEXT-STMT-DAY",
                "byteOffset": 67,
                "dataLength": 2,
                "byteLength": 2,
                "indexList": [],
                "parent": "ACCOUNT-NEXT-STMT-GROUP"
              },
              {
                "level": 7,
                "depth": 4,
                "name": "ACCOUNT-NEXT-STMT-MONTH",
                "byteOffset": 69,
                "dataLength": 2,
                "byteLength": 2,
                "indexList": [],
                "parent": "ACCOUNT-NEXT-STMT-GROUP"
              },
              {
                "level": 7,
                "depth": 4,
                "name": "ACCOUNT-NEXT-STMT-YEAR",
                "byteOffset": 71,
                "dataLength": 4,
                "byteLength": 4,
                "indexList": [],
                "parent": "ACCOUNT-NEXT-STMT-GROUP"
              }
            ]
          },
          {
            "level": 5,
            "depth": 3,
            "name": "ACCOUNT-AVAILABLE-BALANCE",
            "byteOffset": 75,
            "dataLength": 13,
            "byteLength": 13,
            "indexList": [],
            "parent": "ACCOUNT-DATA",
            "decimalNumberPortion": 2
          },
          {
            "level": 5,
            "depth": 3,
            "name": "ACCOUNT-ACTUAL-BALANCE",
            "byteOffset": 88,
            "dataLength": 13,
            "byteLength": 13,
            "indexList": [],
            "parent": "ACCOUNT-DATA",
            "decimalNumberPortion": 2
          }
        ]
      }
    ]
  },
  {
    "level": 1,
    "depth": 1,
    "name": "WS-EIBTASKN12",
    "byteOffset": 0,
    "dataLength": 12,
    "byteLength": 12,
    "indexList": [],
    "values": [
      "0"
    ]
  },
  {
    "level": 1,
    "depth": 1,
    "name": "WS-SQLCODE-DISP",
    "byteOffset": 0,
    "dataLength": 9,
    "byteLength": 9,
    "indexList": [],
    "values": [
      "0"
    ]
  },
  {
    "level": 1,
    "depth": 1,
    "name": "DESIRED-ACC-KEY",
    "byteOffset": 0,
    "dataLength": 14,
    "byteLength": 14,
    "indexList": [],
    "children": [
      {
        "level": 3,
        "depth": 2,
        "name": "DESIRED-SORT-CODE",
        "byteOffset": 0,
        "dataLength": 6,
        "byteLength": 6,
        "indexList": [],
        "parent": "DESIRED-ACC-KEY"
      },
      {
        "level": 3,
        "depth": 2,
        "name": "DESIRED-ACC-NO",
        "byteOffset": 6,
        "dataLength": 8,
        "byteLength": 8,
        "indexList": [],
        "parent": "DESIRED-ACC-KEY"
      }
    ]
  },
  {
    "level": 1,
    "depth": 1,
    "name": "NEW-ACCOUNT-AVAILABLE-BALANCE",
    "byteOffset": 0,
    "dataLength": 13,
    "byteLength": 13,
    "indexList": [],
    "values": [
      "0"
    ],
    "decimalNumberPortion": 2
  },
  {
    "level": 1,
    "depth": 1,
    "name": "NEW-ACCOUNT-ACTUAL-BALANCE",
    "byteOffset": 0,
    "dataLength": 13,
    "byteLength": 13,
    "indexList": [],
    "values": [
      "0"
    ],
    "decimalNumberPortion": 2
  },
  {
    "level": 1,
    "depth": 1,
    "name": "WS-ACC-REC-LEN",
    "byteOffset": 0,
    "dataLength": 4,
    "byteLength": 2,
    "fieldCompression": "computational",
    "indexList": [],
    "values": [
      "0"
    ]
  },
  {
    "level": 1,
    "depth": 1,
    "name": "WS-U-TIME",
    "byteOffset": 0,
    "dataLength": 15,
    "byteLength": 8,
    "fieldCompression": "computational-3",
    "indexList": []
  },
  {
    "level": 1,
    "depth": 1,
    "name": "WS-ORIG-DATE",
    "byteOffset": 0,
    "dataLength": 10,
    "byteLength": 10,
    "indexList": []
  },
  {
    "level": 1,
    "depth": 1,
    "name": "WS-ORIG-DATE-GRP",
    "redefines": "WS-ORIG-DATE",
    "byteOffset": 0,
    "dataLength": 10,
    "byteLength": 10,
    "indexList": [],
    "topRoot": "WS-ORIG-DATE",
    "children": [
      {
        "level": 3,
        "depth": 2,
        "name": "WS-ORIG-DATE-DD",
        "byteOffset": 0,
        "dataLength": 2,
        "byteLength": 2,
        "indexList": [],
        "parent": "WS-ORIG-DATE-GRP"
      },
      {
        "level": 3,
        "depth": 2,
        "name": "FILLER%66",
        "byteOffset": 2,
        "dataLength": 1,
        "byteLength": 1,
        "indexList": [],
        "parent": "WS-ORIG-DATE-GRP"
      },
      {
        "level": 3,
        "depth": 2,
        "name": "WS-ORIG-DATE-MM",
        "byteOffset": 3,
        "dataLength": 2,
        "byteLength": 2,
        "indexList": [],
        "parent": "WS-ORIG-DATE-GRP"
      },
      {
        "level": 3,
        "depth": 2,
        "name": "FILLER%68",
        "byteOffset": 5,
        "dataLength": 1,
        "byteLength": 1,
        "indexList": [],
        "parent": "WS-ORIG-DATE-GRP"
      },
      {
        "level": 3,
        "depth": 2,
        "name": "WS-ORIG-DATE-YYYY",
        "byteOffset": 6,
        "dataLength": 4,
        "byteLength": 4,
        "indexList": [],
        "parent": "WS-ORIG-DATE-GRP"
      }
    ]
  },
  {
    "level": 1,
    "depth": 1,
    "name": "WS-ORIG-DATE-GRP-X",
    "byteOffset": 0,
    "dataLength": 10,
    "byteLength": 10,
    "indexList": [],
    "children": [
      {
        "level": 3,
        "depth": 2,
        "name": "WS-ORIG-DATE-DD-X",
        "byteOffset": 0,
        "dataLength": 2,
        "byteLength": 2,
        "indexList": [],
        "parent": "WS-ORIG-DATE-GRP-X"
      },
      {
        "level": 3,
        "depth": 2,
        "name": "FILLER%72",
        "byteOffset": 2,
        "dataLength": 1,
        "byteLength": 1,
        "indexList": [],
        "parent": "WS-ORIG-DATE-GRP-X",
        "values": [
          "."
        ]
      },
      {
        "level": 3,
        "depth": 2,
        "name": "WS-ORIG-DATE-MM-X",
        "byteOffset": 3,
        "dataLength": 2,
        "byteLength": 2,
        "indexList": [],
        "parent": "WS-ORIG-DATE-GRP-X"
      },
      {
        "level": 3,
        "depth": 2,
        "name": "FILLER%74",
        "byteOffset": 5,
        "dataLength": 1,
        "byteLength": 1,
        "indexList": [],
        "parent": "WS-ORIG-DATE-GRP-X",
        "values": [
          "."
        ]
      },
      {
        "level": 3,
        "depth": 2,
        "name": "WS-ORIG-DATE-YYYY-X",
        "byteOffset": 6,
        "dataLength": 4,
        "byteLength": 4,
        "indexList": [],
        "parent": "WS-ORIG-DATE-GRP-X"
      }
    ]
  },
  {
    "level": 1,
    "depth": 1,
    "name": "REJ-REASON",
    "byteOffset": 0,
    "dataLength": 2,
    "byteLength": 2,
    "indexList": [],
    "values": [
      "SPACES"
    ]
  },
  {
    "level": 1,
    "depth": 1,
    "name": "CUSTOMER-KY",
    "byteOffset": 0,
    "dataLength": 14,
    "byteLength": 14,
    "indexList": [],
    "children": [
      {
        "level": 3,
        "depth": 2,
        "name": "REQUIRED-SORT-CODE",
        "byteOffset": 0,
        "dataLength": 6,
        "byteLength": 6,
        "indexList": [],
        "parent": "CUSTOMER-KY",
        "values": [
          "0"
        ]
      },
      {
        "level": 3,
        "depth": 2,
        "name": "REQUIRED-ACC-NUM",
        "byteOffset": 6,
        "dataLength": 8,
        "byteLength": 8,
        "indexList": [],
        "parent": "CUSTOMER-KY",
        "values": [
          "0"
        ]
      }
    ]
  },
  {
    "level": 1,
    "depth": 1,
    "name": "STORM-DRAIN-CONDITION",
    "byteOffset": 0,
    "dataLength": 20,
    "byteLength": 20,
    "indexList": []
  },
  {
    "level": 1,
    "depth": 1,
    "name": "WS-TIME-DATA",
    "byteOffset": 0,
    "dataLength": 6,
    "byteLength": 6,
    "indexList": [],
    "children": [
      {
        "level": 3,
        "depth": 2,
        "name": "WS-TIME-NOW",
        "byteOffset": 0,
        "dataLength": 6,
        "byteLength": 6,
        "indexList": [],
        "parent": "WS-TIME-DATA"
      },
      {
        "level": 3,
        "depth": 2,
        "name": "WS-TIME-NOW-GRP",
        "redefines": "WS-TIME-NOW",
        "byteOffset": 0,
        "dataLength": 6,
        "byteLength": 6,
        "indexList": [],
        "parent": "WS-TIME-DATA",
        "topRoot": "WS-TIME-DATA",
        "children": [
          {
            "level": 5,
            "depth": 3,
            "name": "WS-TIME-NOW-GRP-HH",
            "byteOffset": 0,
            "dataLength": 2,
            "byteLength": 2,
            "indexList": [],
            "parent": "WS-TIME-NOW-GRP"
          },
          {
            "level": 5,
            "depth": 3,
            "name": "WS-TIME-NOW-GRP-MM",
            "byteOffset": 2,
            "dataLength": 2,
            "byteLength": 2,
            "indexList": [],
            "parent": "WS-TIME-NOW-GRP"
          },
          {
            "level": 5,
            "depth": 3,
            "name": "WS-TIME-NOW-GRP-SS",
            "byteOffset": 4,
            "dataLength": 2,
            "byteLength": 2,
            "indexList": [],
            "parent": "WS-TIME-NOW-GRP"
          }
        ]
      }
    ]
  },
  {
    "level": 1,
    "depth": 1,
    "name": "WS-ABEND-PGM",
    "byteOffset": 0,
    "dataLength": 8,
    "byteLength": 8,
    "indexList": [],
    "values": [
      "ABNDPROC"
    ]
  },
  {
    "level": 1,
    "depth": 1,
    "name": "ABNDINFO-REC",
    "byteOffset": 0,
    "dataLength": 685,
    "byteLength": 678,
    "indexList": [],
    "children": [
      {
        "level": 3,
        "depth": 2,
        "name": "ABND-VSAM-KEY",
        "byteOffset": 0,
        "dataLength": 19,
        "byteLength": 12,
        "indexList": [],
        "parent": "ABNDINFO-REC",
        "children": [
          {
            "level": 5,
            "depth": 3,
            "name": "ABND-UTIME-KEY",
            "byteOffset": 0,
            "dataLength": 15,
            "byteLength": 8,
            "fieldCompression": "computational-3",
            "indexList": [],
            "parent": "ABND-VSAM-KEY"
          },
          {
            "level": 5,
            "depth": 3,
            "name": "ABND-TASKNO-KEY",
            "byteOffset": 8,
            "dataLength": 4,
            "byteLength": 4,
            "indexList": [],
            "parent": "ABND-VSAM-KEY"
          }
        ]
      },
      {
        "level": 3,
        "depth": 2,
        "name": "ABND-APPLID",
        "byteOffset": 12,
        "dataLength": 8,
        "byteLength": 8,
        "indexList": [],
        "parent": "ABNDINFO-REC"
      },
      {
        "level": 3,
        "depth": 2,
        "name": "ABND-TRANID",
        "byteOffset": 20,
        "dataLength": 4,
        "byteLength": 4,
        "indexList": [],
        "parent": "ABNDINFO-REC"
      },
      {
        "level": 3,
        "depth": 2,
        "name": "ABND-DATE",
        "byteOffset": 24,
        "dataLength": 10,
        "byteLength": 10,
        "indexList": [],
        "parent": "ABNDINFO-REC"
      },
      {
        "level": 3,
        "depth": 2,
        "name": "ABND-TIME",
        "byteOffset": 34,
        "dataLength": 8,
        "byteLength": 8,
        "indexList": [],
        "parent": "ABNDINFO-REC"
      },
      {
        "level": 3,
        "depth": 2,
        "name": "ABND-CODE",
        "byteOffset": 42,
        "dataLength": 4,
        "byteLength": 4,
        "indexList": [],
        "parent": "ABNDINFO-REC"
      },
      {
        "level": 3,
        "depth": 2,
        "name": "ABND-PROGRAM",
        "byteOffset": 46,
        "dataLength": 8,
        "byteLength": 8,
        "indexList": [],
        "parent": "ABNDINFO-REC"
      },
      {
        "level": 3,
        "depth": 2,
        "name": "ABND-RESPCODE",
        "byteOffset": 54,
        "dataLength": 8,
        "byteLength": 8,
        "indexList": [],
        "parent": "ABNDINFO-REC"
      },
      {
        "level": 3,
        "depth": 2,
        "name": "ABND-RESP2CODE",
        "byteOffset": 62,
        "dataLength": 8,
        "byteLength": 8,
        "indexList": [],
        "parent": "ABNDINFO-REC"
      },
      {
        "level": 3,
        "depth": 2,
        "name": "ABND-SQLCODE",
        "byteOffset": 70,
        "dataLength": 8,
        "byteLength": 8,
        "indexList": [],
        "parent": "ABNDINFO-REC"
      },
      {
        "level": 3,
        "depth": 2,
        "name": "ABND-FREEFORM",
        "byteOffset": 78,
        "dataLength": 600,
        "byteLength": 600,
        "indexList": [],
        "parent": "ABNDINFO-REC"
      }
    ]
  },
  {
    "level": 1,
    "depth": 1,
    "name": "DFHCOMMAREA",
    "byteOffset": 0,
    "dataLength": 102,
    "byteLength": 102,
    "indexList": [],
    "children": [
      {
        "level": 3,
        "depth": 2,
        "name": "COMM-EYE",
        "byteOffset": 0,
        "dataLength": 4,
        "byteLength": 4,
        "indexList": [],
        "parent": "DFHCOMMAREA"
      },
      {
        "level": 3,
        "depth": 2,
        "name": "COMM-CUSTNO",
        "byteOffset": 4,
        "dataLength": 10,
        "byteLength": 10,
        "indexList": [],
        "parent": "DFHCOMMAREA"
      },
      {
        "level": 3,
        "depth": 2,
        "name": "COMM-SCODE",
        "byteOffset": 14,
        "dataLength": 6,
        "byteLength": 6,
        "indexList": [],
        "parent": "DFHCOMMAREA"
      },
      {
        "level": 3,
        "depth": 2,
        "name": "COMM-ACCNO",
        "byteOffset": 20,
        "dataLength": 8,
        "byteLength": 8,
        "indexList": [],
        "parent": "DFHCOMMAREA"
      },
      {
        "level": 3,
        "depth": 2,
        "name": "COMM-ACC-TYPE",
        "byteOffset": 28,
        "dataLength": 8,
        "byteLength": 8,
        "indexList": [],
        "parent": "DFHCOMMAREA"
      },
      {
        "level": 3,
        "depth": 2,
        "name": "COMM-INT-RATE",
        "byteOffset": 36,
        "dataLength": 7,
        "byteLength": 7,
        "indexList": [],
        "parent": "DFHCOMMAREA",
        "decimalNumberPortion": 2
      },
      {
        "level": 3,
        "depth": 2,
        "name": "COMM-OPENED",
        "byteOffset": 43,
        "dataLength": 8,
        "byteLength": 8,
        "indexList": [],
        "parent": "DFHCOMMAREA"
      },
      {
        "level": 3,
        "depth": 2,
        "name": "COMM-OPENED-GROUP",
        "redefines": "COMM-OPENED",
        "byteOffset": 43,
        "dataLength": 8,
        "byteLength": 8,
        "indexList": [],
        "parent": "DFHCOMMAREA",
        "topRoot": "DFHCOMMAREA",
        "children": [
          {
            "level": 5,
            "depth": 3,
            "name": "COMM-OPENED-DAY",
            "byteOffset": 43,
            "dataLength": 2,
            "byteLength": 2,
            "indexList": [],
            "parent": "COMM-OPENED-GROUP"
          },
          {
            "level": 5,
            "depth": 3,
            "name": "COMM-OPENED-MONTH",
            "byteOffset": 45,
            "dataLength": 2,
            "byteLength": 2,
            "indexList": [],
            "parent": "COMM-OPENED-GROUP"
          },
          {
            "level": 5,
            "depth": 3,
            "name": "COMM-OPENED-YEAR",
            "byteOffset": 47,
            "dataLength": 4,
            "byteLength": 4,
            "indexList": [],
            "parent": "COMM-OPENED-GROUP"
          }
        ]
      },
      {
        "level": 3,
        "depth": 2,
        "name": "COMM-OVERDRAFT",
        "byteOffset": 51,
        "dataLength": 8,
        "byteLength": 8,
        "indexList": [],
        "parent": "DFHCOMMAREA"
      },
      {
        "level": 3,
        "depth": 2,
        "name": "COMM-LAST-STMT-DT",
        "byteOffset": 59,
        "dataLength": 8,
        "byteLength": 8,
        "indexList": [],
        "parent": "DFHCOMMAREA"
      },
      {
        "level": 3,
        "depth": 2,
        "name": "COMM-LAST-STMNT-GROUP",
        "redefines": "COMM-LAST-STMT-DT",
        "byteOffset": 59,
        "dataLength": 8,
        "byteLength": 8,
        "indexList": [],
        "parent": "DFHCOMMAREA",
        "topRoot": "DFHCOMMAREA",
        "children": [
          {
            "level": 5,
            "depth": 3,
            "name": "COMM-LASTST-DAY",
            "byteOffset": 59,
            "dataLength": 2,
            "byteLength": 2,
            "indexList": [],
            "parent": "COMM-LAST-STMNT-GROUP"
          },
          {
            "level": 5,
            "depth": 3,
            "name": "COMM-LASTST-MONTH",
            "byteOffset": 61,
            "dataLength": 2,
            "byteLength": 2,
            "indexList": [],
            "parent": "COMM-LAST-STMNT-GROUP"
          },
          {
            "level": 5,
            "depth": 3,
            "name": "COMM-LASTST-YEAR",
            "byteOffset": 63,
            "dataLength": 4,
            "byteLength": 4,
            "indexList": [],
            "parent": "COMM-LAST-STMNT-GROUP"
          }
        ]
      },
      {
        "level": 3,
        "depth": 2,
        "name": "COMM-NEXT-STMT-DT",
        "byteOffset": 67,
        "dataLength": 8,
        "byteLength": 8,
        "indexList": [],
        "parent": "DFHCOMMAREA"
      },
      {
        "level": 3,
        "depth": 2,
        "name": "COMM-NEXT-STMNT-GROUP",
        "redefines": "COMM-NEXT-STMT-DT",
        "byteOffset": 67,
        "dataLength": 8,
        "byteLength": 8,
        "indexList": [],
        "parent": "DFHCOMMAREA",
        "topRoot": "DFHCOMMAREA",
        "children": [
          {
            "level": 5,
            "depth": 3,
            "name": "COMM-NEXTST-DAY",
            "byteOffset": 67,
            "dataLength": 2,
            "byteLength": 2,
            "indexList": [],
            "parent": "COMM-NEXT-STMNT-GROUP"
          },
          {
            "level": 5,
            "depth": 3,
            "name": "COMM-NEXTST-MONTH",
            "byteOffset": 69,
            "dataLength": 2,
            "byteLength": 2,
            "indexList": [],
            "parent": "COMM-NEXT-STMNT-GROUP"
          },
          {
            "level": 5,
            "depth": 3,
            "name": "COMM-NEXTST-YEAR",
            "byteOffset": 71,
            "dataLength": 4,
            "byteLength": 4,
            "indexList": [],
            "parent": "COMM-NEXT-STMNT-GROUP"
          }
        ]
      },
      {
        "level": 3,
        "depth": 2,
        "name": "COMM-AVAIL-BAL",
        "byteOffset": 75,
        "dataLength": 13,
        "byteLength": 13,
        "indexList": [],
        "parent": "DFHCOMMAREA",
        "decimalNumberPortion": 2
      },
      {
        "level": 3,
        "depth": 2,
        "name": "COMM-ACTUAL-BAL",
        "byteOffset": 88,
        "dataLength": 13,
        "byteLength": 13,
        "indexList": [],
        "parent": "DFHCOMMAREA",
        "decimalNumberPortion": 2
      },
      {
        "level": 3,
        "depth": 2,
        "name": "COMM-SUCCESS",
        "byteOffset": 101,
        "dataLength": 1,
        "byteLength": 1,
        "indexList": [],
        "parent": "DFHCOMMAREA"
      }
    ]
  }
]