[
  {
    "level": 77,
    "depth": 1,
    "name": "SORTCODE",
    "byteOffset": 0,
    "dataLength": 6,
    "byteLength": 6,
    "indexList": [],
    "values": [
      "987654"
    ]
  },
  {
    "level": 77,
    "depth": 1,
    "name": "SYSIDERR-RETRY",
    "byteOffset": 0,
    "dataLength": 3,
    "byteLength": 3,
    "indexList": []
  },
  {
    "level": 1,
    "depth": 1,
    "name": "WS-CICS-WORK-AREA",
    "byteOffset": 0,
    "dataLength": 16,
    "byteLength": 8,
    "indexList": [],
    "children": [
      {
        "level": 3,
        "depth": 2,
        "name": "WS-CICS-RESP",
        "byteOffset": 0,
        "dataLength": 8,
        "byteLength": 4,
        "fieldCompression": "computational",
        "indexList": [],
        "parent": "WS-CICS-WORK-AREA"
      },
      {
        "level": 3,
        "depth": 2,
        "name": "WS-CICS-RESP2",
        "byteOffset": 4,
        "dataLength": 8,
        "byteLength": 4,
        "fieldCompression": "computational",
        "indexList": [],
        "parent": "WS-CICS-WORK-AREA"
      }
    ]
  },
  {
    "level": 1,
    "depth": 1,
    "name": "DB2-DATE-REFORMAT",
    "byteOffset": 0,
    "dataLength": 10,
    "byteLength": 10,
    "indexList": [],
    "children": [
      {
        "level": 3,
        "depth": 2,
        "name": "DB2-DATE-REF-YR",
        "byteOffset": 0,
        "dataLength": 4,
        "byteLength": 4,
        "indexList": [],
        "parent": "DB2-DATE-REFORMAT"
      },
      {
        "level": 3,
        "depth": 2,
        "name": "FILLER",
        "byteOffset": 4,
        "dataLength": 1,
        "byteLength": 1,
        "indexList": [],
        "parent": "DB2-DATE-REFORMAT"
      },
      {
        "level": 3,
        "depth": 2,
        "name": "DB2-DATE-REF-MNTH",
        "byteOffset": 5,
        "dataLength": 2,
        "byteLength": 2,
        "indexList": [],
        "parent": "DB2-DATE-REFORMAT"
      },
      {
        "level": 3,
        "depth": 2,
        "name": "FILLER%9",
        "byteOffset": 7,
        "dataLength": 1,
        "byteLength": 1,
        "indexList": [],
        "parent": "DB2-DATE-REFORMAT"
      },
      {
        "level": 3,
        "depth": 2,
        "name": "DB2-DATE-REF-DAY",
        "byteOffset": 8,
        "dataLength": 2,
        "byteLength": 2,
        "indexList": [],
        "parent": "DB2-DATE-REFORMAT"
      }
    ]
  },
  {
    "level": 1,
    "depth": 1,
    "name": "WS-CUST-DATA",
    "byteOffset": 0,
    "dataLength": 259,
    "byteLength": 259,
    "indexList": [],
    "children": [
      {
        "level": 3,
        "depth": 2,
        "name": "CUSTOMER-RECORD",
        "byteOffset": 0,
        "dataLength": 259,
        "byteLength": 259,
        "indexList": [],
        "parent": "WS-CUST-DATA",
        "children": [
          {
            "level": 5,
            "depth": 3,
            "name": "CUSTOMER-EYECATCHER",
            "byteOffset": 0,
            "dataLength": 4,
            "byteLength": 4,
            "indexList": [],
            "parent": "CUSTOMER-RECORD",
            "children": [
              {
                "level": 88,
                "depth": 4,
                "name": "CUSTOMER-EYECATCHER-VALUE",
                "byteOffset": 0,
                "dataLength": 4,
                "byteLength": 4,
                "indexList": [],
                "parent": "CUSTOMER-EYECATCHER",
                "values": [
                  "CUST"
                ]
              }
            ]
          },
          {
            "level": 5,
            "depth": 3,
            "name": "CUSTOMER-KEY",
            "byteOffset": 4,
            "dataLength": 16,
            "byteLength": 16,
            "indexList": [],
            "parent": "CUSTOMER-RECORD",
            "children": [
              {
                "level": 7,
                "depth": 4,
                "name": "CUSTOMER-SORTCODE",
                "byteOffset": 4,
                "dataLength": 6,
                "byteLength": 6,
                "indexList": [],
                "parent": "CUSTOMER-KEY"
              },
              {
                "level": 7,
                "depth": 4,
                "name": "CUSTOMER-NUMBER",
                "byteOffset": 10,
                "dataLength": 10,
                "byteLength": 10,
                "indexList": [],
                "parent": "CUSTOMER-KEY"
              }
            ]
          },
          {
            "level": 5,
            "depth": 3,
            "name": "CUSTOMER-NAME",
            "byteOffset": 20,
            "dataLength": 60,
            "byteLength": 60,
            "indexList": [],
            "parent": "CUSTOMER-RECORD"
          },
          {
            "level": 5,
            "depth": 3,
            "name": "CUSTOMER-ADDRESS",
            "byteOffset": 80,
            "dataLength": 160,
            "byteLength": 160,
            "indexList": [],
            "parent": "CUSTOMER-RECORD"
          },
          {
            "level": 5,
            "depth": 3,
            "name": "CUSTOMER-DATE-OF-BIRTH",
            "byteOffset": 240,
            "dataLength": 8,
            "byteLength": 8,
            "indexList": [],
            "parent": "CUSTOMER-RECORD"
          },
          {
            "level": 5,
            "depth": 3,
            "name": "CUSTOMER-DOB-GROUP",
            "redefines": "CUSTOMER-DATE-OF-BIRTH",
            "byteOffset": 240,
            "dataLength": 8,
            "byteLength": 8,
            "indexList": [],
            "parent": "CUSTOMER-RECORD",
            "topRoot": "WS-CUST-DATA",
            "children": [
              {
                "level": 7,
                "depth": 4,
                "name": "CUSTOMER-BIRTH-DAY",
                "byteOffset": 240,
                "dataLength": 2,
                "byteLength": 2,
                "indexList": [],
                "parent": "CUSTOMER-DOB-GROUP"
              },
              {
                "level": 7,
                "depth": 4,
                "name": "CUSTOMER-BIRTH-MONTH",
                "byteOffset": 242,
                "dataLength": 2,
                "byteLength": 2,
                "indexList": [],
                "parent": "CUSTOMER-DOB-GROUP"
              },
              {
                "level": 7,
                "depth": 4,
                "name": "CUSTOMER-BIRTH-YEAR",
                "byteOffset": 244,
                "dataLength": 4,
                "byteLength": 4,
                "indexList": [],
                "parent": "CUSTOMER-DOB-GROUP"
              }
            ]
          },
          {
            "level": 5,
            "depth": 3,
            "name": "CUSTOMER-CREDIT-SCORE",
            "byteOffset": 248,
            "dataLength": 3,
            "byteLength": 3,
            "indexList": [],
            "parent": "CUSTOMER-RECORD"
          },
          {
            "level": 5,
            "depth": 3,
            "name": "CUSTOMER-CS-REVIEW-DATE",
            "byteOffset": 251,
            "dataLength": 8,
            "byteLength": 8,
            "indexList": [],
            "parent": "CUSTOMER-RECORD"
          },
          {
            "level": 5,
            "depth": 3,
            "name": "CUSTOMER-CS-GROUP",
            "redefines": "CUSTOMER-CS-REVIEW-DATE",
            "byteOffset": 251,
            "dataLength": 8,
            "byteLength": 8,
            "indexList": [],
            "parent": "CUSTOMER-RECORD",
            "topRoot": "WS-CUST-DATA",
            "children": [
              {
                "level": 7,
                "depth": 4,
                "name": "CUSTOMER-CS-REVIEW-DAY",
                "byteOffset": 251,
                "dataLength": 2,
                "byteLength": 2,
                "indexList": [],
                "parent": "CUSTOMER-CS-GROUP"
              },
              {
                "level": 7,
                "depth": 4,
                "name": "CUSTOMER-CS-REVIEW-MONTH",
                "byteOffset": 253,
                "dataLength": 2,
                "byteLength": 2,
                "indexList": [],
                "parent": "CUSTOMER-CS-GROUP"
              },
              {
                "level": 7,
                "depth": 4,
                "name": "CUSTOMER-CS-REVIEW-YEAR",
                "byteOffset": 255,
                "dataLength": 4,
                "byteLength": 4,
                "indexList": [],
                "parent": "CUSTOMER-CS-GROUP"
              }
            ]
          }
        ]
      }
    ]
  },
  {
    "level": 1,
    "depth": 1,
    "name": "WS-EIBTASKN12",
    "byteOffset": 0,
    "dataLength": 12,
    "byteLength": 12,
    "indexList": [],
    "values": [
      "0"
    ]
  },
  {
    "level": 1,
    "depth": 1,
    "name": "WS-SQLCODE-DISP",
    "byteOffset": 0,
    "dataLength": 9,
    "byteLength": 9,
    "indexList": [],
    "values": [
      "0"
    ]
  },
  {
    "level": 1,
    "depth": 1,
    "name": "DESIRED-CUST-KEY",
    "byteOffset": 0,
    "dataLength": 16,
    "byteLength": 16,
    "indexList": [],
    "children": [
      {
        "level": 3,
        "depth": 2,
        "name": "DESIRED-SORT-CODE",
        "byteOffset": 0,
        "dataLength": 6,
        "byteLength": 6,
        "indexList": [],
        "parent": "DESIRED-CUST-KEY"
      },
      {
        "level": 3,
        "depth": 2,
        "name": "DESIRED-CUSTNO",
        "byteOffset": 6,
        "dataLength": 10,
        "byteLength": 10,
        "indexList": [],
        "parent": "DESIRED-CUST-KEY"
      }
    ]
  },
  {
    "level": 1,
    "depth": 1,
    "name": "WS-CUST-REC-LEN",
    "byteOffset": 0,
    "dataLength": 4,
    "byteLength": 2,
    "fieldCompression": "computational",
    "indexList": [],
    "values": [
      "0"
    ]
  },
  {
    "level": 1,
    "depth": 1,
    "name": "WS-U-TIME",
    "byteOffset": 0,
    "dataLength": 15,
    "byteLength": 8,
    "fieldCompression": "computational-3",
    "indexList": []
  },
  {
    "level": 1,
    "depth": 1,
    "name": "WS-ORIG-DATE",
    "byteOffset": 0,
    "dataLength": 10,
    "byteLength": 10,
    "indexList": []
  },
  {
    "level": 1,
    "depth": 1,
    "name": "WS-ORIG-DATE-GRP",
    "redefines": "WS-ORIG-DATE",
    "byteOffset": 0,
    "dataLength": 10,
    "byteLength": 10,
    "indexList": [],
    "topRoot": "WS-ORIG-DATE",
    "children": [
      {
        "level": 3,
        "depth": 2,
        "name": "WS-ORIG-DATE-DD",
        "byteOffset": 0,
        "dataLength": 2,
        "byteLength": 2,
        "indexList": [],
        "parent": "WS-ORIG-DATE-GRP"
      },
      {
        "level": 3,
        "depth": 2,
        "name": "FILLER%41",
        "byteOffset": 2,
        "dataLength": 1,
        "byteLength": 1,
        "indexList": [],
        "parent": "WS-ORIG-DATE-GRP"
      },
      {
        "level": 3,
        "depth": 2,
        "name": "WS-ORIG-DATE-MM",
        "byteOffset": 3,
        "dataLength": 2,
        "byteLength": 2,
        "indexList": [],
        "parent": "WS-ORIG-DATE-GRP"
      },
      {
        "level": 3,
        "depth": 2,
        "name": "FILLER%43",
        "byteOffset": 5,
        "dataLength": 1,
        "byteLength": 1,
        "indexList": [],
        "parent": "WS-ORIG-DATE-GRP"
      },
      {
        "level": 3,
        "depth": 2,
        "name": "WS-ORIG-DATE-YYYY",
        "byteOffset": 6,
        "dataLength": 4,
        "byteLength": 4,
        "indexList": [],
        "parent": "WS-ORIG-DATE-GRP"
      }
    ]
  },
  {
    "level": 1,
    "depth": 1,
    "name": "WS-ORIG-DATE-GRP-X",
    "byteOffset": 0,
    "dataLength": 10,
    "byteLength": 10,
    "indexList": [],
    "children": [
      {
        "level": 3,
        "depth": 2,
        "name": "WS-ORIG-DATE-DD-X",
        "byteOffset": 0,
        "dataLength": 2,
        "byteLength": 2,
        "indexList": [],
        "parent": "WS-ORIG-DATE-GRP-X"
      },
      {
        "level": 3,
        "depth": 2,
        "name": "FILLER%47",
        "byteOffset": 2,
        "dataLength": 1,
        "byteLength": 1,
        "indexList": [],
        "parent": "WS-ORIG-DATE-GRP-X",
        "values": [
          "."
        ]
      },
      {
        "level": 3,
        "depth": 2,
        "name": "WS-ORIG-DATE-MM-X",
        "byteOffset": 3,
        "dataLength": 2,
        "byteLength": 2,
        "indexList": [],
        "parent": "WS-ORIG-DATE-GRP-X"
      },
      {
        "level": 3,
        "depth": 2,
        "name": "FILLER%49",
        "byteOffset": 5,
        "dataLength": 1,
        "byteLength": 1,
        "indexList": [],
        "parent": "WS-ORIG-DATE-GRP-X",
        "values": [
          "."
        ]
      },
      {
        "level": 3,
        "depth": 2,
        "name": "WS-ORIG-DATE-YYYY-X",
        "byteOffset": 6,
        "dataLength": 4,
        "byteLength": 4,
        "indexList": [],
        "parent": "WS-ORIG-DATE-GRP-X"
      }
    ]
  },
  {
    "level": 1,
    "depth": 1,
    "name": "REJ-REASON",
    "byteOffset": 0,
    "dataLength": 2,
    "byteLength": 2,
    "indexList": [],
    "values": [
      "SPACES"
    ]
  },
  {
    "level": 1,
    "depth": 1,
    "name": "WS-PASSED-DATA",
    "byteOffset": 0,
    "dataLength": 13,
    "byteLength": 13,
    "indexList": [],
    "children": [
      {
        "level": 2,
        "depth": 2,
        "name": "WS-TEST-KEY",
        "byteOffset": 0,
        "dataLength": 4,
        "byteLength": 4,
        "indexList": [],
        "parent": "WS-PASSED-DATA"
      },
      {
        "level": 2,
        "depth": 2,
        "name": "WS-SORT-CODE",
        "byteOffset": 4,
        "dataLength": 6,
        "byteLength": 6,
        "indexList": [],
        "parent": "WS-PASSED-DATA"
      },
      {
        "level": 2,
        "depth": 2,
        "name": "WS-CUSTOMER-RANGE",
        "byteOffset": 10,
        "dataLength": 3,
        "byteLength": 3,
        "indexList": [],
        "parent": "WS-PASSED-DATA",
        "children": [
          {
            "level": 7,
            "depth": 3,
            "name": "WS-CUSTOMER-RANGE-TOP",
            "byteOffset": 10,
            "dataLength": 1,
            "byteLength": 1,
            "indexList": [],
            "parent": "WS-CUSTOMER-RANGE"
          },
          {
            "level": 7,
            "depth": 3,
            "name": "WS-CUSTOMER-RANGE-MIDDLE",
            "byteOffset": 11,
            "dataLength": 1,
            "byteLength": 1,
            "indexList": [],
            "parent": "WS-CUSTOMER-RANGE"
          },
          {
            "level": 7,
            "depth": 3,
            "name": "WS-CUSTOMER-RANGE-BOTTOM",
            "byteOffset": 12,
            "dataLength": 1,
            "byteLength": 1,
            "indexList": [],
            "parent": "WS-CUSTOMER-RANGE"
          }
        ]
      }
    ]
  },
  {
    "level": 1,
    "depth": 1,
    "name": "WS-SORT-DIV",
    "byteOffset": 0,
    "dataLength": 6,
    "byteLength": 6,
    "indexList": [],
    "children": [
      {
        "level": 3,
        "depth": 2,
        "name": "WS-SORT-DIV1",
        "byteOffset": 0,
        "dataLength": 2,
        "byteLength": 2,
        "indexList": [],
        "parent": "WS-SORT-DIV"
      },
      {
        "level": 3,
        "depth": 2,
        "name": "WS-SORT-DIV2",
        "byteOffset": 2,
        "dataLength": 2,
        "byteLength": 2,
        "indexList": [],
        "parent": "WS-SORT-DIV"
      },
      {
        "level": 3,
        "depth": 2,
        "name": "WS-SORT-DIV3",
        "byteOffset": 4,
        "dataLength": 2,
        "byteLength": 2,
        "indexList": [],
        "parent": "WS-SORT-DIV"
      }
    ]
  },
  {
    "level": 1,
    "depth": 1,
    "name": "CUSTOMER-KY",
    "byteOffset": 0,
    "dataLength": 14,
    "byteLength": 14,
    "indexList": [],
    "children": [
      {
        "level": 3,
        "depth": 2,
        "name": "REQUIRED-SORT-CODE",
        "byteOffset": 0,
        "dataLength": 6,
        "byteLength": 6,
        "indexList": [],
        "parent": "CUSTOMER-KY",
        "values": [
          "0"
        ]
      },
      {
        "level": 3,
        "depth": 2,
        "name": "REQUIRED-ACC-NUM",
        "byteOffset": 6,
        "dataLength": 8,
        "byteLength": 8,
        "indexList": [],
        "parent": "CUSTOMER-KY",
        "values": [
          "0"
        ]
      }
    ]
  },
  {
    "level": 1,
    "depth": 1,
    "name": "STORM-DRAIN-CONDITION",
    "byteOffset": 0,
    "dataLength": 20,
    "byteLength": 20,
    "indexList": []
  },
  {
    "level": 1,
    "depth": 1,
    "name": "WS-UNSTR-TITLE",
    "byteOffset": 0,
    "dataLength": 9,
    "byteLength": 9,
    "indexList": [],
    "values": [
      " "
    ]
  },
  {
    "level": 1,
    "depth": 1,
    "name": "WS-TITLE-VALID",
    "byteOffset": 0,
    "dataLength": 1,
    "byteLength": 1,
    "indexList": []
  },
  {
    "level": 1,
    "depth": 1,
    "name": "WS-TIME-DATA",
    "byteOffset": 0,
    "dataLength": 6,
    "byteLength": 6,
    "indexList": [],
    "children": [
      {
        "level": 3,
        "depth": 2,
        "name": "WS-TIME-NOW",
        "byteOffset": 0,
        "dataLength": 6,
        "byteLength": 6,
        "indexList": [],
        "parent": "WS-TIME-DATA"
      },
      {
        "level": 3,
        "depth": 2,
        "name": "WS-TIME-NOW-GRP",
        "redefines": "WS-TIME-NOW",
        "byteOffset": 0,
        "dataLength": 6,
        "byteLength": 6,
        "indexList": [],
        "parent": "WS-TIME-DATA",
        "topRoot": "WS-TIME-DATA",
        "children": [
          {
            "level": 5,
            "depth": 3,
            "name": "WS-TIME-NOW-GRP-HH",
            "byteOffset": 0,
            "dataLength": 2,
            "byteLength": 2,
            "indexList": [],
            "parent": "WS-TIME-NOW-GRP"
          },
          {
            "level": 5,
            "depth": 3,
            "name": "WS-TIME-NOW-GRP-MM",
            "byteOffset": 2,
            "dataLength": 2,
            "byteLength": 2,
            "indexList": [],
            "parent": "WS-TIME-NOW-GRP"
          },
          {
            "level": 5,
            "depth": 3,
            "name": "WS-TIME-NOW-GRP-SS",
            "byteOffset": 4,
            "dataLength": 2,
            "byteLength": 2,
            "indexList": [],
            "parent": "WS-TIME-NOW-GRP"
          }
        ]
      }
    ]
  },
  {
    "level": 1,
    "depth": 1,
    "name": "WS-ABEND-PGM",
    "byteOffset": 0,
    "dataLength": 8,
    "byteLength": 8,
    "indexList": [],
    "values": [
      "ABNDPROC"
    ]
  },
  {
    "level": 1,
    "depth": 1,
    "name": "ABNDINFO-REC",
    "byteOffset": 0,
    "dataLength": 685,
    "byteLength": 678,
    "indexList": [],
    "children": [
      {
        "level": 3,
        "depth": 2,
        "name": "ABND-VSAM-KEY",
        "byteOffset": 0,
        "dataLength": 19,
        "byteLength": 12,
        "indexList": [],
        "parent": "ABNDINFO-REC",
        "children": [
          {
            "level": 5,
            "depth": 3,
            "name": "ABND-UTIME-KEY",
            "byteOffset": 0,
            "dataLength": 15,
            "byteLength": 8,
            "fieldCompression": "computational-3",
            "indexList": [],
            "parent": "ABND-VSAM-KEY"
          },
          {
            "level": 5,
            "depth": 3,
            "name": "ABND-TASKNO-KEY",
            "byteOffset": 8,
            "dataLength": 4,
            "byteLength": 4,
            "indexList": [],
            "parent": "ABND-VSAM-KEY"
          }
        ]
      },
      {
        "level": 3,
        "depth": 2,
        "name": "ABND-APPLID",
        "byteOffset": 12,
        "dataLength": 8,
        "byteLength": 8,
        "indexList": [],
        "parent": "ABNDINFO-REC"
      },
      {
        "level": 3,
        "depth": 2,
        "name": "ABND-TRANID",
        "byteOffset": 20,
        "dataLength": 4,
        "byteLength": 4,
        "indexList": [],
        "parent": "ABNDINFO-REC"
      },
      {
        "level": 3,
        "depth": 2,
        "name": "ABND-DATE",
        "byteOffset": 24,
        "dataLength": 10,
        "byteLength": 10,
        "indexList": [],
        "parent": "ABNDINFO-REC"
      },
      {
        "level": 3,
        "depth": 2,
        "name": "ABND-TIME",
        "byteOffset": 34,
        "dataLength": 8,
        "byteLength": 8,
        "indexList": [],
        "parent": "ABNDINFO-REC"
      },
      {
        "level": 3,
        "depth": 2,
        "name": "ABND-CODE",
        "byteOffset": 42,
        "dataLength": 4,
        "byteLength": 4,
        "indexList": [],
        "parent": "ABNDINFO-REC"
      },
      {
        "level": 3,
        "depth": 2,
        "name": "ABND-PROGRAM",
        "byteOffset": 46,
        "dataLength": 8,
        "byteLength": 8,
        "indexList": [],
        "parent": "ABNDINFO-REC"
      },
      {
        "level": 3,
        "depth": 2,
        "name": "ABND-RESPCODE",
        "byteOffset": 54,
        "dataLength": 8,
        "byteLength": 8,
        "indexList": [],
        "parent": "ABNDINFO-REC"
      },
      {
        "level": 3,
        "depth": 2,
        "name": "ABND-RESP2CODE",
        "byteOffset": 62,
        "dataLength": 8,
        "byteLength": 8,
        "indexList": [],
        "parent": "ABNDINFO-REC"
      },
      {
        "level": 3,
        "depth": 2,
        "name": "ABND-SQLCODE",
        "byteOffset": 70,
        "dataLength": 8,
        "byteLength": 8,
        "indexList": [],
        "parent": "ABNDINFO-REC"
      },
      {
        "level": 3,
        "depth": 2,
        "name": "ABND-FREEFORM",
        "byteOffset": 78,
        "dataLength": 600,
        "byteLength": 600,
        "indexList": [],
        "parent": "ABNDINFO-REC"
      }
    ]
  },
  {
    "level": 1,
    "depth": 1,
    "name": "DFHCOMMAREA",
    "byteOffset": 0,
    "dataLength": 261,
    "byteLength": 261,
    "indexList": [],
    "children": [
      {
        "level": 3,
        "depth": 2,
        "name": "COMM-EYE",
        "byteOffset": 0,
        "dataLength": 4,
        "byteLength": 4,
        "indexList": [],
        "parent": "DFHCOMMAREA"
      },
      {
        "level": 3,
        "depth": 2,
        "name": "COMM-SCODE",
        "byteOffset": 4,
        "dataLength": 6,
        "byteLength": 6,
        "indexList": [],
        "parent": "DFHCOMMAREA"
      },
      {
        "level": 3,
        "depth": 2,
        "name": "COMM-CUSTNO",
        "byteOffset": 10,
        "dataLength": 10,
        "byteLength": 10,
        "indexList": [],
        "parent": "DFHCOMMAREA"
      },
      {
        "level": 3,
        "depth": 2,
        "name": "COMM-NAME",
        "byteOffset": 20,
        "dataLength": 60,
        "byteLength": 60,
        "indexList": [],
        "parent": "DFHCOMMAREA"
      },
      {
        "level": 3,
        "depth": 2,
        "name": "COMM-ADDR",
        "byteOffset": 80,
        "dataLength": 160,
        "byteLength": 160,
        "indexList": [],
        "parent": "DFHCOMMAREA"
      },
      {
        "level": 3,
        "depth": 2,
        "name": "COMM-DOB",
        "byteOffset": 240,
        "dataLength": 8,
        "byteLength": 8,
        "indexList": [],
        "parent": "DFHCOMMAREA"
      },
      {
        "level": 3,
        "depth": 2,
        "name": "COMM-DOB-GROUP",
        "redefines": "COMM-DOB",
        "byteOffset": 240,
        "dataLength": 8,
        "byteLength": 8,
        "indexList": [],
        "parent": "DFHCOMMAREA",
        "topRoot": "DFHCOMMAREA",
        "children": [
          {
            "level": 5,
            "depth": 3,
            "name": "COMM-BIRTH-DAY",
            "byteOffset": 240,
            "dataLength": 2,
            "byteLength": 2,
            "indexList": [],
            "parent": "COMM-DOB-GROUP"
          },
          {
            "level": 5,
            "depth": 3,
            "name": "COMM-BIRTH-MONTH",
            "byteOffset": 242,
            "dataLength": 2,
            "byteLength": 2,
            "indexList": [],
            "parent": "COMM-DOB-GROUP"
          },
          {
            "level": 5,
            "depth": 3,
            "name": "COMM-BIRTH-YEAR",
            "byteOffset": 244,
            "dataLength": 4,
            "byteLength": 4,
            "indexList": [],
            "parent": "COMM-DOB-GROUP"
          }
        ]
      },
      {
        "level": 3,
        "depth": 2,
        "name": "COMM-CREDIT-SCORE",
        "byteOffset": 248,
        "dataLength": 3,
        "byteLength": 3,
        "indexList": [],
        "parent": "DFHCOMMAREA"
      },
      {
        "level": 3,
        "depth": 2,
        "name": "COMM-CS-REVIEW-DATE",
        "byteOffset": 251,
        "dataLength": 8,
        "byteLength": 8,
        "indexList": [],
        "parent": "DFHCOMMAREA"
      },
      {
        "level": 3,
        "depth": 2,
        "name": "COMM-CS-GROUP",
        "redefines": "COMM-CS-REVIEW-DATE",
        "byteOffset": 251,
        "dataLength": 8,
        "byteLength": 8,
        "indexList": [],
        "parent": "DFHCOMMAREA",
        "topRoot": "DFHCOMMAREA",
        "children": [
          {
            "level": 5,
            "depth": 3,
            "name": "COMM-CS-DAY",
            "byteOffset": 251,
            "dataLength": 2,
            "byteLength": 2,
            "indexList": [],
            "parent": "COMM-CS-GROUP"
          },
          {
            "level": 5,
            "depth": 3,
            "name": "COMM-CS-MONTH",
            "byteOffset": 253,
            "dataLength": 2,
            "byteLength": 2,
            "indexList": [],
            "parent": "COMM-CS-GROUP"
          },
          {
            "level": 5,
            "depth": 3,
            "name": "COMM-CS-YEAR",
            "byteOffset": 255,
            "dataLength": 4,
            "byteLength": 4,
            "indexList": [],
            "parent": "COMM-CS-GROUP"
          }
        ]
      },
      {
        "level": 3,
        "depth": 2,
        "name": "COMM-UPD-SUCCESS",
        "byteOffset": 259,
        "dataLength": 1,
        "byteLength": 1,
        "indexList": [],
        "parent": "DFHCOMMAREA"
      },
      {
        "level": 3,
        "depth": 2,
        "name": "COMM-UPD-FAIL-CD",
        "byteOffset": 260,
        "dataLength": 1,
        "byteLength": 1,
        "indexList": [],
        "parent": "DFHCOMMAREA"
      }
    ]
  }
]